vestir + presente	vestir	presente	visto	vestes	veste	vestimos	vestem	/ˈviʃ.tu/	/ˈveʃ.tɐʃ/	/ˈveʃ.ti/	/veʃˈti.muʃ/	/ˈveʃ.tẽj̃/
despir + presente	despir	presente	dispo	despes	dispe	despimos	despem	/ˈdiʃ.pu/	/ˈdiʃ.pɐʃ/	/ˈdiʃ.pi/	/diʃˈpi.muʃ/	/ˈdiʃ.pẽj̃/
sentir + presente	sentir	presente	sinto	sentes	sente	sentimos	sentem	/ˈsẽ.ti/	/ˈsẽ.tɐʃ/	/ˈsẽ.ti/	/sẽˈti.muʃ/	/ˈsẽ.tẽj̃/
preferir + presente	preferir	presente	prefiro	preferes	prefere	preferimos	preferem	/pɾeˈfi.ɾu/	/pɾɨˈfe.ɾɨʃ/	/pɾɨˈfe.ɾɨ/	 /pɾɨˈfe.ɾi.muʃ/	/pɾɨˈfe.ɾẽj̃/
conseguir + presente	conseguir	presente	consigo	consegues	consegue	conseguimos	conseguem	/kõˈse.giʁ/	/kõˈse.ɡɐʃ/	/kõˈse.ɡi/	/kõ.seˈɡi.muʃ/	/kõˈse.ɡẽj̃/
seguir + presente	seguir	presente	sigo	seguis	segue	seguimos	seguem	/ˈsi.ɡu/	/ˈsi.ɡɐʃ/	/ˈsi.ɡi/	/siˈɡi.muʃ/	/ˈsi.ɡẽj̃/
corrigir + presente	corrigir	presente	corrijo	corriges	corrige	corrigimos	corrigem	  	/kɔˈʁi.ʒɐʃ/	/kɔˈʁi.ʒi/	/ko.ʁiˈʒi.muʃ/	/kɔˈʁi.ʒẽj̃/
dirigir + presente	dirigir	presente	dirijo	diriges	dirige	dirigimos	dirigem	/di.ɾiˈʒiɾ/	/di.ɾiˈʒiɾʃ/	/di.ɾiˈʒi/	/di.ɾiˈʒi.muʃ/	/di.ɾiˈʒẽj̃/
abrir + presente	abrir	presente	abro	abres	abre	abrimos	abrem	/ˈa.bɾi/	/ˈa.bɾiʃ/	/ˈa.bɾi/	/ɐˈbɾi.muʃ/	/ˈa.bɾẽj̃/
partir + presente	partir	presente	parto	partes	parte	partimos	partem	/paɾˈtiɾ/	/paɾˈtiɾʃ/	/paɾˈti/	/paɾˈti.muʃ/	/paɾˈtẽj̃/
servir + presente	servir	presente	sirvo	serves	serve	servimos	servem	/sɛɾˈviɾ/	/sɛɾˈviɾʃ/	/sɛɾˈvi/	/sɛɾˈvi.muʃ/	/sɛɾˈvẽj̃/
discutir + presente	discutir	presente	discuto	discutes	discute	discutimos	discutem	/diʃkuˈtiʁ/	/diʃkuˈtiʁʃ/	/diʃkuˈti/	/diʃkuˈti.muʃ/	/diʃkuˈtẽj̃/
admitir + presente	admitir	presente	admito	admites	admite	admitimos	admitem	/admiˈtiʁ/	/admiˈtiʁʃ/	/admiˈti/	/admiˈti.muʃ/	/admiˈtẽj̃/
conduzir + presente	conduzir	presente	conduzo	conduzes	conduz	conduzimos	conduzem	/kõˈdu.zu/	/kõˈdu.zɨʃ/	/kõˈduz/	/kõˈduzi.muʃ/	/kõˈduzẽj̃/
traduzir + presente	traduzir	presente	traduzo	traduzes	traduz	traduzimos	traduzem	/tɾɐˈdu.zu/	/tɾɐˈdu.zɨʃ/	/tɾɐˈduz/	/tɾɐˈduzi.muʃ/	/tɾɐˈduzẽj̃/
introduzir + presente	introduzir	presente	introduzo	introduzes	introduz	introduzimos	introduzem	/ĩ.tɾu.ˈdu.zu/	/ĩ.tɾu.duˈzɨʃ/	/ĩ.tɾuˈduz/	/ĩ.tɾuˈduzi.muʃ/	/ĩ.tɾuˈduzẽj̃/
reunir + presente	reunir	presente	reúne	reúnes	reúne	reunimos	reúnem	/ˈʁɐj.ni/	/ˈʁɐj.niʃ/	/ˈʁɐj.ni/	/ʁɐj.ˈni.muʃ/	/ˈʁɐj.nẽj̃/
dividir + presente	dividir	presente	divido	divides	divide	dividimos	dividem	/di.ˈvi.du/	/di.ˈvi.ðɨʃ/	/di.ˈvi.dɨ/	/di.ˈvi.ði.muʃ/	/di.ˈvi.ðẽj̃/
permitir + presente	permitir	presente	permito	permites	permite	permitimos	permitem	/pɛɾ.ˈmi.tu/	/pɛɾ.ˈmi.tɨʃ/	/pɛɾ.ˈmi.tɨ/	/pɛɾ.ˈmi.ti.muʃ/	/pɛɾ.ˈmi.tẽj̃/
repetir + presente	repetir	presente	repito	repetes	repete	repetimos	repetem	/ʁɨ.ˈpi.tu/	/ʁɨ.ˈpi.tɨʃ/	/ʁɨ.ˈpi.tɨ/	/ʁɨ.ˈpi.ti.muʃ/	/ʁɨ.ˈpi.tẽj̃/
assistir + presente	assistir	presente	assisto	assistes	assiste	assistimos	assistem	/ɐ.ˈsiʃ.tu/	/ɐ.ˈsiʃ.tɨʃ/	/ɐ.ˈsiʃ.tɨ/	/ɐ.ˈsiʃ.ti.muʃ/	/ɐ.ˈsiʃ.tẽj̃/
vivir + presente	viver	presente	vivo	vives	vive	vivemos	vivem	/ˈvi.vu/	/ˈvi.vɨʃ/	/ˈvi.vi/	/ˈvi.vi.muʃ/	/ˈvi.vẽj̃/
cumprir + presente	cumprir	presente	cumpro	cumpres	cumpre	cumprimos	cumprem	/kũ.ˈpɾu/	/kũ.ˈpɾɨʃ/	/kũ.ˈpɾɨ/	/kũ.ˈpɾi.muʃ/	/kũ.ˈpɾẽj̃/
curtir + presente	curtir	presente	curto	curtes	curte	curtimos	curtem	/ˈkuɾ.tu/	/ˈkuɾ.tɨʃ/	/ˈkuɾ.tɨ/	/ˈkuɾ.ti.muʃ/	/ˈkuɾ.tẽj̃/
desistir + presente	desistir	presente	desisto	desistes	desiste	desistimos	desistem	/dɨ.ˈziʃ.tu/	/dɨ.ˈziʃ.tɨʃ/	/dɨ.ˈziʃ.tɨ/	/dɨ.ˈziʃ.ti.muʃ/	/dɨ.ˈziʃ.tẽj̃/
discutir + presente	discutir	presente	discuto	discutes	discute	discutimos	discutem	/diʃ.ˈku.tu/	/diʃ.ˈku.tɨʃ/	/diʃ.ˈku.tɨ/	/diʃ.ˈku.ti.muʃ/	/diʃ.ˈku.tẽj̃/
imprimir + presente	imprimir	presente	imprimo	imprimes	imprime	imprimimos	imprimem	/ĩ.ˈpɾi.mu/	/ĩ.ˈpɾi.miʃ/	/ĩ.ˈpɾi.mi/	/ĩ.ˈpɾi.mi.muʃ/	/ĩ.ˈpɾi.mẽj̃/
abrir + presente	abrir	presente	abro	abres	abre	abrimos	abrem	/ˈa.bɾu/	/ˈa.bɾɨʃ/	/ˈa.bɾɨ/	/ɐ.ˈbɾi.muʃ/	/ˈa.bɾẽj̃/
admitir + presente	admitir	presente	admito	admites	admite	admitimos	admitem	/ɐdˈmi.tu/	/ɐdˈmi.tɨʃ/	/ɐdˈmi.tɨ/	/ɐdˈmi.ti.muʃ/	/ɐdˈmi.tẽj̃/
partir + presente	partir	presente	parto	partes	parte	partimos	partem	/ˈpaɾ.tu/	/ˈpaɾ.tɨʃ/	/ˈpaɾ.tɨ/	/paɾˈti.muʃ/	/ˈpaɾ.tẽj̃/
resumir + presente	resumir	presente	resumo	resumes	resume	resumimos	resumem	/ʁɨˈzu.mu/	/ʁɨˈzu.muʃ/	/ʁɨˈzu.mi/	/ʁɨzuˈmi.muʃ/	/ʁɨzuˈmẽj̃/
permitir + presente	permitir	presente	permito	permites	permite	permitimos	permitem	/pɛɾˈmi.tu/	/pɛɾ.miˈtiʃ/	/pɛɾˈmi.tɨ/	/pɛɾmiˈti.muʃ/	/pɛɾmiˈtẽj̃/
decidir + presente	decidir	presente	decido	decides	decide	decidimos	decidem	/dɨˈsi.du/	/dɨ.siˈdiʃ/	/dɨˈsi.dɨ/	/dɨsiˈdi.muʃ/	/dɨˈsi.dẽj̃/
servir + presente	servir	presente	sirvo	serves	serve	servimos	servem	/ˈsiɾ.vu/	/sɛɾˈviʃ/	/sɛɾˈvi/	/sɛɾˈvi.muʃ/	/sɛɾˈvẽj̃/
dividir + presente	dividir	presente	divido	divides	divide	dividimos	dividem	/diˈvi.du/	/di.viˈdiʃ/	/diˈvi.dɨ/	/di.viˈdi.muʃ/	/di.viˈdẽj̃/
conhecer + presente	conhecer	presente	conheço	conheces	conhece	conhecemos	conhecem	/ˈkõ.ɛsu/	/kõˈɛʃiʃ/	/kõˈɛ.si/	/kõˈɛʃi.muʃ/	/kõˈɛʃẽj̃/
descer + presente	descer	presente	desço	desces	desce	descemos	descem	/ˈdeʃu/	/ˈdeʃiʃ/	/ˈdeʃi/	/ˈdeʃi.muʃ/	/ˈdeʃẽj̃/
esquecer + presente	esquecer	presente	esqueço	esqueces	esquece	esquecemos	esquecem	/ɨʃˈkɛsu/	/ɨʃ.kɛˈseʃ/	/ɨʃˈkɛ.si/	/ɨʃkɛˈse.muʃ/	/ɨʃ.kɛˈsẽj̃/
aquecer + presente	aquecer	presente	aqueço	aqueces	aquece	aquecemos	aquecem	/ɐˈkɛsu/	/ɐ.kɛˈseʃ/	/ɐ.kɛˈsi/	/ɐkɛˈse.muʃ/	/ɐkɛˈsẽj̃/
parecer + presente	parecer	presente	pareço	pareces	parece	parecemos	parecem	/pɐˈɾɛsu/	/pɐˈɾɛʃiʃ/	/pɐˈɾɛ.si/	/paˈɾɛ.si.muʃ/	/paˈɾɛ.sẽj̃/
crescer + presente	crescer	presente	cresço	cresces	cresce	crescemos	crescem	/ˈkɾɛʃu/	/ˈkɾɛʃiʃ/	/ˈkɾɛ.ʃi/	/ˈkɾɛ.ʃi.muʃ/	/ˈkɾɛ.ʃẽj̃/
abranger + presente	abranger	presente	abrangro	abrangres	abrangre	abrangemos	abrangem	/ɐˈbɾɐ̃ɡɾu/	/ɐˈbɾɐ̃ɡɾiʃ/	/ɐ.bɾɐ̃jˈgɾɨ/	/ɐbɾɐ̃ˈʒɛ.muʃ/	/ɐbɾɐ̃ˈʒẽj̃/
proteger + presente	proteger	presente	protejo	proteges	protege	protegemos	protegem	/pɾuˈtɛʒu/	/pɾuˈtɛʒiʃ/	/pɾuˈtɛ.ʒɨ/	/pɾuˈtɛʒi.muʃ/	/pɾuˈtɛʒẽj̃/
entender + presente	entender	presente	entendo	entendes	entende	entendemos	entendem	/ẽˈtẽdu/	/ẽˈtẽdiʃ/	/ẽˈtẽ.dɨ/	/ẽˈtẽ.di.muʃ/	/ẽˈtẽ.dẽj̃/
morrer + presente	morrer	presente	morro	morres	morre	morremos	morrem	/ˈmoʁu/	/ˈmoʁiʃ/	/ˈmo.ʁɨ/	/muˈʁe.muʃ/	/muˈʁẽj̃/
perceber + presente	perceber	presente	percebo	percebes	percebe	percebemos	percebem	/pɨɾˈsɛbu/	/pɨɾˈsɛbɨʃ/	/pɨɾˈsɛ.bɨ/	/pɨɾˈsɛbɨ.muʃ/	/pɨɾˈsɛ.bẽj̃/
beber + presente	beber	presente	bebo	bebes	bebe	bebemos	bebem	/ˈbebu/	/ˈbɛbiʃ/	/ˈbɛ.bɨ/	/ˈbɛ.be.muʃ/	/ˈbɛ.bẽj̃/
chover + presente	chover	presente	chovo	choves	chove	chovemos	chovem	/ˈʃovu/	/ˈʃoviʃ/	/ˈʃɔ.vɨ/	/ˈʃɔ.vi.muʃ/	/ˈʃɔ.vẽj̃/
compreender + presente	compreender	presente	compreendo	compreendes	compreende	compreendemos	compreendem	/kõpɾẽˈẽdu/	/kõpɾẽˈẽdiʃ/	/kõ.pɾẽˈẽ.dɨ/	/kõpɾẽˈẽ.di.muʃ/	/kõ.pɾẽˈẽ.dẽj̃/
aprender + presente	aprender	presente	aprendo	aprendes	aprende	aprendemos	aprendem	/apˈɾẽdu/	/apˈɾẽdiʃ/	/apˈɾẽ.dɨ/	/apˈɾẽ.di.muʃ/	/apˈɾẽ.dẽj̃/
viver + presente	viver	presente	vivo	vives	vive	vivemos	vivem	/ˈvivu/	/ˈviviʃ/	/ˈvi.vɨ/	/ˈvi.vi.muʃ/	/ˈvi.vẽj̃/
escrever + presente	escrever	presente	escrevo	escreves	escreve	escrevemos	escrevem	/ɨʃˈkɾɛvu/	/ɨʃˈkɾɛviʃ/	/ɨʃˈkɾɨ.vɨ/	/ɨʃkɾɨˈve.muʃ/	/ɨʃ.kɾɨˈvẽj̃/
resolver + presente	resolver	presente	resolvo	resolves	resolve	resolvemos	resolvem	/ʁɨˈzolvu/	/ʁɨˈzolvɨʃ/	/ʁɨˈzɔlvɨ/	/ʁɨ.zuˈlvɨ.muʃ/	/ʁɨ.zuˈlvẽj̃/
correr + presente	correr	presente	corro	corres	corre	corremos	correm	/ˈko.ʁu/	/ˈko.ʁɨʃ/	/ˈko.ʁɨ/	/koˈʁɛ.muʃ/	/ˈko.ʁẽj̃/
atender + presente	atender	presente	atendo	atendes	atende	atendemos	atendem	/aˈtẽdu/	/aˈtẽdɨʃ/	/aˈtẽdɨ/	/aˈtẽdɨ.muʃ/	/aˈtẽdẽj̃/
responder + presente	responder	presente	respondo	respondes	responde	respondemos	respondem	/ʁɨˈʃpõdu/	/ʁɨˈʃpõdɨʃ/	/ʁɨˈʃpõdɨ/	/ʁɨʃˈpõdɨ.muʃ/	/ʁɨˈʃpõdẽj̃/
receber + presente	receber	presente	recebo	recebes	recebe	recebemos	recebem	/ʁɨˈsɛbu/	/ʁɨˈsɛbɨʃ/	/ʁɨˈsɛbɨ/	/ʁɨʃˈsɛbɨ.muʃ/	/ʁɨˈsɛbẽj̃/
debater + presente	debater	presente	debato	debates	debate	debatemos	debatem	/dɨˈbatu/	/dɨˈbatɨʃ/	/dɨˈbatɨ/	/dɨbɐˈtɛ.muʃ/	/dɨˈbatẽj̃/
dever + presente	dever	presente	devo	deves	deve	devemos	devem	/ˈdɛvu/	/ˈdɛvɨʃ/	/ˈdɛvɨ/	/ˈdɛvɨ.muʃ/	/ˈdɛvẽj̃/
construir + presente	construir	presente	construo	constróis	constrói	construímos	constróem	/kõʃˈtɾuj.u/	/kõʃˈtɾu.ɨʃ/	/kõʃˈtɾu.ɨ/	/kõʃtɾuˈɨ.muʃ/	/kõʃˈtɾu.ẽj̃/
destruir + presente	destruir	presente	destruo	destrois	destroi	destruímos	destroem	/dɨʃˈtɾuj.u/	/dɨʃˈtɾu.ɨʃ/	/dɨʃˈtɾu.ɨ/	/dɨʃtɾuˈɨ.muʃ/	/dɨʃˈtɾu.ẽj̃/
substituir + presente	substituir	presente	substituo	substituis	substitui	substituímos	substituem	/suʃbɨʃˈtuj.u/	/suʃbɨʃˈtu.ɨʃ/	/suʃbɨʃˈtu.ɨ/	/suʃbɨʃtuˈɨ.muʃ/	/suʃbɨʃˈtu.ẽj̃/
distribuir + presente	distribuir	presente	distribuo	distribuis	distribui	distribuímos	distribuem	/diʃtɾiˈbuj.u/	/diʃtɾiˈbu.ɨʃ/	/diʃtɾiˈbu.ɨ/	/diʃtɾiˈbɨ.muʃ/	/diʃtɾiˈbu.ẽj̃/
atribuir + presente	atribuir	presente	atribuo	atribuis	atribui	atribuímos	atribuem	/ɐtɾiˈbuj.u/	/ɐtɾiˈbu.ɨʃ/	/ɐtɾiˈbu.ɨ/	/ɐtɾiˈbɨ.muʃ/	/ɐtɾiˈbu.ẽj̃/
constituir + presente	constituir	presente	constituo	constituís	constitui	constituímos	constituem	/kõʃtiˈtuj.u/	/kõʃtiˈtu.ɨʃ/	/kõʃtiˈtu.ɨ/	/kõʃtiˈtu.ɨ.muʃ/	/kõʃtiˈtu.ẽj̃/
retribuir + presente	retribuir	presente	retribuo	retribuis	retribui	retribuímos	retribuem	/ʁɨtɾiˈbuj.u/	/ʁɨtɾiˈbu.ɨʃ/	/ʁɨtɾiˈbu.ɨ/	/ʁɨtɾiˈbɨ.muʃ/	/ʁɨtɾiˈbu.ẽj̃/
sair + presente	sair	presente	saio	sais	sai	saímos	saem	/ˈsaju/	/ˈsɐʒuʃ/	/ˈsaju/	/ˈsajmuʃ/	/ˈsajẽj̃/
cair + presente	cair	presente	caio	cais	cai	caímos	caem	/ˈkaju/	/ˈkajuʃ/	/ˈkaju/	/ˈkajmuʃ/	/ˈkajẽj̃/
falar + presente	falar	presente	falo	falas	fala	falamos	falam	/ˈfalʊ/	/ˈfalɔʃ/	/ˈfalʊ/	/ˈfalɔmuʃ/	/ˈfalõj̃/
morar + presente	morar	presente	moro	moras	mora	moramos	moram	/ˈmɔɾu/	/ˈmɔɾuʃ/	/ˈmɔɾu/	/ˈmɔɾumuʃ/	/ˈmɔɾũj̃/
jogar + presente	jogar	presente	jogo	jogas	joga	jogamos	jogam	/ˈʒɔɡu/	/ˈʒɔɡuʃ/	/ˈʒɔɡu/	/ˈʒɔɡumuʃ/	/ˈʒɔɡũj̃/
tomar + presente	tomar	presente	tomo	tomas	toma	tomamos	tomam	/ˈtɔmu/	/ˈtɔmuʃ/	/ˈtɔmu/	/ˈtɔmu.muʃ/	/ˈtɔmũj̃/
brincar + presente	brincar	presente	brinco	brincas	brinca	brincamos	brincam	/ˈbɾĩku/	/ˈbɾĩkuʃ/	/ˈbɾĩku/	/ˈbɾĩkumuʃ/	/ˈbɾĩkũj̃/
almoçar + presente	almoçar	presente	almoço	almoças	almoça	almoçamos	almoçam	/ɐˈlmu.su/	/ɐˈlmuʃ/	/ɐˈlmu.su/	/ɐˈlmu.muʃ/	/ɐˈlmu.sũj̃/
lanchar + presente	lanchar	presente	lanço	lanças	lança	lançamos	lançam	/lɐ̃ˈsu/	/lɐ̃ʃuʃ/	/lɐ̃ˈsu/	/lɐ̃ˈsu.muʃ/	/lɐ̃ˈsũj̃/
jantar + presente	jantar	presente	janto	jantas	janta	jantamos	jantam	/ˈʒãtu/	/ˈʒɐ̃tuʃ/	/ˈʒãtu/	/ˈʒãtumuʃ/	/ˈʒãtũj̃/
comprar + presente	comprar	presente	compro	compras	compra	compramos	compram	/ˈkõpɾu/	/ˈkõpɾuʃ/	/ˈkõpɾu/	/ˈkõpɾumuʃ/	/ˈkõpɾũj̃/
gostar + presente	gostar	presente	gosto	gostas	gosta	gostamos	gostam	/ˈɡɔstu/	/ˈɡɔstuʃ/	/ˈɡɔstu/	/ˈɡɔstumuʃ/	/ˈɡɔstũj̃/
fechar + presente	fechar	presente	fecho	fechas	fecha	fechamos	fecham	/ˈfɛʃu/	/ˈfɛʃuʃ/	/ˈfɛʃu/	/ˈfɛʃumuʃ/	/ˈfɛʃũj̃/
trabalhar + presente	trabalhar	presente	trabalho	trabalhas	trabalha	trabalhamos	trabalham	/ˈtɾa.bɐ.ʎu/	/ˈtɾa.bɐ.ʎɐʃ/	/ˈtɾa.bɐ.ʎɐ/	/ˈtɾa.bɐ.ʎɐ.muʃ/	/ˈtɾa.bɐ.ʎɐ̃w̃/
ocupar + presente	ocupar	presente	ocupo	ocupas	ocupa	ocupamos	ocupam	/u.ˈku.pu/	/u.ˈku.puʃ/	/u.ˈku.pɐ/	/u.ˈku.pɐ.muʃ/	/u.ˈku.pɐ̃w̃/
practicar + presente	praticar	presente	pratico	praticas	pratica	praticamos	praticam	/pɾɐ.ˈti.ku/	/pɾɐ.ˈti.kuʃ/	/pɾɐ.ˈti.ka/	/pɾɐ.ˈti.ka.muʃ/	/pɾɐ.ˈti.kɐ̃w̃/
ganhar + presente	ganhar	presente	ganho	ganhas	ganha	ganhamos	ganham	/ˈɡɐ.ɲu/	/ˈɡɐ.ɲɐʃ/	/ˈɡɐ.ɲɐ/	/ˈɡɐ.ɲɐ.muʃ/	/ˈɡɐ.ɲɐ̃w̃/
acordar + presente	acordar	presente	acordo	acordas	acorda	acordamos	acordam	/ɐ.ˈkoɾ.du/	/ɐ.ˈkoɾ.dɐʃ/	/ɐ.ˈkoɾ.dɐ/	/ɐ.ˈkoɾ.dɐ.muʃ/	/ɐ.ˈkoɾ.dɐ̃w̃/
apanhar + presente	apanhar	presente	apanho	apanhas	apanha	apanhamos	apanham	/ɐ.ˈpɐ.ɲu/	/ɐ.ˈpɐ.ɲɐʃ/	/ɐ.ˈpɐ.ɲɐ/	/ɐ.ˈpɐ.ɲɐ.muʃ/	/ɐ.ˈpɐ.ɲɐ̃w̃/
estudar + presente	estudar	presente	estudo	estudas	estuda	estudamos	estudam	/ɨʃ.ˈtu.du/	/ɨʃ.ˈtu.duʃ/	/ɨʃ.ˈtu.dɐ/	/ɨʃ.ˈtu.dɐ.muʃ/	/ɨʃ.ˈtu.dɐ̃w̃/
ficar + presente	ficar	presente	fico	ficas	fica	ficamos	ficam	/ˈfi.ku/	/ˈfi.kuʃ/	/ˈfi.ka/	/ˈfi.ka.muʃ/	/ˈfi.kɐ̃w̃/
começar + presente	começar	presente	começo	começas	começa	começamos	começam	/ku.ˈmɛ.su/	/ku.ˈmɛ.suʃ/	/ku.ˈmɛ.sɐ/	/ku.ˈmɛ.sɐ.muʃ/	/ku.ˈmɛ.sɐ̃w̃/
girar + presente	girar	presente	giro	giras	gira	giramos	giram	/ˈʒi.ɾu/	/ˈʒi.ɾuʃ/	/ˈʒi.ɾɐ/	/ˈʒi.ɾɐ.muʃ/	/ˈʒi.ɾɐ̃w̃/
usar + presente	usar	presente	uso	usas	usa	usamos	usam	/ˈu.zu/	/ˈu.zuʃ/	/ˈu.za/	/ˈu.za.muʃ/	/ˈu.zɐ̃w̃/
pagar + presente	pagar	presente	pago	pagas	paga	pagamos	pagam	/ˈpa.ɡu/	/ˈpa.ɡuʃ/	/ˈpa.ɡɐ/	/ˈpa.ɡɐ.muʃ/	/ˈpa.ɡɐ̃w̃/
ensinar + presente	ensinar	presente	ensino	ensinas	ensina	ensinamos	ensinam	/ẽ.si.ˈnu/	/ẽ.si.ˈnuʃ/	/ẽ.si.ˈna/	/ẽ.si.ˈna.muʃ/	/ẽ.si.ˈnɐ̃w̃/
levantar + presente	levantar	presente	levanto	levantas	levanta	levantamos	levantam	/lɨ.ˈvã.tu/	/lɨ.ˈvã.tuʃ/	/lɨ.ˈvã.tɐ/	/lɨ.ˈvã.tɐ.muʃ/	/lɨ.ˈvã.tɐ̃w̃/
tocar + presente	tocar	presente	toco	tocas	toca	tocamos	tocam	/ˈto.ku/	/ˈto.kuʃ/	/ˈto.ka/	/ˈto.ka.muʃ/	/ˈto.kɐ̃w̃/
andar + presente	andar	presente	ando	andas	anda	andamos	andam	/ˈã.du/	/ˈã.duʃ/	/ˈã.da/	/ˈã.da.muʃ/	/ˈã.dɐ̃w̃/
lavar + presente	lavar	presente	lavo	lavas	lava	lavamos	lavam	/ˈla.vu/	/ˈla.vuʃ/	/ˈla.va/	/ˈla.va.muʃ/	/ˈla.vɐ̃w̃/
usar + presente	usar	presente	uso	usas	usa	usamos	usam	/ˈu.zu/	/ˈu.zuʃ/	/ˈu.za/	/ˈu.za.muʃ/	/ˈu.zɐ̃w̃/
acabar + presente	acabar	presente	acabo	acabas	acaba	acabamos	acabam	/ɐ.ˈka.bu/	/ɐ.ˈka.buʃ/	/ɐ.ˈka.ba/	/ɐ.ˈka.ba.muʃ/	/ɐ.ˈka.bɐ̃w̃/
encontrar + presente	encontrar	presente	encontro	encontras	encontra	encontramos	encontram	ẽ.ˈkõ.tɾu/	ẽ.ˈkõ.tɾuʃ/	ẽ.ˈkõ.tɾɐ/	ẽ.ˈkõ.tɾɐ.muʃ/	ẽ.ˈkõ.tɾɐ̃w̃/
pensar + presente	pensar	presente	penso	pensas	pensa	pensamos	pensam	/ˈpẽ.su/	/ˈpẽ.suʃ/	/ˈpẽ.sɐ/	/ˈpẽ.sɐ.muʃ/	/ˈpẽ.sɐ̃w̃/
viajar + presente	viajar	presente	viajo	viajas	viaja	viajamos	viajam	/ˈvi.ɐ.ʒu/	/ˈvi.ɐ.ʒuʃ/	/ˈvi.ɐ.ʒɐ/	/ˈvi.ɐ.ʒɐ.muʃ/	/ˈvi.ɐ.ʒɐ̃w̃/
beijar + presente	beijar	presente	beijo	beijas	beija	beijamos	beijam	/ˈbɐi.ʒu/	/ˈbɐi.ʒuʃ/	/ˈbɐi.ʒɐ/	/ˈbɐi.ʒɐ.muʃ/	/ˈbɐi.ʒɐ̃w̃/
cantar + presente	cantar	presente	canto	cantas	canta	cantamos	cantam	/ˈkɐ̃.tu/	/ˈkɐ̃.tuʃ/	/ˈkɐ̃.tɐ/	/ˈkɐ̃.tɐ.muʃ/	/ˈkɐ̃.tɐ̃w̃/
chamar + presente	chamar	presente	chamo	chamas	chama	chamamos	chamam	/ˈʃɐ.mu/	/ˈʃɐ.muʃ/	/ˈʃɐ.mɐ/	/ˈʃɐ.mɐ.muʃ/	/ˈʃɐ.mɐ̃w̃/
achar + presente	achar	presente	acho	achas	acha	achamos	acham	/ˈɐ.ʃu/	/ˈɐ.ʃɐʃ/	/ˈɐ.ʃɐ/	/ˈɐ.ʃɐ.muʃ/	/ˈɐ.ʃɐ̃w̃/
costumar + presente	costumar	presente	costumo	costumas	costuma	costumamos	costumam	/kuʃ.ˈtu.mu/	/kuʃ.ˈtu.muʃ/	/kuʃ.ˈtu.mɐ/	/kuʃ.ˈtu.mɐ.muʃ/	/kuʃ.ˈtu.mɐ̃w̃/
dançar + presente	dançar	presente	danço	danças	dança	dançamos	dançam	/dɐ̃j.ˈsu/	/dɐ̃j.ˈsuʃ/	/dɐ̃j.ˈsɐ/	/dɐ̃j.ˈsɐ.muʃ/	/dɐ̃j.ˈsɐ̃w̃/
deixar + presente	deixar	presente	deixo	deixas	deixa	deixamos	deixam	/ˈdɐj.ʃu/	/ˈdɐj.ʃuʃ/	/ˈdɐj.ʃɐ/	/ˈdɐj.ʃɐ.muʃ/	/ˈdɐj.ʃɐ̃w̃/
ligar + presente	ligar	presente	ligo	ligas	liga	ligamos	ligam	/ˈli.ɡu/	/ˈli.ɡuʃ/	/ˈli.ɡɐ/	/ˈli.ɡɐ.muʃ/	/ˈli.ɡɐ̃w̃/
pintar + presente	pintar	presente	pinto	pintas	pinta	pintamos	pintam	/ˈpĩ.tu/	/ˈpĩ.tuʃ/	/ˈpĩ.tɐ/	/ˈpĩ.tɐ.muʃ/	/ˈpĩ.tɐ̃w̃/
precisar + presente	precisar	presente	preciso	precisas	precisa	precisamos	precisam	/pɾɨ.ˈsi.zu/	/pɾɨ.ˈsi.zuʃ/	/pɾɨ.ˈsi.zɐ/	/pɾɨ.ˈsi.zɐ.muʃ/	/pɾɨ.ˈsi.zɐ̃w̃/
tirar + presente	tirar	presente	tiro	tiras	tira	tiramos	tiram	/ˈti.ɾu/	/ˈti.ɾuʃ/	/ˈti.ɾɐ/	/ˈti.ɾɐ.muʃ/	/ˈti.ɾɐ̃w̃/
ver + presente	ver	presente	vejo	vês	vê	vemos	veem	/ˈvɛ.ʒu/	/vɛʃ/	/vɛ/	/ˈvɛ.muʃ/	 /ˈvẽj̃/
ler + presente	ler	presente	leio	lês	lê	lemos	leem	/ˈlɐj.u/	/lɛʃ/	/lɛ/	/ˈlɛ.ɐ.muʃ/	/ˈlẽj̃/
querer + presente	querer	presente	quero	queres	quer	queremos	querem	/ˈkɛ.ɾu/	/ˈkɛ.ɾuʃ/	/ˈkɛ.ɾɐ/	/ˈkɛ.ɾɐ.muʃ/	/ˈkɛ.ɾɐ̃w̃/
fazer + presente	fazer	presente	faço	fazes	faz	fazemos	fazem	/ˈfa.su/	/ˈfa.suʃ/	/ˈfa.sɐ/	/ˈfa.sɐ.muʃ/	/ˈfa.sɐ̃w̃/
dizer + presente	dizer	presente	digo	dizes	diz	dizemos	dizem	/ˈdi.ɡu/	/ˈdi.ɡuʃ/	/ˈdi.ɡɐ/	/ˈdi.ɡɐ.muʃ/	/ˈdi.ɡɐ̃w̃/
trazer + presente	trazer	presente	trago	trazes	traz	trazemos	trazem	/ˈtɾa.ɡu/	/ˈtɾa.ɡuʃ/	/ˈtɾa.ɡɐ/	/ˈtɾa.ɡɐ.muʃ/	/ˈtɾa.ɡɐ̃w̃/
pôr + presente	pôr	presente	ponho	pões	põe	pomos	põem	/ˈpõ.ɲu/	/ˈpõj̃ʃ/	/ˈpõj̃/	/ˈpɔ.muʃ/	 /ˈpõj̃/
saber + presente	saber	presente	sei	sabes	sabe	sabemos	sabem	/sej/	/sejʃ/	/sej/	/sej.muʃ/	/sej̃w̃/
poder + presente	poder	presente	posso	podes	pode	podemos	podem	/ˈpo.su/	/ˈpo.suʃ/	/ˈpo.sɐ/	/ˈpo.sɐ.muʃ/	/ˈpo.sɐ̃w̃/
perder + presente	perder	presente	perco	perdes	perde	perdemos	perdem	/ˈpɛɾ.ku/	/ˈpɛɾ.kuʃ/	/ˈpɛɾ.kɐ/	/ˈpɛɾ.kɐ.muʃ/	/ˈpɛɾ.kɐ̃w̃/
servir + presente	servir	presente	sirvo	serves	serve	servimos	servem	/ˈsiɾ.vu/	/ˈsiɾ.vuʃ/	/ˈsiɾ.vɐ/	/ˈsiɾ.vɐ.muʃ/	/ˈsiɾ.vɐ̃w̃/
estar + presente	estar	presente	estou	estás	está	estamos	estão	/ɨʃˈtow̃/	/ɨʃˈtaws/	/ɨʃˈta/	/ɨʃtɐˈmuʃ/	/ɨʃˈtãw̃/
ir + presente	ir	presente	vou	vais	vai	vamos	vão	/vow̃/	/vajs/	/vaj/	/vɐˈmuʃ/	/vɐ̃w̃/
ter + presente	ter	presente	tenho	tens	tem	temos	teem	/ˈtẽ.ɲu/	/ˈtẽ.ɲuʃ/	/ˈtẽ.ɲu/	/ˈtẽ.ɲu.muʃ/	/ˈtẽ.ɲw̃/
pedir + presente	pedir	presente	peço	pedes	pede	pedimos	pedem	/ˈpɛ.su/	/ˈpɛ.suʃ/	/ˈpɛ.sɐ/	/ˈpɛ.sɐ.muʃ/	/ˈpɛ.sɐ̃w̃/
ouvir + presente	ouvir	presente	ouço	ouves	ouve	ouvimos	ouvem	/ˈow.su/	/ˈow.suʃ/	/ˈow.sɐ/	/ˈow.sɐ.muʃ/	/ˈow.sɐ̃w̃/
dormir + presente	dormir	presente	durmo	dormes	dorme	dormimos	dormem	/ˈduɾ.mu/	/ˈduɾ.muʃ/	/ˈduɾ.mɐ/	/ˈduɾ.mɐ.muʃ/	/ˈduɾ.mɐ̃w̃/
subir + presente	subir	presente	subo	sobes	sobe	subimos	sobem	/ˈsu.bu/	/ˈsu.buʃ/	/ˈsu.bɐ/	/ˈsu.bɐ.muʃ/	/ˈsu.bɐ̃w̃/
fugir + presente	fugir	presente	fujo	fuges	foge	fugimos	fugem	/ˈfu.ʒu/	/ˈfu.ʒuʃ/	/ˈfu.ʒɐ/	/ˈfu.ʒɐ.muʃ/	/ˈfu.ʒɐ̃w̃/
vir + presente	vir	presente	venho	vens	vem	vimos	vêm	/ˈvẽ.ɲu/	/ˈvẽ.ɲus/	/ˈvẽ/	/ˈvi.muʃ/	/ˈvẽw̃/
rir + presente	rir	presente	rio	ris	ri	rimos	riem	/ʁiˈu/	/ʁis/	/ʁi/	/ʁiˈmuʃ/	/ʁiˈẽj̃/
medir + presente	medir	presente	meço	medes	mede	medimos	medem	/ˈmɛ.su/	/ˈmɛ.dɨʃ/	/ˈmɛ.dɨ/	/ˈmɛ.di.muʃ/	/ˈmɛ.dẽj̃/
dar + presente	dar	presente	dou	dás	dá	damos	dão	/ˈdow̃/	/ˈdaws/	/ˈda/	/ˈda.muʃ/	/dãw̃/
entrar + presente	entrar	presente	entro	entras	entra	entramos	entram	/ˈẽ.tɾu/	/ˈẽ.tɾus/	/ˈẽ.tɾɐ/	/ˈẽ.tɾɐ.muʃ/	/ẽˈtɾãw̃/
arranjar + presente	arranjar	presente	arranjo	arranjas	arranja	arranjamos	arranjam	/ɐˈʁɐ̃.ʒu/	/ɐˈʁɐ̃.ʒus/	/ɐˈʁɐ̃.ʒɐ/	/ɐˈʁɐ̃.ʒɐ.muʃ/	/ɐˈʁɐ̃.ʒãw̃/
assombrar + presente	assombrar	presente	assombro	assombras	assombra	assombramos	assombram	/ɐˈsom.bɾu/	/ɐˈsom.bɾus/	/ɐˈsom.bɾɐ/	/ɐˈsom.bɾɐ.muʃ/	/ɐˈsom.bɾãw̃/
chamar-se + presente	chamar-se	presente	chamo-me	chamas-te	chama-se	chamamo-nos	chamam-se	/ˈʃɐ.mu mi/	/ˈʃɐ.mɐs ti/	/ʃɐˈmɐ.se/	/ʃɐ.mɐˈmu nus/	/ʃɐˈmɐ̃w̃ se/
esquecer-se + presente	esquecer-se	presente	esqueço-me	esqueces-te	esquece-se	esquecemo-nos	esquecem-se	/ɨʃˈke.su mi/	/ɨʃˈke.sɐs ti/	/ɨʃˈke.sɨ.se/	/ɨʃˈke.se.mu nus/	/ɨʃˈke.sẽw̃ se/
vestir-se + presente	vestir-se	presente	visto-me	vestes-te	veste-se	vestimo-nos	vestem-se	/ˈviʃ.tu mi/	/ˈviʃ.tɐs ti/	/ˈviʃ.tɨ.se/	/ˈviʃ.ti.mu nus/	/ˈviʃ.tẽw̃ se/
despir-se + presente	despir-se	presente	despo-me	despes-te	despe-se	despimo-nos	despem-se	/ˈdeʃ.pu mi/	/ˈdeʃ.pɐs ti/	/ˈdeʃ.pɨ.se/	/ˈdeʃ.pi.mu nus/	/ˈdeʃ.pẽw̃ se/
levantar-se + presente	levantar-se	presente	levanto-me	levantas-te	levanta-se	levantamo-nos	levantam-se	/lɨˈvã tu mi/	/lɨˈvã.tɐs ti/	/lɨˈvã.tu.se/	/lɨˈvã.tu.mu nus/	/lɨˈvã.tẽw̃ se/
sentar-se + presente	sentar-se	presente	sento-me	sentas-te	senta-se	sentamo-nos	sentam-se	/ˈsẽ tu mi/	/ˈsẽ.tɐs ti/	/ˈsẽ.tu.se/	/ˈsẽ.tu.mu nus/	/ˈsẽ.tẽw̃ se/
deitar-se + presente	deitar-se	presente	deito-me	deitas-te	deita-se	deitamo-nos	deitam-se	/ˈdej.tu mi/	/ˈdej.tɐs ti/	/ˈdej.tu.se/	/ˈdej.tu.mu nus/	/ˈdej.tẽw̃ se/
sentir-se + presente	sentir-se	presente	sinto-me	sentes-te	sente-se	sentimo-nos	sentem-se	/ˈsĩ tu mi/	/ˈsĩ.tɐs ti/	/ˈsĩ.tu.se/	/ˈsĩ.tu.mu nus/	/ˈsĩ.tẽw̃ se/
lembrar-se + presente	lembrar-se	presente	lembro-me	lembras-te	lembra-se	lembramo-nos	lembram-se	/ˈlẽ bɾu mi/	/ˈlẽ.bɾɐs ti/	/ˈlẽ.bɾu.se/	/ˈlẽ.bɾu.mu nus/	/ˈlẽ.bɾẽw̃ se/
lavar-se + presente	lavar-se	presente	lavo-me	lavas-te	lava-se	lavamo-nos	lavam-se	/ˈla.vu mi/	/ˈla.vɐs ti/	/ˈla.vu.se/	/ˈla.vu.mu nus/	/ˈla.vũw̃ se/
telefonar + presente	telefonar	presente	telefono	telefonas	telefona	telefonamos	telefonam	/tɛ.lɛˈfɔ.nu/	/tɛ.lɛ.foˈnas/	/tɛ.lɛ.foˈna/	/tɛ.lɛ.fo.naˈmus/	/tɛ.lɛ.fo.ˈnãw̃/
poupar + presente	poupar	presente	poupo	poupas	poupa	poupamos	poupam	/'powpu/	/'powpɐʃ/	/'powpɐ/	/'powpɐmuʃ/	/'powpɐ̃/
poupar-se + presente	poupar-se	presente	poupo-me	poupas-te	poupa-se	poupamo-nos	poupam-se	/'powpu mɛ/	/'powpɐʃ tɛ/	/'powpɐ sɛ/	/'powpɐmu nuʃ/	/'powpɐ̃ sɛ/
machucar + presente	machucar	presente	machuco	machucas	machuca	machucamos	machucam	/maˈʃuku/	/mɐˈʃukɐʃ/	/mɐˈʃukɐ/	/mɐʃuˈkɐmuʃ/	/mɐʃuˈkɐ̃/
machucar-se + presente	machucar-se	presente	machuco-me	machucas-te	machuca-se	machucamo-nos	machucam-se	/maˈʃuku mɛ/	/mɐˈʃukɐʃ tɛ/	/mɐˈʃukɐ sɛ/	/mɐʃuˈkɐmu nuʃ/	/mɐʃuˈkɐ̃ sɛ/
interpretar + presente	interpretar	presente	interpreto	interpretas	interpreta	interpretamos	interpretam	/ĩtɛrpɾɛˈtu/	/ĩtɛrpɾɛˈtas/	/ĩtɛɾpɾɛˈta/	/ĩtɛɾpɾɛtɐˈmuʃ/	/ĩtɛɾpɾɛˈtɐ̃tɐ̃/
combinar + presente	combinar	presente	combino	combinas	combina	combinamos	combinam	/kõˈbinu/	/kõˈbinɐʃ/	/kõˈbina/	/kõbinaˈmuʃ/	/kõbiˈnɐ̃/
convidar + presente	convidar	presente	convido	convidas	convida	convidamos	convidam	/kõˈvidu/	/kõˈvidɐʃ/	/kõˈvidɐ/	/kõviˈdɐmuʃ/	/kõviˈdɐ̃m/
arranjar-se + presente	arranjar-se	presente	arranjo-me	arranjas-te	arranja-se	arranjamo-nos	arranjam-se	/aˈʁãʒu mɛ/	/ɐˈʁãʒɐʃ tɛ/	/ɐˈʁãʒɐ sɛ/	/ɐʁɐ̃ˈʒɐmu nuʃ/	/ɐʁɐ̃ˈʒɐ̃ sɛ/
empurrar + presente	empurrar	presente	empurro	empurras	empurra	empurramos	empurram	/ẽˈpuʁu/	/ẽˈpuraʃ/	/ẽˈpura/	/ẽpuˈʁɐmuʃ/	/ẽpuˈʁɐ̃/
puxar + presente	puxar	presente	puxo	puxas	puxa	puxamos	puxam	/ˈpuʃu/	/ˈpuʃɐʃ/	/ˈpuʃɐ/	/puˈʃɐmuʃ/	/puˈʃɐ̃/
investigar + presente	investigar	presente	investigo	investigas	investiga	investigamos	investigam	/ĩvɛʃtiˈgu/	/ĩvɛʃtiˈgaʃ/	/ĩvɛʃtiˈga/	/ĩvɛʃtigaˈmuʃ/	/ĩvɛʃtiɡˈɐ̃m/
mudar + presente	mudar	presente	mudo	mudas	muda	mudamos	mudam	/ˈmudu/	/ˈmudɐʃ/	/ˈmudɐ/	/muˈdɐmuʃ/	/muˈdɐ̃m/
esquentar + presente	esquentar	presente	esquento	esquentas	esquenta	esquentamos	esquentam	/ɛʃˈkẽtu/	/ɛʃˈkẽtɐʃ/	/ɛʃˈkẽtɐ/	/ɛʃˈkẽtɐmuʃ/	/ɛʃˈkẽtɐ̃m/
tratar + presente	tratar	presente	trato	tratas	trata	tratamos	tratam	/ˈtɾatu/	/ˈtɾatɐʃ/	/ˈtɾata/	/tɾaˈtɐmuʃ/	/tɾɐˈtɐ̃m/
tocar + presente	tocar	presente	toco	tocas	toca	tocamos	tocam	/ˈtoku/	/ˈtɔkɐʃ/	/ˈtɔkɐ/	/toˈkɐmuʃ/	/toˈkɐ̃m/
correr + presente	correr	presente	corro	corres	corre	corremos	correm	/ˈkoʁu/	/ˈkoʁɐʃ/	/ˈkɔrɨ/	/ˈkɔʁɨmuʃ/	/ˈkɔʁɨ̃m/
aceitar + presente	aceitar	presente	aceito	aceitas	aceita	aceitamos	aceitam	/aˈsɛitu/	/ɐˈsɛitɐʃ/	/ɐˈsɛitɐ/	/ɐsɛiˈtamuʃ/	/ɐsɛiˈtɐ̃m/
lavar + presente	lavar	presente	lavo	lavas	lava	lavamos	lavam	/ˈlavu/	/ˈlavɐʃ/	/ˈlavɐ/	/laˈvɐmuʃ/	/laˈvɐ̃m/
afagar + presente	afagar	presente	afago	afagas	afaga	afagamos	afagam	/aˈfaɡu/	/ɐˈfaɡɐʃ/	/ɐˈfaɡɐ/	/aˈfaɡɐmuʃ/	/aˈfaɡɐ̃m/
encontrar-se + presente	encontrar-se	presente	encontro-me	encontras-te	encontra-se	encontramo-nos	encontram-se	/ẽˈkõtuɾu mɛ/	/ẽˈkõtɾɐʃ tɛ/	/ẽˈkõtɾɐ sɛ/	/ẽkõˈtɾɐmu nuʃ/	/ẽkõˈtɾɐ̃ sɛ/
afastar-se + presente	afastar-se	presente	afasto-me	afastas-te	afasta-se	afastamo-nos	afastam-se	/aˈfastu mɛ/	/ɐˈfastɐʃ tɛ/	/ɐˈfastɐ sɛ/	/aˈfastɐmu nuʃ/	/aˈfastɐ̃ sɛ/