Abranger + passado (PPS)	Abranger	passado (pretérito perfeito simples)	Abrangi	Abrangeste	Abrangeu	Abrangemos	Abrangeram							Portuguese::Verbos::Passado(PPS) Português::Curso::A1
Abrir + passado (PPS)	Abrir	passado (pretérito perfeito simples)	Abri	Abriste	Abriu	Abrimos	Abriram							Portuguese::Verbos::Passado(PPS) Português::Curso::A1
Abrir + passado (PPS)	Abrir	passado (pretérito perfeito simples)	Abri	Abriste	Abriu	Abrimos	Abriram							Portuguese::Verbos::Passado(PPS) Português::Curso::A1
Acabar + passado (PPS)	Acabar	passado (pretérito perfeito simples)	Acabei	Acabaste	Acabou	Acabámos	Acabaram							Portuguese::Verbos::Passado(PPS) Português::Curso::A1
Acender + passado (PPS)	Acender	passado (pretérito perfeito simples)	Acendi	Acendeste	Acendeu	Acendemos	Acenderam							Portuguese::Verbos::Passado(PPS) Português::Curso::A1
Acompanhar + passado (PPS)	Acompanhar	passado (pretérito perfeito simples)	Acompanhei	Acompanhaste	Acompanhou	Acompanhámos	Acompanharam							Portuguese::Verbos::Passado(PPS) Português::Curso::A1
Acontecer + passado (PPS)	Acontecer	passado (pretérito perfeito simples)	Aconteci	Aconteceste	Aconteceu	Acontecemos	Aconteceram							Portuguese::Verbos::Passado(PPS) Português::Curso::A1
Acordar + passado (PPS)	Acordar (despertarse)	passado (pretérito perfeito simples)	Acordei	Acordaste	Acordou	Acordámos	Acordaram							Portuguese::Verbos::Passado(PPS) Português::Curso::A1
Acrescentar + passado (PPS)	Acrescentar	passado (pretérito perfeito simples)	Acrescentei	Acrescentaste	Acrescentou	Acrescentámos	Acrescentaram							Portuguese::Verbos::Passado(PPS) Português::Curso::A1
Admitir + passado (PPS)	Admitir	passado (pretérito perfeito simples)	Admiti	Admitiste	Admitiu	Admitimos	Admitiram							Portuguese::Verbos::Passado(PPS) Português::Curso::A1
Agradecer + passado (PPS)	Agradecer	passado (pretérito perfeito simples)	Agradeci	Agradeceste	Agradeceu	Agradecemos	Agradeceram							Portuguese::Verbos::Passado(PPS) Português::Curso::A1
Ajudar + passado (PPS)	Ajudar	passado (pretérito perfeito simples)	Ajudei	Ajudaste	Ajudou	Ajudámos	Ajudaram							Portuguese::Verbos::Passado(PPS) Português::Curso::A1
Almoçar + passado (PPS)	Almoçar	passado (pretérito perfeito simples)	Almocei	Almoçaste	Almoçou	Almoçámos	Almoçaram							Portuguese::Verbos::Passado(PPS) Português::Curso::A1
Andar + passado (PPS)	Andar	passado (pretérito perfeito simples)	Andei	Andaste	Andou	Andámos	Andaram							Portuguese::Verbos::Passado(PPS) Português::Curso::A1
Apanhar + passado (PPS)	Apanhar (tomar medio transporte, enfermedad, etc.)	passado (pretérito perfeito simples)	Apanhei	Apanhaste	Apanhou	Apanhámos	Apanharam							Portuguese::Verbos::Passado(PPS) Português::Curso::A1
Apertar + passado (PPS)	Apertar	passado (pretérito perfeito simples)	Apertei	Apertaste	Apertou	Apertámos	Apertaram							Portuguese::Verbos::Passado(PPS) Português::Curso::A1
Aprender + passado (PPS)	Aprender	passado (pretérito perfeito simples)	Aprendi	Aprendeste	Aprendeu	Aprendemos	Aprenderam							Portuguese::Verbos::Passado(PPS) Português::Curso::A1
Aquecer + passado (PPS)	Aquecer	passado (pretérito perfeito simples)	Aqueci	Aqueceste	Aqueceu	Aquecemos	Aqueceram							Portuguese::Verbos::Passado(PPS) Português::Curso::A1
Assinar + passado (PPS)	Assinar	passado (pretérito perfeito simples)	Assinei	Assinaste	Assinou	Assinámos	Assinaram							Portuguese::Verbos::Passado(PPS) Português::Curso::A1
Assistir + passado (PPS)	Assistir	passado (pretérito perfeito simples)	Assisti	Assististe	Assistiu	Assistimos	Assistiram							Portuguese::Verbos::Passado(PPS) Português::Curso::A1
Atender + passado (PPS)	Atender	passado (pretérito perfeito simples)	Atendi	Atendeste	Atendeu	Atendemos	Atenderam							Portuguese::Verbos::Passado(PPS) Português::Curso::A1
Atrapalhar + passado (PPS)	Atrapalhar	passado (pretérito perfeito simples)	Atrapalhei	Atrapalhaste	Atrapalhou	Atrapalhámos	Atrapalharam							Portuguese::Verbos::Passado(PPS) Português::Curso::A1
Atribuir + passado (PPS)	Atribuir	passado (pretérito perfeito simples)	Atribuí	Atribuíste	Atribuiu	Atribuímos	Atribuíram							Portuguese::Verbos::Passado(PPS) Português::Curso::A1
Bater + passado (PPS)	Bater	passado (pretérito perfeito simples)	Bati	Bateste	Bateu	Batemos	Bateram							Portuguese::Verbos::Passado(PPS) Português::Curso::A1
Beber + passado (PPS)	Beber	passado (pretérito perfeito simples)	Bebi	Bebeste	Bebeu	Bebemos	Beberam							Portuguese::Verbos::Passado(PPS) Português::Curso::A1
Beijar + passado (PPS)	Beijar	passado (pretérito perfeito simples)	Beijei	Beijaste	Beijou	Beijámos	Beijaram							Portuguese::Verbos::Passado(PPS) Português::Curso::A1
Brincar + passado (PPS)	Brincar (jugar s/reglas, e.g. a las muñecas)	passado (pretérito perfeito simples)	Brinquei	Brincaste	Brincou	Brincámos	Brincaram							Portuguese::Verbos::Passado(PPS) Português::Curso::A1
Cair + passado (PPS)	Cair	passado (pretérito perfeito simples)	Cai	Caíste	Caiu	Caímos	Caíram							Portuguese::Verbos::Passado(PPS) Português::Curso::A1
Calar + passado (PPS)	Calar	passado (pretérito perfeito simples)	Calei	Calaste	Calou	Calámos	Calaram							Portuguese::Verbos::Passado(PPS) Português::Curso::A1
Calar-se + passado (PPS)	Calar-se	passado (pretérito perfeito simples)	Calei-me	Calaste-te	Calou-se	Calámo-nos	Calaram-se							Portuguese::Verbos::Passado(PPS) Português::Curso::A1
Cantar + passado (PPS)	Cantar	passado (pretérito perfeito simples)	Cantei	Cantaste	Cantou	Cantámos	Cantaram							Portuguese::Verbos::Passado(PPS) Português::Curso::A1
Chamar + passado (PPS)	Chamar	passado (pretérito perfeito simples)	Chamei	Chamaste	Chamou	Chamámos	Chamaram							Portuguese::Verbos::Passado(PPS) Português::Curso::A1
Colocar + passado (PPS)	Colocar	passado (pretérito perfeito simples)	Coloquei	Colocaste	Colocou	Colocámos	Colocaram							Portuguese::Verbos::Passado(PPS) Português::Curso::A1
Combinar + passado (PPS)	Combinar (acordar, pactar)	passado (pretérito perfeito simples)	Combinei	Combinaste	Combinou	Combinámos	Combinaram							Portuguese::Verbos::Passado(PPS) Português::Curso::A1
Começar + passado (PPS)	Começar	passado (pretérito perfeito simples)	Comecei	Começaste	Começou	Começámos	Começaram							Portuguese::Verbos::Passado(PPS) Português::Curso::A1
Comer + passado (PPS)	Comer	passado (pretérito perfeito simples)	Comi	Comeste	Comeu	Comemos	Comeram							Portuguese::Verbos::Passado(PPS) Português::Curso::A1
Compreender + passado (PPS)	Compreender	passado (pretérito perfeito simples)	Compreendi	Compreendeste	Compreendeu	Compreendemos	Compreenderam							Portuguese::Verbos::Passado(PPS) Português::Curso::A1
Conduzir + passado (PPS)	Conduzir	passado (pretérito perfeito simples)	Conduzi	Conduziste	Conduziu	Conduzimos	Conduziram							Portuguese::Verbos::Passado(PPS) Português::Curso::A1
Conhecer + passado (PPS)	Conhecer	passado (pretérito perfeito simples)	Conheci	Conheceste	Conheceu	Conhecemos	Conheceram							Portuguese::Verbos::Passado(PPS) Português::Curso::A1
Conseguir + passado (PPS)	Conseguir	passado (pretérito perfeito simples)	Consegui	Conseguiste	Conseguiu	Conseguimos	Conseguiram							Portuguese::Verbos::Passado(PPS) Português::Curso::A1
Conseguir + passado (PPS)	Conseguir	passado (pretérito perfeito simples)	Consegui	Conseguiste	Conseguiu	Conseguimos	Conseguiram							Portuguese::Verbos::Passado(PPS) Português::Curso::A1
Constituir + passado (PPS)	Constituir	passado (pretérito perfeito simples)	Constituí	Constituíste	Constituiu	Constituímos	Constituíram							Portuguese::Verbos::Passado(PPS) Português::Curso::A1
Construir + passado (PPS)	Construir	passado (pretérito perfeito simples)	Construí	Construíste	Construiu	Construímos	Construíram							Portuguese::Verbos::Passado(PPS) Português::Curso::A1
Convidar + passado (PPS)	convidar (invitar)	passado (pretérito perfeito simples)	Convidei	Convidaste	Convidou	Convidámos	Convidaram							Portuguese::Verbos::Passado(PPS) Português::Curso::A1
Correr + passado (PPS)	Correr	passado (pretérito perfeito simples)	Corri	Correste	Correu	Corremos	Correram							Portuguese::Verbos::Passado(PPS) Português::Curso::A1
Corrigir + passado (PPS)	Corrigir	passado (pretérito perfeito simples)	Corrigi	Corrigiste	Corrigiu	Corrigimos	Corrigiram							Portuguese::Verbos::Passado(PPS) Português::Curso::A1
Cortar + passado (PPS)	Cortar	passado (pretérito perfeito simples)	Cortei	Cortaste	Cortou	Cortámos	Cortaram							Portuguese::Verbos::Passado(PPS) Português::Curso::A1
Costumar + passado (PPS)	costumar (soler)	passado (pretérito perfeito simples)	Costumei	Costumaste	Costumou	Costumámos	Costumaram							Portuguese::Verbos::Passado(PPS) Português::Curso::A1
Crer + passado (PPS)	Crer	passado (pretérito perfeito simples)	Cri	Creste	Creu	Cremos	Creram							Portuguese::Verbos::Passado(PPS) Português::Curso::A1
Crescer + passado (PPS)	Crescer	passado (pretérito perfeito simples)	Cresci	Cresceste	Cresceu	Crescemos	Cresceram							Portuguese::Verbos::Passado(PPS) Português::Curso::A1
Crescer + passado (PPS)	Crescer	passado (pretérito perfeito simples)	Cresci	Cresceste	Cresceu	Crescemos	Cresceram							Portuguese::Verbos::Passado(PPS) Português::Curso::A1
Cruzar + passado (PPS)	Cruzar	passado (pretérito perfeito simples)	Cruzei	Cruzaste	Cruzou	Cruzámos	Cruzaram							Portuguese::Verbos::Passado(PPS) Português::Curso::A1
Cruzar-se + passado (PPS)	Cruzar-se	passado (pretérito perfeito simples)	Cruzei-me	Cruzaste-te	Cruzou-se	Cruzámo-nos	Cruzaram-se							Portuguese::Verbos::Passado(PPS) Português::Curso::A1
Cumprir + passado (PPS)	cumprir (cumplir e.g. años)	passado (pretérito perfeito simples)	Cumpri	Cumpriste	Cumpriu	Cumprimos	Cumpriram							Portuguese::Verbos::Passado(PPS) Português::Curso::A1
Dançar + passado (PPS)	Dançar	passado (pretérito perfeito simples)	Dancei	Dançaste	Dançou	Dançámos	Dançaram							Portuguese::Verbos::Passado(PPS) Português::Curso::A1
Dar + passado (PPS)	Dar	passado (pretérito perfeito simples)	Dei	Deste	Deu	Demos	Deram							Portuguese::Verbos::Passado(PPS) Português::Curso::A1
Decidir + passado (PPS)	Decidir	passado (pretérito perfeito simples)	Decidi	Decidiste	Decidiu	Decidimos	Decidiram							Portuguese::Verbos::Passado(PPS) Português::Curso::A1
Deitar + passado (PPS)	Deitar	passado (pretérito perfeito simples)	Deitei	Deitaste	Deitou	Deitámos	Deitaram							Portuguese::Verbos::Passado(PPS) Português::Curso::A1
Deitar-se + passado (PPS)	Deitar-se	passado (pretérito perfeito simples)	Deitei-me	Deitaste-te	Deitou-se	Deitamo-nos	Deitaram-se							Portuguese::Verbos::Passado(PPS) Português::Curso::A1
Deixar + passado (PPS)	Deixar	passado (pretérito perfeito simples)	Deixei	Deixaste	Deixou	Deixámos	Deixaram							Portuguese::Verbos::Passado(PPS) Português::Curso::A1
Descer + passado (PPS)	Descer	passado (pretérito perfeito simples)	Desci	Deste	Desceu	Descemos	Desceram							Portuguese::Verbos::Passado(PPS) Português::Curso::A1
Desistir + passado (PPS)	Desistir	passado (pretérito perfeito simples)	Desisti	Desististe	Desistiu	Desistimos	Desistiram							Portuguese::Verbos::Passado(PPS) Português::Curso::A1
Despir (Desvestir) + passado (PPS)	Despir (Desvestir)	passado (pretérito perfeito simples)	Despi	Despiste	Despiu	Despimos	Despiram							Portuguese::Verbos::Passado(PPS) Português::Curso::A1
Despir-se + passado (PPS)	Despir-se	passado (pretérito perfeito simples)	Despi-me	Despiu-te	Despiu-se	Despimo-nos	Despiram-se							Portuguese::Verbos::Passado(PPS) Português::Curso::A1
Destruir + passado (PPS)	Destruir	passado (pretérito perfeito simples)	Destruí	Destruíste	Destruíu	Destruímos	Destruíram							Portuguese::Verbos::Passado(PPS) Português::Curso::A1
Dever + passado (PPS)	Dever	passado (pretérito perfeito simples)	Devi	Deveste	Deveu	Devmos	Deveram							Portuguese::Verbos::Passado(PPS) Português::Curso::A1
Dirigir + passado (PPS)	Dirigir	passado (pretérito perfeito simples)	Dirigi	Dirigiste	Dirigiu	Dirigimos	Dirigiram							Portuguese::Verbos::Passado(PPS) Português::Curso::A1
Discutir + passado (PPS)	Discutir	passado (pretérito perfeito simples)	Discuti	Discutiste	Discutiu	Discutimos	Discutiram							Portuguese::Verbos::Passado(PPS) Português::Curso::A1
Discutir + passado (PPS)	Discutir	passado (pretérito perfeito simples)	Discuti	Discutiste	Discutiu	Discutimos	Discutiram							Portuguese::Verbos::Passado(PPS) Português::Curso::A1
Dissolver + passado (PPS)	Dissolver	passado (pretérito perfeito simples)	Dissolvi	Dissolveste	Dissolveu	Dissolvemos	Dissolveram							Portuguese::Verbos::Passado(PPS) Português::Curso::A1
Distribuir + passado (PPS)	Distribuir	passado (pretérito perfeito simples)	Distribuí	Distribuíste	Distribuíu	Distribuímos	Distribuíram							Portuguese::Verbos::Passado(PPS) Português::Curso::A1
Dizer + passado (PPS)	Dizer	passado (pretérito perfeito simples)	Disse	Disses	Disse	Dissemos	Disseram							Portuguese::Verbos::Passado(PPS) Português::Curso::A1
Doer + passado (PPS)	Doer	passado (pretérito perfeito simples)	Doeu	Doeste	Doeu	Doemos	Doeram							Portuguese::Verbos::Passado(PPS) Português::Curso::A1
Dormir + passado (PPS)	Dormir	passado (pretérito perfeito simples)	Dormi	Dormiste	Dormiu	Dormimos	Dormiram							Portuguese::Verbos::Passado(PPS) Português::Curso::A1
Emprestar + passado (PPS)	Emprestar	passado (pretérito perfeito simples)	Emprestei	Emprestaste	Emprestou	Emprestámos	Emprestaram							Portuguese::Verbos::Passado(PPS) Português::Curso::A1
Encontrar + passado (PPS)	Encontrar	passado (pretérito perfeito simples)	Encontrei	Encontraste	Encontrou	Encontrámos	Encontraram							Portuguese::Verbos::Passado(PPS) Português::Curso::A1
Ensinar + passado (PPS)	ensinar (enseñar)	passado (pretérito perfeito simples)	Ensinei	Ensinaste	Ensinou	Ensinámos	Ensinaram							Portuguese::Verbos::Passado(PPS) Português::Curso::A1
Entender + passado (PPS)	Entender	passado (pretérito perfeito simples)	Entendi	Entendeste	Entendeu	Entendemos	Entenderam							Portuguese::Verbos::Passado(PPS) Português::Curso::A1
Entrar + passado (PPS)	Entrar	passado (pretérito perfeito simples)	Entrei	Entraste	Entrou	Entrámos	Entraram							Portuguese::Verbos::Passado(PPS) Português::Curso::A1
Escolher + passado (PPS)	Escolher	passado (pretérito perfeito simples)	Escolhi	Escolheste	Escolheu	Escolhemos	Escolheram							Portuguese::Verbos::Passado(PPS) Português::Curso::A1
Escrever + passado (PPS)	Escrever	passado (pretérito perfeito simples)	Escrevi	Ecreveste	Escreveu	Ecrevemos	Escreveram							Portuguese::Verbos::Passado(PPS) Português::Curso::A1
Esmagar + passado (PPS)	Esmagar (aplastar)	passado (pretérito perfeito simples)	Esmaguei	Esmagaste	Esmagou	Esmagámos	Esmagaram							Portuguese::Verbos::Passado(PPS) Português::Curso::A1
Esperar + passado (PPS)	Esperar	passado (pretérito perfeito simples)	Esperei	Esperaste	Esperou	Esperámos	Esperaram							Portuguese::Verbos::Passado(PPS) Português::Curso::A1
Esquecer + passado (PPS)	Esquecer	passado (pretérito perfeito simples)	Esqueci	Esqueceste	Esqueceu	Esquecemos	Esqueceram							Portuguese::Verbos::Passado(PPS) Português::Curso::A1
Esquecer-se + passado (PPS)	Esquecer-se	passado (pretérito perfeito simples)	Esqueci-me	Esqueceste-te	Esqueceu-se	Esquecemo-nos	Esqueceram-se							Portuguese::Verbos::Passado(PPS) Português::Curso::A1
Esquentar + passado (PPS)	esquentar (calentar)	passado (pretérito perfeito simples)	Esquentei	Esquentaste	Esquentou	Esquentámos	Esquentaram							Portuguese::Verbos::Passado(PPS) Português::Curso::A1
Estar + passado (PPS)	Estar	passado (pretérito perfeito simples)	Estive	Estiveste	Esteve	Estivemos	Estiveram							Portuguese::Verbos::Passado(PPS) Português::Curso::A1
Experimentar + passado (PPS)	Experimentar	passado (pretérito perfeito simples)	Experimentei	Experimentaste	Experimentou	Experimentámos	Experimentaram							Portuguese::Verbos::Passado(PPS) Português::Curso::A1
Falar + passado (PPS)	Falar	passado (pretérito perfeito simples)	Falei	Falaste	Falou	Falámos	Falaram							Portuguese::Verbos::Passado(PPS) Português::Curso::A1
Fazer + passado (PPS)	Fazer	passado (pretérito perfeito simples)	Fiz	Fizeste	Fez	Fizemos	Fizeram							Portuguese::Verbos::Passado(PPS) Português::Curso::A1
Fechar + passado (PPS)	Fechar	passado (pretérito perfeito simples)	Fechei	Fechaste	Fechou	Fechámos	Fecharam							Portuguese::Verbos::Passado(PPS) Português::Curso::A1
Ficar + passado (PPS)	Ficar	passado (pretérito perfeito simples)	Fiquei	Ficaste	Ficou	Ficámos	Ficaram							Portuguese::Verbos::Passado(PPS) Português::Curso::A1
Fugir + passado (PPS)	Fugir	passado (pretérito perfeito simples)	Fugi	Fugiste	Fugiu	Fugimos	Fugiram							Portuguese::Verbos::Passado(PPS) Português::Curso::A1
Fumar + passado (PPS)	Fumar	passado (pretérito perfeito simples)	Fumei	Fumaste	Fumou	Fumámos	Fumaram							Portuguese::Verbos::Passado(PPS) Português::Curso::A1
Ganhar + passado (PPS)	Ganhar	passado (pretérito perfeito simples)	Ganhei	Ganhaste	Ganhou	Ganhámos	Ganharam							Portuguese::Verbos::Passado(PPS) Português::Curso::A1
Girar + passado (PPS)	Girar	passado (pretérito perfeito simples)	Girei	Giraste	Girou	Girámos	Giraram							Portuguese::Verbos::Passado(PPS) Português::Curso::A1
Imprimir + passado (PPS)	Imprimir	passado (pretérito perfeito simples)	Imprimi	Imprimiste	Imprimiu	Imprimimos	Imprimiram							Portuguese::Verbos::Passado(PPS) Português::Curso::A1
Insirar + passado (PPS)	Insirar (insertar)	passado (pretérito perfeito simples)	Insirei	Insiraste	Insirou	Insirámos	Insiraram							Portuguese::Verbos::Passado(PPS) Português::Curso::A1
Insistir + passado (PPS)	Insistir	passado (pretérito perfeito simples)	Insisti	Insististe	Insistiu	Insistimos	Insistiram							Portuguese::Verbos::Passado(PPS) Português::Curso::A1
Introduzir + passado (PPS)	Introduzir	passado (pretérito perfeito simples)	Introduzi	Introduziste	Introduziu	Introduzimos	Introduziram							Portuguese::Verbos::Passado(PPS) Português::Curso::A1
Ir + passado (PPS)	Ir	passado (pretérito perfeito simples)	Fui	Foste	Foi	Fomos	Foram							Portuguese::Verbos::Passado(PPS) Português::Curso::A1
Jantar + passado (PPS)	Jantar	passado (pretérito perfeito simples)	Jantei	Jantaste	Jantou	Jantámos	Jantaram							Portuguese::Verbos::Passado(PPS) Português::Curso::A1
Jogar + passado (PPS)	jogar (jugar c/reglas e.g. fútbol, ajedrez)	passado (pretérito perfeito simples)	Joguei	Jogaste	Jogou	Jogámos	Jogaram							Portuguese::Verbos::Passado(PPS) Português::Curso::A1
Juntar + passado (PPS)	Juntar	passado (pretérito perfeito simples)	Juntei	Juntaste	Juntou	Juntámos	Juntaram							Portuguese::Verbos::Passado(PPS) Português::Curso::A1
Lavar + passado (PPS)	Lavar	passado (pretérito perfeito simples)	Lavei	Lavaste	Lavou	Lavámos	Lavaram							Portuguese::Verbos::Passado(PPS) Português::Curso::A1
Lembrar-se + passado (PPS)	Lembrar-se	passado (pretérito perfeito simples)	Lembrei-me	Lembraste-te	Lembrou-se	Lembrámo-nos	Lembraram-se							Portuguese::Verbos::Passado(PPS) Português::Curso::A1
Ler + passado (PPS)	Ler	passado (pretérito perfeito simples)	Li	Leste	Leu	Lemos	Leiram							Portuguese::Verbos::Passado(PPS) Português::Curso::A1
Levantar + passado (PPS)	Levantar	passado (pretérito perfeito simples)	Levantei	Levantaste	Levantou	Levantámos	Levantaram							Portuguese::Verbos::Passado(PPS) Português::Curso::A1
Ligar + passado (PPS)	Ligar	passado (pretérito perfeito simples)	Liguei	Ligaste	Ligou	Ligámos	Ligaram							Portuguese::Verbos::Passado(PPS) Português::Curso::A1
Marcar + passado (PPS)	Marcar	passado (pretérito perfeito simples)	Marquei	Marcaste	Marcou	Marcámos	Marcaram							Portuguese::Verbos::Passado(PPS) Português::Curso::A1
Medir + passado (PPS)	Medir	passado (pretérito perfeito simples)	Medi	Mediste	Mediu	Medimos	Mediram							Portuguese::Verbos::Passado(PPS) Português::Curso::A1
Misturar + passado (PPS)	Misturar	passado (pretérito perfeito simples)	Misturei	Misturaste	Misturou	Misturámos	Misturaram							Portuguese::Verbos::Passado(PPS) Português::Curso::A1
Morar + passado (PPS)	Morar (residir)	passado (pretérito perfeito simples)	Morei	Moraste	Morou	Morámos	Moraram							Portuguese::Verbos::Passado(PPS) Português::Curso::A1
Morrer + passado (PPS)	Morrer	passado (pretérito perfeito simples)	Morri	Morreste	Morreu	Morremos	Morreram							Portuguese::Verbos::Passado(PPS) Português::Curso::A1
Oferecer + passado (PPS)	Oferecer	passado (pretérito perfeito simples)	Ofereci	Ofereceste	Ofereceu	Oferecemos	Ofereceram							Portuguese::Verbos::Passado(PPS) Português::Curso::A1
Olhar + passado (PPS)	Olhar (mirar)	passado (pretérito perfeito simples)	Olhei	Olhaste	Olhou	Olhámos	Olharam							Portuguese::Verbos::Passado(PPS) Português::Curso::A1
Ouvir + passado (PPS)	Ouvir	passado (pretérito perfeito simples)	Ouvi	Ouviste	Ouviu	Ouvimos	Ouviram							Portuguese::Verbos::Passado(PPS) Português::Curso::A1
Pagar + passado (PPS)	Pagar	passado (pretérito perfeito simples)	Paguei	Pagaste	Pagou	Pagámos	Pagaram							Portuguese::Verbos::Passado(PPS) Português::Curso::A1
Parecer + passado (PPS)	Parecer	passado (pretérito perfeito simples)	Pareci	Pareceste	Pareceu	Parecemos	Pareceram							Portuguese::Verbos::Passado(PPS) Português::Curso::A1
Partir + passado (PPS)	Partir	passado (pretérito perfeito simples)	Parti	Partiste	Partiu	Partimos	Partiram							Portuguese::Verbos::Passado(PPS) Português::Curso::A1
Passar + passado (PPS)	Passar	passado (pretérito perfeito simples)	Passei	Passaste	Passou	Passámos	Passaram							Portuguese::Verbos::Passado(PPS) Português::Curso::A1
Pedir + passado (PPS)	Pedir	passado (pretérito perfeito simples)	Pedi	Pediste	Pediu	Pedimos	Pediram							Portuguese::Verbos::Passado(PPS) Português::Curso::A1
Pegar + passado (PPS)	pegar (coger, tomar)	passado (pretérito perfeito simples)	Peguei	Pegaste	Pegou	Pegámos	Pegaram							Portuguese::Verbos::Passado(PPS) Português::Curso::A1
Perceber + passado (PPS)	Perceber	passado (pretérito perfeito simples)	Percebi	Percebeste	Percebeu	Percebemos	Perceberam							Portuguese::Verbos::Passado(PPS) Português::Curso::A1
Perder + passado (PPS)	Perder	passado (pretérito perfeito simples)	Perdi	Perdeste	Perdeu	Perdemos	Perderam							Portuguese::Verbos::Passado(PPS) Português::Curso::A1
Perguntar + passado (PPS)	Perguntar	passado (pretérito perfeito simples)	Perguntei	Perguntaste	Perguntou	Perguntámos	Perguntaram							Portuguese::Verbos::Passado(PPS) Português::Curso::A1
Permanecer + passado (PPS)	Permanecer	passado (pretérito perfeito simples)	Permaneci	Permaneceste	Permaneceu	Permanecemos	Permaneceram							Portuguese::Verbos::Passado(PPS) Português::Curso::A1
Permitir + passado (PPS)	Permitir	passado (pretérito perfeito simples)	Permiti	Permitiste	Permitiu	Permitimos	Permitiram							Portuguese::Verbos::Passado(PPS) Português::Curso::A1
Pesquisar + passado (PPS)	Pesquisar	passado (pretérito perfeito simples)	Pesquisei	Pesquisaste	Pesquisou	Pesquisámos	Pesquisaram							Portuguese::Verbos::Passado(PPS) Português::Curso::A1
Picar + passado (PPS)	Picar (cortar)	passado (pretérito perfeito simples)	Piquei	Picaste	Picou	Picámos	Picaram							Portuguese::Verbos::Passado(PPS) Português::Curso::A1
Pisar + passado (PPS)	Pisar	passado (pretérito perfeito simples)	Pisei	Pisaste	Pisou	Pisámos	Pisaram							Portuguese::Verbos::Passado(PPS) Português::Curso::A1
Poder + passado (PPS)	Poder	passado (pretérito perfeito simples)	Pude	Pudeste	Pôde	Pudemos	Puderam							Portuguese::Verbos::Passado(PPS) Português::Curso::A1
Pôr + passado (PPS)	Pôr	passado (pretérito perfeito simples)	Pus	Puseste	Pôs	Pusemos	Puseram							Portuguese::Verbos::Passado(PPS) Português::Curso::A1
Praticar + passado (PPS)	Praticar	passado (pretérito perfeito simples)	Pratiquei	Praticaste	Praticou	Praticámos	Praticaram							Portuguese::Verbos::Passado(PPS) Português::Curso::A1
Precisar + passado (PPS)	precisar (necesitar)	passado (pretérito perfeito simples)	Precisei	Precisaste	Precisou	Precisámos	Precisaram							Portuguese::Verbos::Passado(PPS) Português::Curso::A1
Preencher + passado (PPS)	Preencher	passado (pretérito perfeito simples)	Preenchi	Preencheste	Preencheu	Preenchemos	Preencheram							Portuguese::Verbos::Passado(PPS) Português::Curso::A1
Preferir + passado (PPS)	Preferir	passado (pretérito perfeito simples)	Preferi	Preferiste	Preferiu	Preferimos	Preferiram							Portuguese::Verbos::Passado(PPS) Português::Curso::A1
Prometer + passado (PPS)	Prometer	passado (pretérito perfeito simples)	Prometi	Prometeste	Prometeu	Prometemos	Prometeram							Portuguese::Verbos::Passado(PPS) Português::Curso::A1
Proteger + passado (PPS)	Proteger	passado (pretérito perfeito simples)	Protegi	Protegeste	Protegeu	Protegemos	Protegeram							Portuguese::Verbos::Passado(PPS) Português::Curso::A1
Querer + passado (PPS)	Querer	passado (pretérito perfeito simples)	Quis	Quiseste	Quis	Quisemos	Quiseram							Portuguese::Verbos::Passado(PPS) Português::Curso::A1
Receber + passado (PPS)	Receber	passado (pretérito perfeito simples)	Recebi	Recebeste	Recebeu	Recebemos	Receberam							Portuguese::Verbos::Passado(PPS) Português::Curso::A1
Registrar + passado (PPS)	Registrar	passado (pretérito perfeito simples)	Registrei	Registaste	Registou	Registámos	Registraram							Portuguese::Verbos::Passado(PPS) Português::Curso::A1
Registrar + passado (PPS)	Registrar	passado (pretérito perfeito simples)	Registrei	Registraste	Registrou	Registramos	Registram							Portuguese::Verbos::Passado(PPS) Português::Curso::A1
Repetir + passado (PPS)	Repetir	passado (pretérito perfeito simples)	Repeti	Repetiste	Repetiu	Repetimos	Repetiram							Portuguese::Verbos::Passado(PPS) Português::Curso::A1
Resolver + passado (PPS)	Resolver	passado (pretérito perfeito simples)	Resolvi	Resolveste	Resolveu	Resolvemos	Resolveram							Portuguese::Verbos::Passado(PPS) Português::Curso::A1
Resumir + passado (PPS)	Resumir	passado (pretérito perfeito simples)	Resumi	Resumiste	Resumiu	Resumimos	Resumiram							Portuguese::Verbos::Passado(PPS) Português::Curso::A1
Retirar + passado (PPS)	Retirar	passado (pretérito perfeito simples)	Retirei	Retiraste	Retirou	Retirámos	Retiraram							Portuguese::Verbos::Passado(PPS) Português::Curso::A1
Retribuir + passado (PPS)	Retribuir	passado (pretérito perfeito simples)	Retribuí	Retribuíste	Retribuiu	Retribuímos	Retribuíram							Portuguese::Verbos::Passado(PPS) Português::Curso::A1
Reunir + passado (PPS)	Reunir	passado (pretérito perfeito simples)	Reuni	Reuniste	Reuniu	Reunimos	Reuniram							Portuguese::Verbos::Passado(PPS) Português::Curso::A1
Rir + passado (PPS)	Rir	passado (pretérito perfeito simples)	Ri	Riste	Riu	Rimos	Riram							Portuguese::Verbos::Passado(PPS) Português::Curso::A1
Saber + passado (PPS)	Saber	passado (pretérito perfeito simples)	Soube	Soubeste	Soube	Soubemos	Souberam							Portuguese::Verbos::Passado(PPS) Português::Curso::A1
Sair + passado (PPS)	Sair	passado (pretérito perfeito simples)	Saí	Saíste	Saiu	Saímos	Saíram							Portuguese::Verbos::Passado(PPS) Português::Curso::A1
Seguir + passado (PPS)	Seguir	passado (pretérito perfeito simples)	Segui	Seguiste	Seguiu	Seguimos	Seguiram							Portuguese::Verbos::Passado(PPS) Português::Curso::A1
Sentir + passado (PPS)	Sentir	passado (pretérito perfeito simples)	Senti	Sentiste	Sentiu	Sentimos	Sentiram							Portuguese::Verbos::Passado(PPS) Português::Curso::A1
Sentir-se + passado (PPS)	Sentir-se	passado (pretérito perfeito simples)	Senti-me	Sentiste-te	Sentiu-se	Sentimo-nos	Sentiram-se							Portuguese::Verbos::Passado(PPS) Português::Curso::A1
Ser + passado (PPS)	Ser	passado (pretérito perfeito simples)	Fui	Foste	Foi	Fomos	Foram							Portuguese::Verbos::Passado(PPS) Português::Curso::A1
Servir + passado (PPS)	Servir	passado (pretérito perfeito simples)	Servi	Serviste	Serviu	Servimos	Serviram							Portuguese::Verbos::Passado(PPS) Português::Curso::A1
Subir + passado (PPS)	Subir	passado (pretérito perfeito simples)	Subi	Subiste	Subiu	Subimos	Subiram							Portuguese::Verbos::Passado(PPS) Português::Curso::A1
Substituir + passado (PPS)	Substituir	passado (pretérito perfeito simples)	Substituí	Substituíste	Substituiu	Substituímos	Substituíram							Portuguese::Verbos::Passado(PPS) Português::Curso::A1
Telefonar + passado (PPS)	Telefonar	passado (pretérito perfeito simples)	Telefonei	Telefonaste	Telefonou	Telefonámos	Telefonaram							Portuguese::Verbos::Passado(PPS) Português::Curso::A1
Temperar + passado (PPS)	Temperar	passado (pretérito perfeito simples)	Temperai	Temperaste	Temperou	Temperámos	Temperaram							Portuguese::Verbos::Passado(PPS) Português::Curso::A1
Tentar + passado (PPS)	Tentar	passado (pretérito perfeito simples)	Tentei	Tentaste	Tentou	Tentámos	Tentaram							Portuguese::Verbos::Passado(PPS) Português::Curso::A1
Ter + passado (PPS)	Ter	passado (pretérito perfeito simples)	Tive	Tiveste	Teve	Tivemos	Tiveram							Portuguese::Verbos::Passado(PPS) Português::Curso::A1
Tirar + passado (PPS)	tirar (qutar, sacar)	passado (pretérito perfeito simples)	Tirei	Tiraste	Tirou	Tirámos	Tiraram							Portuguese::Verbos::Passado(PPS) Português::Curso::A1
Tocar + passado (PPS)	Tocar	passado (pretérito perfeito simples)	Toquei	Toqueste	Toqueou	Toqueámos	Toquearam							Portuguese::Verbos::Passado(PPS) Português::Curso::A1
Tomar + passado (PPS)	Tomar	passado (pretérito perfeito simples)	Tomei	Tomaste	Tomou	Tomámos	Tomaram							Portuguese::Verbos::Passado(PPS) Português::Curso::A1
Tomar + passado (PPS)	Tomar	passado (pretérito perfeito simples)	Tomei	Tomaste	Tomou	Tomámos	Tomaram							Portuguese::Verbos::Passado(PPS) Português::Curso::A1
Trabalhar + passado (PPS)	Trabalhar	passado (pretérito perfeito simples)	Trabalhei	Trabalhaste	Trabalhou	Trabalhámos	Trabalharam							Portuguese::Verbos::Passado(PPS) Português::Curso::A1
Traduzir + passado (PPS)	Traduzir	passado (pretérito perfeito simples)	Traduzi	Traduziste	Traduziu	Traduzimos	Traduziram							Portuguese::Verbos::Passado(PPS) Português::Curso::A1
Tratar + passado (PPS)	Tratar	passado (pretérito perfeito simples)	Tratei	Trataste	Tratou	Tratámos	Trataram							Portuguese::Verbos::Passado(PPS) Português::Curso::A1
Trazer + passado (PPS)	Trazer	passado (pretérito perfeito simples)	Trouxe	Trouxeste	Trouxe	Trouxemos	Trouxeram							Portuguese::Verbos::Passado(PPS) Português::Curso::A1
Usar + passado (PPS)	Usar	passado (pretérito perfeito simples)	Usei	Usaste	Usou	Usámos	Usaram							Portuguese::Verbos::Passado(PPS) Português::Curso::A1
Ver + passado (PPS)	Ver	passado (pretérito perfeito simples)	Vi	Viste	Viu	Vimos	Viram							Portuguese::Verbos::Passado(PPS) Português::Curso::A1
Vestir + passado (PPS)	Vestir	passado (pretérito perfeito simples)	Vesti	Vestiste	Vestiu	Vestimos	Vestiram							Portuguese::Verbos::Passado(PPS) Português::Curso::A1
Vestir-se + passado (PPS)	Vestir-se	passado (pretérito perfeito simples)	Vesti-me	Vestiste-te	Vestiu-se	Vestimo-nos	Vestiram-se							Portuguese::Verbos::Passado(PPS) Português::Curso::A1
Viajar + passado (PPS)	Viajar	passado (pretérito perfeito simples)	Viajei	Viajaste	Viajou	Viajámos	Viajaram							Portuguese::Verbos::Passado(PPS) Português::Curso::A1
Vir + passado (PPS)	Vir	passado (pretérito perfeito simples)	Vim	Vieste	Veio	Viemos	Vieram							Portuguese::Verbos::Passado(PPS) Português::Curso::A1
Visitar + passado (PPS)	Visitar	passado (pretérito perfeito simples)	Visitei	Visitaste	Visitou	Visitámos	Visitaram							Portuguese::Verbos::Passado(PPS) Português::Curso::A1
Viver + passado (PPS)	Viver	passado (pretérito perfeito simples)	Vivi	Viveste	Viveu	Vivemos	Viveram							Portuguese::Verbos::Passado(PPS) Português::Curso::A1
Viver + passado (PPS)	Viver	passado (pretérito perfeito simples)	Vivi	Viveste	Viveu	Vivemos	Viveram							Portuguese::Verbos::Passado(PPS) Português::Curso::A1
Xingar + passado (PPS)	Xingar (maldecir)	passado (pretérito perfeito simples)	Xinguei	Xingaste	Xingou	Xingámos	Xingaram							Portuguese::Verbos::Passado(PPS) Português::Curso::A1
Zangar-se + passado (PPS)	Zangar-se (enfadarse)	passado (pretérito perfeito simples)	Zanguei-me	Zangaste-te	Zangou-se	Zangámo-nos	Zangaram-se							Portuguese::Verbos::Passado(PPS) Português::Curso::A1
Aceitar + passado (PPS)	aceitar (aceptar)	passado (pretérito perfeito simples)	Aceitei	Aceitaste	Aceitou	Aceitámos	Aceitaram							Portuguese::Verbos::Passado(PPS) Português::Curso::A1
Achar + passado (PPS)	achar (pensar)	passado (pretérito perfeito simples)	Achei	Achaste	Achou	Achámos	Acharam							Portuguese::Verbos::Passado(PPS) Português::Curso::A1
Afagar + passado (PPS)	afagar (acariciar)	passado (pretérito perfeito simples)	Afaguei	Afagaste	Afagou	Afagámos	Afagaram							Portuguese::Verbos::Passado(PPS) Português::Curso::A1
Afastar-se + passado (PPS)	Afastar-se	passado (pretérito perfeito simples)	Afastei-me	Afastaste-te	Afastou-se	Afastámo-nos	Afastaram-se							Portuguese::Verbos::Passado(PPS) Português::Curso::A1
Arranjar + passado (PPS)	arranjar (ordenar)	passado (pretérito perfeito simples)	Arranjei	Arranjaste	Arranjou	Arranjámos	Arranjaram							Portuguese::Verbos::Passado(PPS) Português::Curso::A1
Arranjar-se + passado (PPS)	arranjar-se (arreglarse)	passado (pretérito perfeito simples)	Arranjei-me	Arranjaste-te	Arranjou-se	Arranjámo-nos	Arranjaram-se							Portuguese::Verbos::Passado(PPS) Português::Curso::A1
Chamar-se + passado (PPS)	Chamar-se	passado (pretérito perfeito simples)	Chamei-me	Chamaste-te	Chamou-se	Chamámo-nos	Chamaram-se							Portuguese::Verbos::Passado(PPS) Português::Curso::A1
Comprar + passado (PPS)	Comprar	passado (pretérito perfeito simples)	Comprei	Compraste	Comprou	Comprámos	Compraram							Portuguese::Verbos::Passado(PPS) Português::Curso::A1
Dividir + passado (PPS)	Dividir	passado (pretérito perfeito simples)	Dividi	Dividiste	Dividiu	Dividimos	Dividiram							Portuguese::Verbos::Passado(PPS) Português::Curso::A1
Empurrar + passado (PPS)	empurrar (empujar)	passado (pretérito perfeito simples)	Empurrei	Empurraste	Empurrou	Empurrámos	Empurraram							Portuguese::Verbos::Passado(PPS) Português::Curso::A1
Encontrar-se + passado (PPS)	Encontrar-se	passado (pretérito perfeito simples)	Encontrei-me	Encontraste-te	Encontrou-se	Encontrámo-nos	Encontraram-se							Portuguese::Verbos::Passado(PPS) Português::Curso::A1
Estudar + passado (PPS)	Estudar	passado (pretérito perfeito simples)	Estudei	Estudaste	Estudou	Estudámos	Estudaram							Portuguese::Verbos::Passado(PPS) Português::Curso::A1
Gostar + passado (PPS)	Gostar	passado (pretérito perfeito simples)	Gostei	Gostaste	Gostou	Gostámos	Gostaram							Portuguese::Verbos::Passado(PPS) Português::Curso::A1
Lanchar + passado (PPS)	Lanchar	passado (pretérito perfeito simples)	Lanchei	Lanchaste	Lanchou	Lanchámos	Lancharam							Portuguese::Verbos::Passado(PPS) Português::Curso::A1
Lavar-se + passado (PPS)	Lavar-se	passado (pretérito perfeito simples)	Lavei-me	Lavaste-te	Lavou-se	Lavámo-nos	Lavaram-se							Portuguese::Verbos::Passado(PPS) Português::Curso::A1
Levantar-se + passado (PPS)	Levantar-se	passado (pretérito perfeito simples)	Levantei-me	Levantaste-te	Levantou-se	Levantámo-nos	Levantaram-se							Portuguese::Verbos::Passado(PPS) Português::Curso::A1
Machucar + passado (PPS)	machucar (lastimar)	passado (pretérito perfeito simples)	Machuquei	Machucaste	Machucou	Machucámos	Machucaram							Portuguese::Verbos::Passado(PPS) Português::Curso::A1
Machucar-se + passado (PPS)	machucar-se (lastimarse)	passado (pretérito perfeito simples)	Machuquei-me	Machucaste-te	Machucou-se	Machucámo-nos	Machucaram-se							Portuguese::Verbos::Passado(PPS) Português::Curso::A1
Mudar + passado (PPS)	mudar (cambiar)	passado (pretérito perfeito simples)	Mudei	Mudaste	Mudou	Mudámos	Mudaram							Portuguese::Verbos::Passado(PPS) Português::Curso::A1
Ocupar + passado (PPS)	Ocupar	passado (pretérito perfeito simples)	Ocupei	Ocupaste	Ocupou	Ocupámos	Ocuparam							Portuguese::Verbos::Passado(PPS) Português::Curso::A1
Pensar + passado (PPS)	Pensar	passado (pretérito perfeito simples)	Pensei	Pensaste	Pensou	Pensámos	Pensaram							Portuguese::Verbos::Passado(PPS) Português::Curso::A1
Pintar + passado (PPS)	Pintar	passado (pretérito perfeito simples)	Pintei	Pintaste	Pintou	Pintámos	Pintaram							Portuguese::Verbos::Passado(PPS) Português::Curso::A1
Poupar + passado (PPS)	poupar (ahorrar, perdonar)	passado (pretérito perfeito simples)	Poupei	Poupaste	Poupou	Poupámos	Pouparam							Portuguese::Verbos::Passado(PPS) Português::Curso::A1
Poupar-se + passado (PPS)	poupar-se (escaquearse)	passado (pretérito perfeito simples)	Poupei-me	Poupaste-te	Poupou-se	Poupámo-nos	Pouparam-se							Portuguese::Verbos::Passado(PPS) Português::Curso::A1
Puxar + passado (PPS)	puxar (tirar de, jalar)	passado (pretérito perfeito simples)	Puxei	Puxaste	Puxou	Puxámos	Puxaram							Portuguese::Verbos::Passado(PPS) Português::Curso::A1
Responder + passado (PPS)	Responder	passado (pretérito perfeito simples)	Respondi	Respondeste	Respondeu	Respondemos	Responderam							Portuguese::Verbos::Passado(PPS) Português::Curso::A1
Sentar-se + passado (PPS)	Sentar-se	passado (pretérito perfeito simples)	Sentei-me	Sentaste-te	Sentou-se	Sentámo-nos	Sentaram-se							Portuguese::Verbos::Passado(PPS) Português::Curso::A1
Sumir + passado (PPS)	sumir (irse, desaparecer)	passado (pretérito perfeito simples)	Sumi	Sumiste	Sumiu	Sumimos	Sumiram							Portuguese::Verbos::Passado(PPS) Português::Curso::A1