Compor + imperfeito	Compor	<span style="color: rgb(255, 85, 0);"><b>imperfeito</b></span>	compunha	compunhas	compunha	compúnhamos	compunham						/kõˈpuɲɐ/	/kõˈpuɲɐʃ/	/kõˈpuɲɐ/	/kõˈpuɲɐmuʃ/	/kõˈpuɲɐ̃w̃/							Curso::2A2::U3-Como-Era-a-Tua-Escola Portugues::Verbos::Derivados Portugues::Verbos::Imperfeito Portugues::Verbos::Imperfeito::Derivados Portugues::Verbos::Imperfeito::Irregulares Portugues::Verbos::Tempo::Indicativo
Conter + imperfeito	Conter	<span style="color: rgb(255, 85, 0);"><b>imperfeito</b></span>	continha	continhas	continha	contínhamos	continha						/kõˈtiɲɐ/	/kõˈtiɲɐʃ/	/kõˈtiɲɐ/	/kõˈtiɲɐmuʃ/	/kõˈtiɲɐ/							Curso::2A2::U3-Como-Era-a-Tua-Escola Portugues::Verbos::Derivados Portugues::Verbos::Derivados::TER Portugues::Verbos::Imperfeito Portugues::Verbos::Imperfeito::-ER Portugues::Verbos::Imperfeito::Derivados Portugues::Verbos::Imperfeito::Irregulares Portugues::Verbos::Tempo::Indicativo
Converter + imperfeito	Converter	<span style="color: rgb(255, 85, 0);"><b>imperfeito</b></span>	convertia	convertias	convertia	convertíamos	convertiam						/kõvɨɾˈtiɐ/	/kõvɨɾˈtiɐʃ/	/kõvɨɾˈtiɐ/	/kõvɨɾˈtiɐmuʃ/	/kõvɨɾˈtiɐ̃w̃/							Curso::2A2::U3-Como-Era-a-Tua-Escola Portugues::Verbos::Derivados Portugues::Verbos::Derivados::TER Portugues::Verbos::Imperfeito Portugues::Verbos::Imperfeito::-ER Portugues::Verbos::Imperfeito::Derivados Portugues::Verbos::Tempo::Indicativo
Convir + imperfeito	Convir	<span style="color: rgb(255, 85, 0);"><b>imperfeito</b></span>	convinha	convinhas	convinha	convínhamos	convinham						/kõˈviɲɐ/	/kõˈviɲɐʃ/	/kõˈviɲɐ/	/kõˈviɲɐmuʃ/	/kõˈviɲɐ̃w̃/							Curso::2A2::U3-Como-Era-a-Tua-Escola Portugues::Verbos::Derivados Portugues::Verbos::Derivados::VIR Portugues::Verbos::Imperfeito Portugues::Verbos::Imperfeito::-IR Portugues::Verbos::Imperfeito::Derivados Portugues::Verbos::Imperfeito::Irregulares Portugues::Verbos::Tempo::Indicativo
Desfazer + imperfeito	Desfazer	<span style="color: rgb(255, 85, 0);"><b>imperfeito</b></span>	desfazia	desfazias	desfazia	desfazíamos	desfaziam						/dɨʃfɐˈziɐ/	/dɨʃfɐˈziɐʃ/	/dɨʃfɐˈziɐ/	/dɨʃfɐˈziɐmuʃ/	/dɨʃfɐˈziɐ̃w̃/							Curso::2A2::U3-Como-Era-a-Tua-Escola Portugues::Verbos::Derivados Portugues::Verbos::Derivados::FAZER Portugues::Verbos::Imperfeito Portugues::Verbos::Imperfeito::-ER Portugues::Verbos::Imperfeito::Derivados Portugues::Verbos::Tempo::Indicativo
Deter + imperfeito	Deter	<span style="color: rgb(255, 85, 0);"><b>imperfeito</b></span>	detinha	detinhas	detinha	detínhamos	detinham						/dɨˈtiɲɐ/	/dɨˈtiɲɐʃ/	/dɨˈtiɲɐ/	/dɨˈtiɲɐmuʃ/	/dɨˈtiɲɐ̃w̃/							Curso::2A2::U3-Como-Era-a-Tua-Escola Portugues::Verbos::Derivados Portugues::Verbos::Derivados::TER Portugues::Verbos::Imperfeito Portugues::Verbos::Imperfeito::-ER Portugues::Verbos::Imperfeito::Derivados Portugues::Verbos::Imperfeito::Irregulares Portugues::Verbos::Tempo::Indicativo
Dispor + imperfeito	Dispor	<span style="color: rgb(255, 85, 0);"><b>imperfeito</b></span>	dispunha	dispunhas	dispunha	dispúnhamos	dispunham						/diˈʃpuɲɐ/	/diˈʃpuɲɐʃ/	/diˈʃpuɲɐ/	/diˈʃpuɲɐmuʃ/	/diˈʃpuɲɐ̃w̃/							Curso::2A2::U3-Como-Era-a-Tua-Escola Portugues::Verbos::Derivados Portugues::Verbos::Imperfeito Portugues::Verbos::Imperfeito::Derivados Portugues::Verbos::Imperfeito::Irregulares Portugues::Verbos::Tempo::Indicativo
Entrever + imperfeito	Entrever	<span style="color: rgb(255, 85, 0);"><b>imperfeito</b></span>	entrevia	entrevias	entrevia	entrevíamos	entreviam						/ẽtɾɨˈviɐ/	/ẽtɾɨˈviɐʃ/	/ẽtɾɨˈviɐ/	/ẽtɾɨˈviɐmuʃ/	/ẽtɾɨˈviɐ̃w̃/							Curso::2A2::U3-Como-Era-a-Tua-Escola Portugues::Verbos::Derivados Portugues::Verbos::Derivados::VER Portugues::Verbos::Imperfeito Portugues::Verbos::Imperfeito::-ER Portugues::Verbos::Imperfeito::Derivados Portugues::Verbos::Tempo::Indicativo
Impor + imperfeito	Impor	<span style="color: rgb(255, 85, 0);"><b>imperfeito</b></span>	impunha	impunhas	impunha	impúnhamos	impunham						/ĩˈpuɲɐ/	/ĩˈpuɲɐʃ/	/ĩˈpuɲɐ/	/ĩˈpuɲɐmuʃ/	/ĩˈpuɲɐ̃w̃/							Curso::2A2::U3-Como-Era-a-Tua-Escola Portugues::Verbos::Derivados Portugues::Verbos::Imperfeito Portugues::Verbos::Imperfeito::Derivados Portugues::Verbos::Imperfeito::Irregulares Portugues::Verbos::Tempo::Indicativo
Intervir + imperfeito	Intervir	<span style="color: rgb(255, 85, 0);"><b>imperfeito</b></span>	intervinha	intervinhas	intervinha	intervínhamos	intervinham						/ĩtɨɾˈviɲɐ/	/ĩtɨɾˈviɲɐʃ/	/ĩtɨɾˈviɲɐ/	/ĩtɨɾˈviɲɐmuʃ/	/ĩtɨɾˈviɲɐ̃w̃/							Curso::2A2::U3-Como-Era-a-Tua-Escola Portugues::Verbos::Derivados Portugues::Verbos::Derivados::VIR Portugues::Verbos::Imperfeito Portugues::Verbos::Imperfeito::-IR Portugues::Verbos::Imperfeito::Derivados Portugues::Verbos::Imperfeito::Irregulares Portugues::Verbos::Tempo::Indicativo
Manter + imperfeito	Manter	<span style="color: rgb(255, 85, 0);"><b>imperfeito</b></span>	mantinha	mantinhas	mantinha	mantínhamos	mantinham						/mɐ̃ˈtiɲɐ/	/mɐ̃ˈtiɲɐʃ/	/mɐ̃ˈtiɲɐ/	/mɐ̃ˈtiɲɐmuʃ/	/mɐ̃ˈtiɲɐ̃w̃/							Curso::2A2::U3-Como-Era-a-Tua-Escola Portugues::Verbos::Derivados Portugues::Verbos::Derivados::TER Portugues::Verbos::Imperfeito Portugues::Verbos::Imperfeito::-ER Portugues::Verbos::Imperfeito::Derivados Portugues::Verbos::Imperfeito::Irregulares Portugues::Verbos::Tempo::Indicativo
Obter + imperfeito	Obter	<span style="color: rgb(255, 85, 0);"><b>imperfeito</b></span>	obtinha	obtinhas	obtinha	obtínhamos	obtinham						/oˈbtiɲɐ/	/oˈbtiɲɐʃ/	/oˈbtiɲɐ/	/oˈbtiɲɐmuʃ/	/oˈbtiɲɐ̃w̃/							Curso::2A2::U3-Como-Era-a-Tua-Escola Portugues::Verbos::Derivados Portugues::Verbos::Derivados::TER Portugues::Verbos::Imperfeito Portugues::Verbos::Imperfeito::-ER Portugues::Verbos::Imperfeito::Derivados Portugues::Verbos::Imperfeito::Irregulares Portugues::Verbos::Tempo::Indicativo
Prever + imperfeito	Prever	<span style="color: rgb(255, 85, 0);"><b>imperfeito</b></span>	previa	previas	previa	prevíamos	previam						/pɾɨˈviɐ/	/pɾɨˈviɐʃ/	/pɾɨˈviɐ/	/pɾɨˈviɐmuʃ/	/pɾɨˈviɐ̃w̃/							Curso::2A2::U3-Como-Era-a-Tua-Escola Portugues::Verbos::Derivados Portugues::Verbos::Derivados::VER Portugues::Verbos::Imperfeito Portugues::Verbos::Imperfeito::-ER Portugues::Verbos::Imperfeito::Derivados Portugues::Verbos::Tempo::Indicativo
Propor + imperfeito	Propor	<span style="color: rgb(255, 85, 0);"><b>imperfeito</b></span>	propunha	propunhas	propunha	propúnhamos	propunham						/pɾuˈpuɲɐ/	/pɾuˈpuɲɐʃ/	/pɾuˈpuɲɐ/	/pɾuˈpuɲɐmuʃ/	/pɾuˈpuɲɐ̃w̃/							Curso::2A2::U3-Como-Era-a-Tua-Escola Portugues::Verbos::Derivados Portugues::Verbos::Imperfeito Portugues::Verbos::Imperfeito::Derivados Portugues::Verbos::Imperfeito::Irregulares Portugues::Verbos::Tempo::Indicativo
Provir + imperfeito	Provir	<span style="color: rgb(255, 85, 0);"><b>imperfeito</b></span>	provinha	provinhas	provinha	provínhamos	provinham						/pɾuˈviɲɐ/	/pɾuˈviɲɐʃ/	/pɾuˈviɲɐ/	/pɾuˈviɲɐmuʃ/	/pɾuˈviɲɐ̃w̃/							Curso::2A2::U3-Como-Era-a-Tua-Escola Portugues::Verbos::Derivados Portugues::Verbos::Derivados::VIR Portugues::Verbos::Imperfeito Portugues::Verbos::Imperfeito::-IR Portugues::Verbos::Imperfeito::Derivados Portugues::Verbos::Imperfeito::Irregulares Portugues::Verbos::Tempo::Indicativo
Refazer + imperfeito	Refazer	<span style="color: rgb(255, 85, 0);"><b>imperfeito</b></span>	refazia	refazias	refazia	refazíamos	refaziam						/ʁɨfɐˈziɐ/	/ʁɨfɐˈziɐʃ/	/ʁɨfɐˈziɐ/	/ʁɨfɐˈziɐmuʃ/	/ʁɨfɐˈziɐ̃w̃/							Curso::2A2::U3-Como-Era-a-Tua-Escola Portugues::Verbos::Derivados Portugues::Verbos::Derivados::FAZER Portugues::Verbos::Imperfeito Portugues::Verbos::Imperfeito::-ER Portugues::Verbos::Imperfeito::Derivados Portugues::Verbos::Tempo::Indicativo
Repor + imperfeito	Repor	<span style="color: rgb(255, 85, 0);"><b>imperfeito</b></span>	repunha	repunhas	repunha	repúnhamos	repunham						/ʁɨˈpuɲɐ/	/ʁɨˈpuɲɐʃ/	/ʁɨˈpuɲɐ/	/ʁɨˈpuɲɐmuʃ/	/ʁɨˈpuɲɐ̃w̃/							Curso::2A2::U3-Como-Era-a-Tua-Escola Portugues::Verbos::Derivados Portugues::Verbos::Imperfeito Portugues::Verbos::Imperfeito::Derivados Portugues::Verbos::Imperfeito::Irregulares Portugues::Verbos::Tempo::Indicativo
Reter + imperfeito	Reter	<span style="color: rgb(255, 85, 0);"><b>imperfeito</b></span>	retinha	retinhas	retinha	retínhamos	retinham						/ʁɨˈtiɲɐ/	/ʁɨˈtiɲɐʃ/	/ʁɨˈtiɲɐ/	/ʁɨˈtiɲɐmuʃ/	/ʁɨˈtiɲɐ̃w̃/							Curso::2A2::U3-Como-Era-a-Tua-Escola Portugues::Verbos::Derivados Portugues::Verbos::Derivados::TER Portugues::Verbos::Imperfeito Portugues::Verbos::Imperfeito::-ER Portugues::Verbos::Imperfeito::Derivados Portugues::Verbos::Imperfeito::Irregulares Portugues::Verbos::Tempo::Indicativo
Rever + imperfeito	Rever	<span style="color: rgb(255, 85, 0);"><b>imperfeito</b></span>	revia	revias	revia	revíamos	reviam						/ʁɨˈviɐ/	/ʁɨˈviɐʃ/	/ʁɨˈviɐ/	/ʁɨˈviɐmuʃ/	/ʁɨˈviɐ̃w̃/							Curso::2A2::U3-Como-Era-a-Tua-Escola Portugues::Verbos::Derivados Portugues::Verbos::Derivados::VER Portugues::Verbos::Imperfeito Portugues::Verbos::Imperfeito::-ER Portugues::Verbos::Imperfeito::Derivados Portugues::Verbos::Tempo::Indicativo
Revir + imperfeito	Revir	<span style="color: rgb(255, 85, 0);"><b>imperfeito</b></span>	revinha	revínhas	revinha	revínhamos	revnham						/ʁɨˈviɲɐ/	/ʁɨˈviɲɐʃ/	/ʁɨˈviɲɐ/	/ʁɨˈviɲɐmuʃ/	/ˈʁɛvɲɐ̃w̃/							Curso::2A2::U3-Como-Era-a-Tua-Escola Portugues::Verbos::Derivados Portugues::Verbos::Derivados::VIR Portugues::Verbos::Imperfeito Portugues::Verbos::Imperfeito::-IR Portugues::Verbos::Imperfeito::Derivados Portugues::Verbos::Imperfeito::Irregulares Portugues::Verbos::Tempo::Indicativo
Satisfazer + imperfeito	Satisfazer	<span style="color: rgb(255, 85, 0);"><b>imperfeito</b></span>	satisfazia	satisfazias	satisfazia	satisfazíamos	satisfaziam						/sɐtiʃfɐˈziɐ/	/sɐtiʃfɐˈziɐʃ/	/sɐtiʃfɐˈziɐ/	/sɐtiʃfɐˈziɐmuʃ/	/sɐtiʃfɐˈziɐ̃w̃/							Curso::2A2::U3-Como-Era-a-Tua-Escola Portugues::Verbos::Derivados Portugues::Verbos::Derivados::FAZER Portugues::Verbos::Imperfeito Portugues::Verbos::Imperfeito::-ER Portugues::Verbos::Imperfeito::Derivados Portugues::Verbos::Tempo::Indicativo
Sobrepor + imperfeito	Sobrepor	<span style="color: rgb(255, 85, 0);"><b>imperfeito</b></span>	sobrepunha	sobrepunhas	sobrepunha	sobrepúnhamos	sobrepunham						/subɾɨˈpuɲɐ/	/subɾɨˈpuɲɐʃ/	/subɾɨˈpuɲɐ/	/subɾɨˈpuɲɐmuʃ/	/subɾɨˈpuɲɐ̃w̃/							Curso::2A2::U3-Como-Era-a-Tua-Escola Portugues::Verbos::Derivados Portugues::Verbos::Imperfeito Portugues::Verbos::Imperfeito::Derivados Portugues::Verbos::Imperfeito::Irregulares Portugues::Verbos::Tempo::Indicativo
Supor + imperfeito	Supor	<span style="color: rgb(255, 85, 0);"><b>imperfeito</b></span>	supunha	supunhas	supunha	supúnhamos	supunham						/suˈpuɲɐ/	/suˈpuɲɐʃ/	/suˈpuɲɐ/	/suˈpuɲɐmuʃ/	/suˈpuɲɐ̃w̃/							Curso::2A2::U3-Como-Era-a-Tua-Escola Portugues::Verbos::Derivados Portugues::Verbos::Imperfeito Portugues::Verbos::Imperfeito::Derivados Portugues::Verbos::Imperfeito::Irregulares Portugues::Verbos::Tempo::Indicativo
Transver + imperfeito	Transver	<span style="color: rgb(255, 85, 0);"><b>imperfeito</b></span>	transvia	transvias	transvia	transvíamos	transviam						/tɾɐ̃sˈviɐ/	/tɾɐ̃sˈviɐʃ/	/tɾɐ̃sˈviɐ/	/tɾɐ̃sˈviɐmuʃ/	/tɾɐ̃sˈviɐ̃w̃/							Curso::2A2::U3-Como-Era-a-Tua-Escola Portugues::Verbos::Derivados Portugues::Verbos::Derivados::VER Portugues::Verbos::Imperfeito Portugues::Verbos::Imperfeito::-ER Portugues::Verbos::Imperfeito::Derivados Portugues::Verbos::Tempo::Indicativo
Ultrapassar + imperfeito	Ultrapassar	<span style="color: rgb(255, 85, 0);"><b>imperfeito</b></span>	ultrapassava	ultrapassavas	ultrapassava	ultrapassávamos	ultrapassavam						/uɫtɾɐpɐˈsavɐ/	/uɫtɾɐpɐˈsavɐʃ/	/uɫtɾɐpɐˈsavɐ/	/uɫtɾɐpɐˈsavɐmuʃ/	/uɫtɾɐpɐˈsavɐ̃w̃/							Curso::2A2::U3-Como-Era-a-Tua-Escola Portugues::Verbos::Derivados Portugues::Verbos::Derivados::PASSAR Portugues::Verbos::Imperfeito Portugues::Verbos::Imperfeito::-AR Portugues::Verbos::Imperfeito::Derivados Portugues::Verbos::Tempo::Indicativo
Ser + imperfeito	Ser	<span style="color: rgb(255, 85, 0);"><b>imperfeito</b></span>	era	eras	era	éramos	eram						/ˈɛɾɐ/	/ˈɛɾɐʃ/	/ˈɛɾɐ/	/ˈɛɾɐmuʃ/	/ˈɛɾɐ̃w̃/							Portugues::Conjugacao Portugues::Verbos::Imperfeito Portugues::Verbos::Tempo::Indicativo
Ter + imperfeito	Ter	<span style="color: rgb(255, 85, 0);"><b>imperfeito</b></span>	tinha	tinhas	tinha	tínhamos	tinham						/ˈtiɲɐ/	/ˈtiɲɐʃ/	/ˈtiɲɐ/	/ˈtiɲɐmuʃ/	/ˈtiɲɐ̃w̃/							Curso::2A2::U4-Nao-Tinhamos-Redes-Sociais Portugues::Conjugacao Portugues::Verbos::Imperfeito Portugues::Verbos::Tempo::Indicativo
Vir + imperfeito	Vir	<span style="color: rgb(255, 85, 0);"><b>imperfeito</b></span>	vinha	vinhas	vinha	vínhamos	vinham						/ˈviɲɐ/	/ˈviɲɐʃ/	/ˈviɲɐ/	/ˈviɲɐmuʃ/	/ˈviɲɐ̃w̃/							Portugues::Conjugacao Portugues::Verbos::Imperfeito Portugues::Verbos::Tempo::Indicativo
Pôr + imperfeito	Pôr	<span style="color: rgb(255, 85, 0);"><b>imperfeito</b></span>	punha	punhas	punha	púnhamos	punham						/ˈpuɲɐ/	/ˈpuɲɐʃ/	/ˈpuɲɐ/	/ˈpuɲɐmuʃ/	/ˈpuɲɐ̃w̃/							Portugues::Conjugacao Portugues::Verbos::Imperfeito Portugues::Verbos::Tempo::Indicativo
Ajudar + imperfeito	Ajudar	<span style="color: rgb(255, 85, 0);"><b>imperfeito</b></span>	ajudava	ajudavas	ajudava	ajudávamos	ajudavam						/ɐʒuˈdavɐ/	/ɐʒuˈdavɐʃ/	/ɐʒuˈdavɐ/	/ɐʒuˈdavɐmuʃ/	/ɐʒuˈdavɐ̃w̃/							Portugues::Conjugacao Portugues::Verbos::Imperfeito Portugues::Verbos::Imperfeito::-AR Portugues::Verbos::Tempo::Indicativo
Almoçar + imperfeito	Almoçar	<span style="color: rgb(255, 85, 0);"><b>imperfeito</b></span>	almocava	almocavas	almocava	almocávamos	almocavam						/aɫmuˈkavɐ/	/aɫmuˈkavɐʃ/	/aɫmuˈkavɐ/	/aɫmuˈkavɐmuʃ/	/aɫmuˈkavɐ̃w̃/							Portugues::Conjugacao Portugues::Verbos::Imperfeito Portugues::Verbos::Imperfeito::-AR Portugues::Verbos::Tempo::Indicativo
Andar + imperfeito	Andar	<span style="color: rgb(255, 85, 0);"><b>imperfeito</b></span>	andava	andavas	andava	andávamos	andavam						/ɐ̃ˈdavɐ/	/ɐ̃ˈdavɐʃ/	/ɐ̃ˈdavɐ/	/ɐ̃ˈdavɐmuʃ/	/ɐ̃ˈdavɐ̃w̃/							Portugues::Conjugacao Portugues::Verbos::Imperfeito Portugues::Verbos::Imperfeito::-AR Portugues::Verbos::Tempo::Indicativo
Apanhar + imperfeito	Apanhar	<span style="color: rgb(255, 85, 0);"><b>imperfeito</b></span>	apanhava	apanhavas	apanhava	apanhávamos	apanhavam						/ɐpɐˈɲavɐ/	/ɐpɐˈɲavɐʃ/	/ɐpɐˈɲavɐ/	/ɐpɐˈɲavɐmuʃ/	/ɐpɐˈɲavɐ̃w̃/							Portugues::Conjugacao Portugues::Verbos::Imperfeito Portugues::Verbos::Imperfeito::-AR Portugues::Verbos::Tempo::Indicativo
Beijar + imperfeito	Beijar	<span style="color: rgb(255, 85, 0);"><b>imperfeito</b></span>	beijava	beijavas	beijava	beijávamos	beijavam						/bɐjˈʒavɐ/	/bɐjˈʒavɐʃ/	/bɐjˈʒavɐ/	/bɐjˈʒavɐmuʃ/	/bɐjˈʒavɐ̃w̃/							Portugues::Conjugacao Portugues::Verbos::Imperfeito Portugues::Verbos::Imperfeito::-AR Portugues::Verbos::Tempo::Indicativo
Calar-se + imperfeito	Calar-se	<span style="color: rgb(255, 85, 0);"><b>imperfeito</b></span>	calava-me	calavas-te	calava-se	calávamos-nos	calavam-se						/kɐlɐˈvamɨ/	/kɐlɐˈvastɨ/	/kɐlɐˈvasɨ/	/kɐˈlavɐmusnuʃ/	/kɐlɐˈvɐ̃sɨ/							Portugues::Conjugacao Portugues::Verbos::Imperfeito Portugues::Verbos::Imperfeito::-AR Portugues::Verbos::Tempo::Indicativo
Cantar + imperfeito	Cantar	<span style="color: rgb(255, 85, 0);"><b>imperfeito</b></span>	cantava	cantavas	cantava	cantávamos	cantavam						/kɐ̃ˈtavɐ/	/kɐ̃ˈtavɐʃ/	/kɐ̃ˈtavɐ/	/kɐ̃ˈtavɐmuʃ/	/kɐ̃ˈtavɐ̃w̃/							Portugues::Conjugacao Portugues::Verbos::Imperfeito Portugues::Verbos::Imperfeito::-AR Portugues::Verbos::Tempo::Indicativo
Chamar + imperfeito	Chamar	<span style="color: rgb(255, 85, 0);"><b>imperfeito</b></span>	chamava	chamavas	chamava	chamávamos	chamavam						/ʃɐˈmavɐ/	/ʃɐˈmavɐʃ/	/ʃɐˈmavɐ/	/ʃɐˈmavɐmuʃ/	/ʃɐˈmavɐ̃w̃/							Portugues::Conjugacao Portugues::Verbos::Imperfeito Portugues::Verbos::Imperfeito::-AR Portugues::Verbos::Tempo::Indicativo
Colocar + imperfeito	Colocar	<span style="color: rgb(255, 85, 0);"><b>imperfeito</b></span>	colocava	colocavas	colocava	colocávamos	colocavam						/kuluˈkavɐ/	/kuluˈkavɐʃ/	/kuluˈkavɐ/	/kuluˈkavɐmuʃ/	/kuluˈkavɐ̃w̃/							Portugues::Conjugacao Portugues::Verbos::Imperfeito Portugues::Verbos::Imperfeito::-AR Portugues::Verbos::Tempo::Indicativo
Combinar + imperfeito	Combinar	<span style="color: rgb(255, 85, 0);"><b>imperfeito</b></span>	combinava	combinavas	combinava	combinávamos	combinavam						/kõbiˈnavɐ/	/kõbiˈnavɐʃ/	/kõbiˈnavɐ/	/kõbiˈnavɐmuʃ/	/kõbiˈnavɐ̃w̃/							Portugues::Conjugacao Portugues::Verbos::Imperfeito Portugues::Verbos::Imperfeito::-AR Portugues::Verbos::Tempo::Indicativo
Começar + imperfeito	Começar	<span style="color: rgb(255, 85, 0);"><b>imperfeito</b></span>	começava	começavas	começava	começávamos	começavam						/kumɨˈsavɐ/	/kumɨˈsavɐʃ/	/kumɨˈsavɐ/	/kumɨˈsavɐmuʃ/	/kumɨˈsavɐ̃w̃/							Portugues::Conjugacao Portugues::Verbos::Imperfeito Portugues::Verbos::Imperfeito::-AR Portugues::Verbos::Tempo::Indicativo
Cortar + imperfeito	Cortar	<span style="color: rgb(255, 85, 0);"><b>imperfeito</b></span>	cortava	cortavas	cortava	cortávamos	cortavam						/kuɾˈtavɐ/	/kuɾˈtavɐʃ/	/kuɾˈtavɐ/	/kuɾˈtavɐmuʃ/	/kuɾˈtavɐ̃w̃/							Portugues::Conjugacao Portugues::Verbos::Imperfeito Portugues::Verbos::Imperfeito::-AR Portugues::Verbos::Tempo::Indicativo
Costumar + imperfeito	Costumar	<span style="color: rgb(255, 85, 0);"><b>imperfeito</b></span>	costumava	costumavas	costumava	costumávamos	costumavam						/kuʃtuˈmavɐ/	/kuʃtuˈmavɐʃ/	/kuʃtuˈmavɐ/	/kuʃtuˈmavɐmuʃ/	/kuʃtuˈmavɐ̃w̃/							Portugues::Conjugacao Portugues::Verbos::Imperfeito Portugues::Verbos::Imperfeito::-AR Portugues::Verbos::Tempo::Indicativo
Cruzar + imperfeito	Cruzar	<span style="color: rgb(255, 85, 0);"><b>imperfeito</b></span>	cruzava	cruzavas	cruzava	cruzávamos	cruzavam						/kɾuˈzavɐ/	/kɾuˈzavɐʃ/	/kɾuˈzavɐ/	/kɾuˈzavɐmuʃ/	/kɾuˈzavɐ̃w̃/							Portugues::Conjugacao Portugues::Verbos::Imperfeito Portugues::Verbos::Imperfeito::-AR Portugues::Verbos::Tempo::Indicativo
Dançar + imperfeito	Dançar	<span style="color: rgb(255, 85, 0);"><b>imperfeito</b></span>	dançava	dançavas	dançava	dançávamos	dançavam						/dɐ̃ˈsavɐ/	/dɐ̃ˈsavɐʃ/	/dɐ̃ˈsavɐ/	/dɐ̃ˈsavɐmuʃ/	/dɐ̃ˈsavɐ̃w̃/							Portugues::Conjugacao Portugues::Verbos::Imperfeito Portugues::Verbos::Imperfeito::-AR Portugues::Verbos::Tempo::Indicativo
Dar + imperfeito	Dar	<span style="color: rgb(255, 85, 0);"><b>imperfeito</b></span>	dava	davas	dava	dávamos	davam						/ˈdavɐ/	/ˈdavɐʃ/	/ˈdavɐ/	/ˈdavɐmuʃ/	/ˈdavɐ̃w̃/							Portugues::Conjugacao Portugues::Verbos::Imperfeito Portugues::Verbos::Imperfeito::-AR Portugues::Verbos::Tempo::Indicativo
Deitar-se + imperfeito	Deitar-se	<span style="color: rgb(255, 85, 0);"><b>imperfeito</b></span>	deitava-me	deitavas-te	deitava-se	deitávamos-nos	deitavam-se						/dɐjtɐˈvamɨ/	/dɐjtɐˈvastɨ/	/dɐjtɐˈvasɨ/	/dɐjˈtavɐmusnuʃ/	/dɐjtɐˈvɐ̃sɨ/							Portugues::Conjugacao Portugues::Verbos::Imperfeito Portugues::Verbos::Imperfeito::-AR Portugues::Verbos::Tempo::Indicativo
Deixar + imperfeito	Deixar	<span style="color: rgb(255, 85, 0);"><b>imperfeito</b></span>	deixava	deixavas	deixava	deixávamos	deixavam						/dɐjˈʃavɐ/	/dɐjˈʃavɐʃ/	/dɐjˈʃavɐ/	/dɐjˈʃavɐmuʃ/	/dɐjˈʃavɐ̃w̃/							Portugues::Conjugacao Portugues::Verbos::Imperfeito Portugues::Verbos::Imperfeito::-AR Portugues::Verbos::Tempo::Indicativo
Encontrar + imperfeito	Encontrar	<span style="color: rgb(255, 85, 0);"><b>imperfeito</b></span>	encontrava	encontravas	encontrava	encontrávamos	encontravam						/ẽkõˈtɾavɐ/	/ẽkõˈtɾavɐʃ/	/ẽkõˈtɾavɐ/	/ẽkõˈtɾavɐmuʃ/	/ẽkõˈtɾavɐ̃w̃/							Portugues::Conjugacao Portugues::Verbos::Imperfeito Portugues::Verbos::Imperfeito::-AR Portugues::Verbos::Tempo::Indicativo
Ensinar + imperfeito	Ensinar	<span style="color: rgb(255, 85, 0);"><b>imperfeito</b></span>	ensinava	ensinavas	ensinava	ensinávamos	ensinavam						/ẽsiˈnavɐ/	/ẽsiˈnavɐʃ/	/ẽsiˈnavɐ/	/ẽsiˈnavɐmuʃ/	/ẽsiˈnavɐ̃w̃/							Portugues::Conjugacao Portugues::Verbos::Imperfeito Portugues::Verbos::Imperfeito::-AR Portugues::Verbos::Tempo::Indicativo
Entrar + imperfeito	Entrar	<span style="color: rgb(255, 85, 0);"><b>imperfeito</b></span>	entrava	entravas	entrava	entrávamos	entravam						/ẽˈtɾavɐ/	/ẽˈtɾavɐʃ/	/ẽˈtɾavɐ/	/ẽˈtɾavɐmuʃ/	/ẽˈtɾavɐ̃w̃/							Portugues::Conjugacao Portugues::Verbos::Imperfeito Portugues::Verbos::Imperfeito::-AR Portugues::Verbos::Tempo::Indicativo
Esperar + imperfeito	Esperar	<span style="color: rgb(255, 85, 0);"><b>imperfeito</b></span>	esperava	esperavas	esperava	esperávamos	esperavam						/ʃpɨˈɾavɐ/	/ʃpɨˈɾavɐʃ/	/ʃpɨˈɾavɐ/	/ʃpɨˈɾavɐmuʃ/	/ʃpɨˈɾavɐ̃w̃/							Portugues::Conjugacao Portugues::Verbos::Imperfeito Portugues::Verbos::Imperfeito::-AR Portugues::Verbos::Tempo::Indicativo
Estar + imperfeito	Estar	<span style="color: rgb(255, 85, 0);"><b>imperfeito</b></span>	estava	estavas	estava	estávamos	estavam						/ˈʃtavɐ/	/ˈʃtavɐʃ/	/ˈʃtavɐ/	/ˈʃtavɐmuʃ/	/ˈʃtavɐ̃w̃/							Portugues::Conjugacao Portugues::Verbos::Imperfeito Portugues::Verbos::Imperfeito::-AR Portugues::Verbos::Tempo::Indicativo
Experimentar + imperfeito	Experimentar	<span style="color: rgb(255, 85, 0);"><b>imperfeito</b></span>	experimentava	experimentavas	experimentava	experimentávamos	experimentavam						/iʃpɨɾimẽˈtavɐ/	/iʃpɨɾimẽˈtavɐʃ/	/iʃpɨɾimẽˈtavɐ/	/iʃpɨɾimẽˈtavɐmuʃ/	/iʃpɨɾimẽˈtavɐ̃w̃/							Portugues::Conjugacao Portugues::Verbos::Imperfeito Portugues::Verbos::Imperfeito::-AR Portugues::Verbos::Tempo::Indicativo
Falar + imperfeito	Falar	<span style="color: rgb(255, 85, 0);"><b>imperfeito</b></span>	falava	falavas	falava	falávamos	falavam						/fɐˈlavɐ/	/fɐˈlavɐʃ/	/fɐˈlavɐ/	/fɐˈlavɐmuʃ/	/fɐˈlavɐ̃w̃/							Portugues::Conjugacao Portugues::Verbos::Imperfeito Portugues::Verbos::Imperfeito::-AR Portugues::Verbos::Tempo::Indicativo
Fechar + imperfeito	Fechar	<span style="color: rgb(255, 85, 0);"><b>imperfeito</b></span>	fechava	fechavas	fechava	fechávamos	fechavam						/fɨˈʃavɐ/	/fɨˈʃavɐʃ/	/fɨˈʃavɐ/	/fɨˈʃavɐmuʃ/	/fɨˈʃavɐ̃w̃/							Portugues::Conjugacao Portugues::Verbos::Imperfeito Portugues::Verbos::Imperfeito::-AR Portugues::Verbos::Tempo::Indicativo
Ficar + imperfeito	Ficar	<span style="color: rgb(255, 85, 0);"><b>imperfeito</b></span>	ficava	ficavas	ficava	ficávamos	ficavam						/fiˈkavɐ/	/fiˈkavɐʃ/	/fiˈkavɐ/	/fiˈkavɐmuʃ/	/fiˈkavɐ̃w̃/							Portugues::Conjugacao Portugues::Verbos::Imperfeito Portugues::Verbos::Imperfeito::-AR Portugues::Verbos::Tempo::Indicativo
Ganhar + imperfeito	Ganhar	<span style="color: rgb(255, 85, 0);"><b>imperfeito</b></span>	ganhava	ganhavas	ganhava	ganhávamos	ganhavam						/ɡɐˈɲavɐ/	/ɡɐˈɲavɐʃ/	/ɡɐˈɲavɐ/	/ɡɐˈɲavɐmuʃ/	/ɡɐˈɲavɐ̃w̃/							Portugues::Conjugacao Portugues::Verbos::Imperfeito Portugues::Verbos::Imperfeito::-AR Portugues::Verbos::Tempo::Indicativo
Girar + imperfeito	Girar	<span style="color: rgb(255, 85, 0);"><b>imperfeito</b></span>	girava	giravas	girava	girámos	giravam						/ʒiˈɾavɐ/	/ʒiˈɾavɐʃ/	/ʒiˈɾavɐ/	/ʒiˈɾamuʃ/	/ʒiˈɾavɐ̃w̃/							Portugues::Conjugacao Portugues::Verbos::Imperfeito Portugues::Verbos::Imperfeito::-AR Portugues::Verbos::Tempo::Indicativo
Inserir + imperfeito	Inserir	<span style="color: rgb(255, 85, 0);"><b>imperfeito</b></span>	inseria	inserias	inseria	inseríamos	inseriam						/ĩsɨˈɾiɐ/	/ĩsɨˈɾiɐʃ/	/ĩsɨˈɾiɐ/	/ĩsɨˈɾiɐmuʃ/	/ĩsɨˈɾiɐ̃w̃/							Portugues::Conjugacao Portugues::Verbos::Imperfeito Portugues::Verbos::Imperfeito::-IR Portugues::Verbos::Tempo::Indicativo
Jantar + imperfeito	Jantar	<span style="color: rgb(255, 85, 0);"><b>imperfeito</b></span>	jantava	jantavas	jantava	jantávamos	jantavam						/ʒɐ̃ˈtavɐ/	/ʒɐ̃ˈtavɐʃ/	/ʒɐ̃ˈtavɐ/	/ʒɐ̃ˈtavɐmuʃ/	/ʒɐ̃ˈtavɐ̃w̃/							Portugues::Conjugacao Portugues::Verbos::Imperfeito Portugues::Verbos::Imperfeito::-AR Portugues::Verbos::Tempo::Indicativo
Jogar + imperfeito	Jogar	<span style="color: rgb(255, 85, 0);"><b>imperfeito</b></span>	jogava	jogavas	jogava	jogávamos	jogavam						/ʒuˈɡavɐ/	/ʒuˈɡavɐʃ/	/ʒuˈɡavɐ/	/ʒuˈɡavɐmuʃ/	/ʒuˈɡavɐ̃w̃/							Portugues::Conjugacao Portugues::Verbos::Imperfeito Portugues::Verbos::Imperfeito::-AR Portugues::Verbos::Tempo::Indicativo
Lavar + imperfeito	Lavar	<span style="color: rgb(255, 85, 0);"><b>imperfeito</b></span>	lavava	lavavas	lavava	lavávamos	lavavam						/lɐˈvavɐ/	/lɐˈvavɐʃ/	/lɐˈvavɐ/	/lɐˈvavɐmuʃ/	/lɐˈvavɐ̃w̃/							Portugues::Conjugacao Portugues::Verbos::Imperfeito Portugues::Verbos::Imperfeito::-AR Portugues::Verbos::Tempo::Indicativo
Lembrar-se + imperfeito	Lembrar-se	<span style="color: rgb(255, 85, 0);"><b>imperfeito</b></span>	lembrava-me	lembravas-te	lembrava-se	lembrávamos-nos	lembravam-se						/lẽbɾɐˈvamɨ/	/lẽbɾɐˈvastɨ/	/lẽbɾɐˈvasɨ/	/lẽˈbɾavɐmusnuʃ/	/lẽbɾɐˈvɐ̃sɨ/							Portugues::Conjugacao Portugues::Verbos::Imperfeito Portugues::Verbos::Imperfeito::-AR Portugues::Verbos::Imperfeito::Reflexos Portugues::Verbos::Reflexos Portugues::Verbos::Tempo::Indicativo
Levantar + imperfeito	Levantar	<span style="color: rgb(255, 85, 0);"><b>imperfeito</b></span>	levantava	levantavas	levantava	levantávamos	levantavam						/lɨvɐ̃ˈtavɐ/	/lɨvɐ̃ˈtavɐʃ/	/lɨvɐ̃ˈtavɐ/	/lɨvɐ̃ˈtavɐmuʃ/	/lɨvɐ̃ˈtavɐ̃w̃/							Portugues::Conjugacao Portugues::Verbos::Imperfeito Portugues::Verbos::Imperfeito::-AR Portugues::Verbos::Tempo::Indicativo
Ligar + imperfeito	Ligar	<span style="color: rgb(255, 85, 0);"><b>imperfeito</b></span>	ligava	ligavas	ligava	ligávamos	ligavam						/liˈɡavɐ/	/liˈɡavɐʃ/	/liˈɡavɐ/	/liˈɡavɐmuʃ/	/liˈɡavɐ̃w̃/							Portugues::Conjugacao Portugues::Verbos::Imperfeito Portugues::Verbos::Imperfeito::-AR Portugues::Verbos::Tempo::Indicativo
Morar + imperfeito	Morar	<span style="color: rgb(255, 85, 0);"><b>imperfeito</b></span>	morava	moravas	morava	morávamos	moravam						/muˈɾavɐ/	/muˈɾavɐʃ/	/muˈɾavɐ/	/muˈɾavɐmuʃ/	/muˈɾavɐ̃w̃/							Portugues::Conjugacao Portugues::Verbos::Imperfeito Portugues::Verbos::Imperfeito::-AR Portugues::Verbos::Tempo::Indicativo
Olhar + imperfeito	Olhar	<span style="color: rgb(255, 85, 0);"><b>imperfeito</b></span>	olhava	olhavas	olhava	olhávamos	olhavam						/oˈʎavɐ/	/oˈʎavɐʃ/	/oˈʎavɐ/	/oˈʎavɐmuʃ/	/oˈʎavɐ̃w̃/							Portugues::Conjugacao Portugues::Verbos::Imperfeito Portugues::Verbos::Imperfeito::-AR Portugues::Verbos::Tempo::Indicativo
Pagar + imperfeito	Pagar	<span style="color: rgb(255, 85, 0);"><b>imperfeito</b></span>	pagava	pagavas	pagava	pagávamos	pagavam						/pɐˈɡavɐ/	/pɐˈɡavɐʃ/	/pɐˈɡavɐ/	/pɐˈɡavɐmuʃ/	/pɐˈɡavɐ̃w̃/							Portugues::Conjugacao Portugues::Verbos::Imperfeito Portugues::Verbos::Imperfeito::-AR Portugues::Verbos::Tempo::Indicativo
Passar + imperfeito	Passar	<span style="color: rgb(255, 85, 0);"><b>imperfeito</b></span>	passava	passavas	passava	passávamos	passavam						/pɐˈsavɐ/	/pɐˈsavɐʃ/	/pɐˈsavɐ/	/pɐˈsavɐmuʃ/	/pɐˈsavɐ̃w̃/							Portugues::Conjugacao Portugues::Verbos::Imperfeito Portugues::Verbos::Imperfeito::-AR Portugues::Verbos::Tempo::Indicativo
Pegar + imperfeito	Pegar	<span style="color: rgb(255, 85, 0);"><b>imperfeito</b></span>	pegava	pegavas	pegava	pegávamos	pegavam						/pɨˈɡavɐ/	/pɨˈɡavɐʃ/	/pɨˈɡavɐ/	/pɨˈɡavɐmuʃ/	/pɨˈɡavɐ̃w̃/							Portugues::Conjugacao Portugues::Verbos::Imperfeito Portugues::Verbos::Imperfeito::-AR Portugues::Verbos::Tempo::Indicativo
Perguntar + imperfeito	Perguntar	<span style="color: rgb(255, 85, 0);"><b>imperfeito</b></span>	perguntava	perguntavas	perguntava	perguntávamos	perguntavam						/pɨɾɡũˈtavɐ/	/pɨɾɡũˈtavɐʃ/	/pɨɾɡũˈtavɐ/	/pɨɾɡũˈtavɐmuʃ/	/pɨɾɡũˈtavɐ̃w̃/							Portugues::Conjugacao Portugues::Verbos::Imperfeito Portugues::Verbos::Imperfeito::-AR Portugues::Verbos::Tempo::Indicativo
Pesquisar + imperfeito	Pesquisar	<span style="color: rgb(255, 85, 0);"><b>imperfeito</b></span>	pesquisava	pesquisavas	pesquisava	pesquisávamos	pesquisavam						/pɨskiˈzavɐ/	/pɨskiˈzavɐʃ/	/pɨskiˈzavɐ/	/pɨskiˈzavɐmuʃ/	/pɨskiˈzavɐ̃w̃/							Portugues::Conjugacao Portugues::Verbos::Imperfeito Portugues::Verbos::Imperfeito::-AR Portugues::Verbos::Tempo::Indicativo
Praticar + imperfeito	Praticar	<span style="color: rgb(255, 85, 0);"><b>imperfeito</b></span>	praticava	praticavas	praticava	praticávamos	praticavam						/pɾɐtiˈkavɐ/	/pɾɐtiˈkavɐʃ/	/pɾɐtiˈkavɐ/	/pɾɐtiˈkavɐmuʃ/	/pɾɐtiˈkavɐ̃w̃/							Portugues::Conjugacao Portugues::Verbos::Imperfeito Portugues::Verbos::Imperfeito::-AR Portugues::Verbos::Tempo::Indicativo
Precisar + imperfeito	Precisar	<span style="color: rgb(255, 85, 0);"><b>imperfeito</b></span>	precisava	precisavas	precisava	precisávamos	precisavam						/pɾɨsiˈzavɐ/	/pɾɨsiˈzavɐʃ/	/pɾɨsiˈzavɐ/	/pɾɨsiˈzavɐmuʃ/	/pɾɨsiˈzavɐ̃w̃/							Portugues::Conjugacao Portugues::Verbos::Imperfeito Portugues::Verbos::Imperfeito::-AR Portugues::Verbos::Tempo::Indicativo
Telefonar + imperfeito	Telefonar	<span style="color: rgb(255, 85, 0);"><b>imperfeito</b></span>	telefonava	telefonavas	telefonava	telefonávamos	telefonavam						/tɨlɨfuˈnavɐ/	/tɨlɨfuˈnavɐʃ/	/tɨlɨfuˈnavɐ/	/tɨlɨfuˈnavɐmuʃ/	/tɨlɨfuˈnavɐ̃w̃/							Portugues::Conjugacao Portugues::Verbos::Imperfeito Portugues::Verbos::Imperfeito::-AR Portugues::Verbos::Tempo::Indicativo
Tentar + imperfeito	Tentar	<span style="color: rgb(255, 85, 0);"><b>imperfeito</b></span>	tentava	tentavas	tentava	tentávamos	tentavam						/tẽˈtavɐ/	/tẽˈtavɐʃ/	/tẽˈtavɐ/	/tẽˈtavɐmuʃ/	/tẽˈtavɐ̃w̃/							Portugues::Conjugacao Portugues::Verbos::Imperfeito Portugues::Verbos::Imperfeito::-AR Portugues::Verbos::Tempo::Indicativo
Tirar + imperfeito	Tirar	<span style="color: rgb(255, 85, 0);"><b>imperfeito</b></span>	tirava	tiravas	tirava	tirávamos	tiravam						/tiˈɾavɐ/	/tiˈɾavɐʃ/	/tiˈɾavɐ/	/tiˈɾavɐmuʃ/	/tiˈɾavɐ̃w̃/							Portugues::Conjugacao Portugues::Verbos::Imperfeito Portugues::Verbos::Imperfeito::-AR Portugues::Verbos::Tempo::Indicativo
Tocar + imperfeito	Tocar	<span style="color: rgb(255, 85, 0);"><b>imperfeito</b></span>	tocava	tocavas	tocava	tocávamos	tocavam						/tuˈkavɐ/	/tuˈkavɐʃ/	/tuˈkavɐ/	/tuˈkavɐmuʃ/	/tuˈkavɐ̃w̃/							Portugues::Conjugacao Portugues::Verbos::Imperfeito Portugues::Verbos::Imperfeito::-AR Portugues::Verbos::Tempo::Indicativo
Tomar + imperfeito	Tomar	<span style="color: rgb(255, 85, 0);"><b>imperfeito</b></span>	tomava	tomavas	tomava	tomávamos	tomavam						/tuˈmavɐ/	/tuˈmavɐʃ/	/tuˈmavɐ/	/tuˈmavɐmuʃ/	/tuˈmavɐ̃w̃/							Portugues::Conjugacao Portugues::Verbos::Imperfeito Portugues::Verbos::Imperfeito::-AR Portugues::Verbos::Tempo::Indicativo
Trabalhar + imperfeito	Trabalhar	<span style="color: rgb(255, 85, 0);"><b>imperfeito</b></span>	trabalhava	trabalhavas	trabalhava	trabalhávamos	trabalhavam						/tɾɐbɐˈʎavɐ/	/tɾɐbɐˈʎavɐʃ/	/tɾɐbɐˈʎavɐ/	/tɾɐbɐˈʎavɐmuʃ/	/tɾɐbɐˈʎavɐ̃w̃/							Portugues::Conjugacao Portugues::Verbos::Imperfeito Portugues::Verbos::Imperfeito::-AR Portugues::Verbos::Tempo::Indicativo
Tratar + imperfeito	Tratar	<span style="color: rgb(255, 85, 0);"><b>imperfeito</b></span>	tratava	tratavas	tratava	tratávamos	tratavam						/tɾɐˈtavɐ/	/tɾɐˈtavɐʃ/	/tɾɐˈtavɐ/	/tɾɐˈtavɐmuʃ/	/tɾɐˈtavɐ̃w̃/							Portugues::Conjugacao Portugues::Verbos::Imperfeito Portugues::Verbos::Imperfeito::-AR Portugues::Verbos::Tempo::Indicativo
Usar + imperfeito	Usar	<span style="color: rgb(255, 85, 0);"><b>imperfeito</b></span>	usava	usavas	usava	usávamos	usavam						/uˈzavɐ/	/uˈzavɐʃ/	/uˈzavɐ/	/uˈzavɐmuʃ/	/uˈzavɐ̃w̃/							Portugues::Conjugacao Portugues::Verbos::Imperfeito Portugues::Verbos::Imperfeito::-AR Portugues::Verbos::Tempo::Indicativo
Viajar + imperfeito	Viajar	<span style="color: rgb(255, 85, 0);"><b>imperfeito</b></span>	viajava	viajavas	viajava	viajávamos	viajavam						/viɐˈʒavɐ/	/viɐˈʒavɐʃ/	/viɐˈʒavɐ/	/viɐˈʒavɐmuʃ/	/viɐˈʒavɐ̃w̃/							Portugues::Conjugacao Portugues::Verbos::Imperfeito Portugues::Verbos::Imperfeito::-AR Portugues::Verbos::Tempo::Indicativo
Visitar + imperfeito	Visitar	<span style="color: rgb(255, 85, 0);"><b>imperfeito</b></span>	visitava	visitavas	visitava	visitávamos	visitavam						/viziˈtavɐ/	/viziˈtavɐʃ/	/viziˈtavɐ/	/viziˈtavɐmuʃ/	/viziˈtavɐ̃w̃/							Portugues::Conjugacao Portugues::Verbos::Imperfeito Portugues::Verbos::Imperfeito::-AR Portugues::Verbos::Tempo::Indicativo
Achar + imperfeito	Achar	<span style="color: rgb(255, 85, 0);"><b>imperfeito</b></span>	achava	achavas	achava	achávamos	achavam						/ɐˈʃavɐ/	/ɐˈʃavɐʃ/	/ɐˈʃavɐ/	/ɐˈʃavɐmuʃ/	/ɐˈʃavɐ̃w̃/							Portugues::Conjugacao Portugues::Verbos::Imperfeito Portugues::Verbos::Imperfeito::-AR Portugues::Verbos::Tempo::Indicativo
Afagar + imperfeito	Afagar	<span style="color: rgb(255, 85, 0);"><b>imperfeito</b></span>	afagava	afagavas	afagava	afagávamos	afagavam						/ɐfɐˈɡavɐ/	/ɐfɐˈɡavɐʃ/	/ɐfɐˈɡavɐ/	/ɐfɐˈɡavɐmuʃ/	/ɐfɐˈɡavɐ̃w̃/							Portugues::Conjugacao Portugues::Verbos::Imperfeito Portugues::Verbos::Imperfeito::-AR Portugues::Verbos::Tempo::Indicativo
Afastar-se + imperfeito	Afastar-se	<span style="color: rgb(255, 85, 0);"><b>imperfeito</b></span>	afastava-me	afastavas-te	afastava-se	afastávamos-nos	afastavam-se						/ɐfɐʃtɐˈvamɨ/	/ɐfɐʃtɐˈvastɨ/	/ɐfɐʃtɐˈvasɨ/	/ɐfɐˈʃtavɐmusnuʃ/	/ɐfɐʃtɐˈvɐ̃sɨ/							Portugues::Conjugacao Portugues::Verbos::Imperfeito Portugues::Verbos::Imperfeito::-AR Portugues::Verbos::Imperfeito::Reflexos Portugues::Verbos::Reflexos Portugues::Verbos::Tempo::Indicativo
Arranjar + imperfeito	Arranjar	<span style="color: rgb(255, 85, 0);"><b>imperfeito</b></span>	arranjava	arranjavas	arranjava	arranjávamos	arranjavam						/ɐʁɐ̃ˈʒavɐ/	/ɐʁɐ̃ˈʒavɐʃ/	/ɐʁɐ̃ˈʒavɐ/	/ɐʁɐ̃ˈʒavɐmuʃ/	/ɐʁɐ̃ˈʒavɐ̃w̃/							Portugues::Conjugacao Portugues::Verbos::Imperfeito Portugues::Verbos::Imperfeito::-AR Portugues::Verbos::Tempo::Indicativo
Comprar + imperfeito	Comprar	<span style="color: rgb(255, 85, 0);"><b>imperfeito</b></span>	comprava	compravas	comprava	comprávamos	compravam						/kõˈpɾavɐ/	/kõˈpɾavɐʃ/	/kõˈpɾavɐ/	/kõˈpɾavɐmuʃ/	/kõˈpɾavɐ̃w̃/							Portugues::Conjugacao Portugues::Verbos::Imperfeito Portugues::Verbos::Imperfeito::-AR Portugues::Verbos::Tempo::Indicativo
Empurrar + imperfeito	Empurrar	<span style="color: rgb(255, 85, 0);"><b>imperfeito</b></span>	empurrava	empurravas	empurrava	empurrávamos	empurravam						/ẽpuˈʁavɐ/	/ẽpuˈʁavɐʃ/	/ẽpuˈʁavɐ/	/ẽpuˈʁavɐmuʃ/	/ẽpuˈʁavɐ̃w̃/							Portugues::Conjugacao Portugues::Verbos::Imperfeito Portugues::Verbos::Imperfeito::-AR Portugues::Verbos::Tempo::Indicativo
Estudar + imperfeito	Estudar	<span style="color: rgb(255, 85, 0);"><b>imperfeito</b></span>	estudava	estudavas	estudava	estudávamos	estudavam						/ʃtuˈdavɐ/	/ʃtuˈdavɐʃ/	/ʃtuˈdavɐ/	/ʃtuˈdavɐmuʃ/	/ʃtuˈdavɐ̃w̃/							Portugues::Conjugacao Portugues::Verbos::Imperfeito Portugues::Verbos::Imperfeito::-AR Portugues::Verbos::Tempo::Indicativo
Gostar + imperfeito	Gostar	<span style="color: rgb(255, 85, 0);"><b>imperfeito</b></span>	gostava	gostavas	gostava	gostávamos	gostavam						/ɡuˈʃtavɐ/	/ɡuˈʃtavɐʃ/	/ɡuˈʃtavɐ/	/ɡuˈʃtavɐmuʃ/	/ɡuˈʃtavɐ̃w̃/							Portugues::Conjugacao Portugues::Verbos::Imperfeito Portugues::Verbos::Imperfeito::-AR Portugues::Verbos::Tempo::Indicativo
Levantar-se + imperfeito	Levantar-se	<span style="color: rgb(255, 85, 0);"><b>imperfeito</b></span>	levantava-me	levantavas-te	levantava-se	levantávamos-nos	levantavam-se						/lɨvɐ̃tɐˈvamɨ/	/lɨvɐ̃tɐˈvastɨ/	/lɨvɐ̃tɐˈvasɨ/	/lɨvɐ̃ˈtavɐmusnuʃ/	/lɨvɐ̃tɐˈvɐ̃sɨ/							Portugues::Conjugacao Portugues::Verbos::Imperfeito Portugues::Verbos::Imperfeito::-AR Portugues::Verbos::Imperfeito::Reflexos Portugues::Verbos::Reflexos Portugues::Verbos::Tempo::Indicativo
Mudar + imperfeito	Mudar	<span style="color: rgb(255, 85, 0);"><b>imperfeito</b></span>	mudava	mudavas	mudava	mudávamos	mudavam						/muˈdavɐ/	/muˈdavɐʃ/	/muˈdavɐ/	/muˈdavɐmuʃ/	/muˈdavɐ̃w̃/							Portugues::Conjugacao Portugues::Verbos::Imperfeito Portugues::Verbos::Imperfeito::-AR Portugues::Verbos::Tempo::Indicativo
Pensar + imperfeito	Pensar	<span style="color: rgb(255, 85, 0);"><b>imperfeito</b></span>	pensava	pensavas	pensava	pensávamos	pensavam						/pẽˈsavɐ/	/pẽˈsavɐʃ/	/pẽˈsavɐ/	/pẽˈsavɐmuʃ/	/pẽˈsavɐ̃w̃/							Portugues::Conjugacao Portugues::Verbos::Imperfeito Portugues::Verbos::Imperfeito::-AR Portugues::Verbos::Tempo::Indicativo
Pintar + imperfeito	Pintar	<span style="color: rgb(255, 85, 0);"><b>imperfeito</b></span>	pintava	pintavas	pintava	pintávamos	pintavam						/pĩˈtavɐ/	/pĩˈtavɐʃ/	/pĩˈtavɐ/	/pĩˈtavɐmuʃ/	/pĩˈtavɐ̃w̃/							Portugues::Conjugacao Portugues::Verbos::Imperfeito Portugues::Verbos::Imperfeito::-AR Portugues::Verbos::Tempo::Indicativo
Puxar + imperfeito	Puxar	<span style="color: rgb(255, 85, 0);"><b>imperfeito</b></span>	puxava	puxavas	puxava	puxávamos	puxavam						/puˈʃavɐ/	/puˈʃavɐʃ/	/puˈʃavɐ/	/puˈʃavɐmuʃ/	/puˈʃavɐ̃w̃/							Portugues::Conjugacao Portugues::Verbos::Imperfeito Portugues::Verbos::Imperfeito::-AR Portugues::Verbos::Tempo::Indicativo
Sentar + imperfeito	Sentar	<span style="color: rgb(255, 85, 0);"><b>imperfeito</b></span>	sentava	sentavas	sentava	sentávamos	sentavam						/sẽˈtavɐ/	/sẽˈtavɐʃ/	/sẽˈtavɐ/	/sẽˈtavɐmuʃ/	/sẽˈtavɐ̃w̃/							Portugues::Conjugacao Portugues::Verbos::Imperfeito Portugues::Verbos::Imperfeito::-AR Portugues::Verbos::Tempo::Indicativo
Abrir + imperfeito	Abrir	<span style="color: rgb(255, 85, 0);"><b>imperfeito</b></span>	abria	abrias	abria	abríamos	abriam						/ɐˈbɾiɐ/	/ɐˈbɾiɐʃ/	/ɐˈbɾiɐ/	/ɐˈbɾiɐmuʃ/	/ɐˈbɾiɐ̃w̃/							Portugues::Conjugacao Portugues::Verbos::Imperfeito Portugues::Verbos::Imperfeito::-IR Portugues::Verbos::Tempo::Indicativo
Admitir + imperfeito	Admitir	<span style="color: rgb(255, 85, 0);"><b>imperfeito</b></span>	admitia	admitias	admitia	admitíamos	admitiam						/ɐdmiˈtiɐ/	/ɐdmiˈtiɐʃ/	/ɐdmiˈtiɐ/	/ɐdmiˈtiɐmuʃ/	/ɐdmiˈtiɐ̃w̃/							Portugues::Conjugacao Portugues::Verbos::Imperfeito Portugues::Verbos::Imperfeito::-IR Portugues::Verbos::Tempo::Indicativo
Cair + imperfeito	Cair	<span style="color: rgb(255, 85, 0);"><b>imperfeito</b></span>	caía	caías	caía	caíamos	caíam						/kɐˈiɐ/	/kɐˈiɐʃ/	/kɐˈiɐ/	/kɐˈiɐmuʃ/	/kɐˈiɐ̃w̃/							Portugues::Conjugacao Portugues::Verbos::Imperfeito Portugues::Verbos::Imperfeito::-IR Portugues::Verbos::Tempo::Indicativo
Conseguir + imperfeito	Conseguir	<span style="color: rgb(255, 85, 0);"><b>imperfeito</b></span>	conseguia	conseguias	conseguia	conseguíamos	conseguiam						/kõsɨˈɡiɐ/	/kõsɨˈɡiɐʃ/	/kõsɨˈɡiɐ/	/kõsɨˈɡwiɐmuʃ/	/kõsɨˈɡiɐ̃w̃/							Portugues::Conjugacao Portugues::Verbos::Imperfeito Portugues::Verbos::Imperfeito::-IR Portugues::Verbos::Tempo::Indicativo
Corrigir + imperfeito	Corrigir	<span style="color: rgb(255, 85, 0);"><b>imperfeito</b></span>	corrigia	corrigias	corrigia	corrigíamos	corrigiam						/kuʁiˈʒiɐ/	/kuʁiˈʒiɐʃ/	/kuʁiˈʒiɐ/	/kuʁiˈʒiɐmuʃ/	/kuʁiˈʒiɐ̃w̃/							Portugues::Conjugacao Portugues::Verbos::Imperfeito Portugues::Verbos::Imperfeito::-IR Portugues::Verbos::Tempo::Indicativo
Cumprir + imperfeito	Cumprir	<span style="color: rgb(255, 85, 0);"><b>imperfeito</b></span>	cumpria	cumprias	cumpria	cumpríamos	cumpriam						/kũˈpɾiɐ/	/kũˈpɾiɐʃ/	/kũˈpɾiɐ/	/kũˈpɾiɐmuʃ/	/kũˈpɾiɐ̃w̃/							Portugues::Conjugacao Portugues::Verbos::Imperfeito Portugues::Verbos::Imperfeito::-IR Portugues::Verbos::Tempo::Indicativo
Decidir + imperfeito	Decidir	<span style="color: rgb(255, 85, 0);"><b>imperfeito</b></span>	decidia	decidias	decidia	decidíamos	decidiam						/dɨsiˈdiɐ/	/dɨsiˈdiɐʃ/	/dɨsiˈdiɐ/	/dɨsiˈdiɐmuʃ/	/dɨsiˈdiɐ̃w̃/							Portugues::Conjugacao Portugues::Verbos::Imperfeito Portugues::Verbos::Imperfeito::-IR Portugues::Verbos::Tempo::Indicativo
Despir-se + imperfeito	Despir-se	<span style="color: rgb(255, 85, 0);"><b>imperfeito</b></span>	despia-me	despias-te	despia-se	despíamos-nos	despiam-se						/dɨʃpiˈamɨ/	/dɨʃpiˈastɨ/	/dɨʃpiˈasɨ/	/dɨˈʃpiɐmusnuʃ/	/dɨʃpiˈɐ̃sɨ/							Portugues::Conjugacao Portugues::Verbos::Imperfeito Portugues::Verbos::Imperfeito::-IR Portugues::Verbos::Tempo::Indicativo
Dirigir + imperfeito	Dirigir	<span style="color: rgb(255, 85, 0);"><b>imperfeito</b></span>	dirigia	dirigias	dirigia	dirigíamos	dirigiam						/diɾiˈʒiɐ/	/diɾiˈʒiɐʃ/	/diɾiˈʒiɐ/	/diɾiˈʒiɐmuʃ/	/diɾiˈʒiɐ̃w̃/							Portugues::Conjugacao Portugues::Verbos::Imperfeito Portugues::Verbos::Imperfeito::-IR Portugues::Verbos::Tempo::Indicativo
Discutir + imperfeito	Discutir	<span style="color: rgb(255, 85, 0);"><b>imperfeito</b></span>	discutia	discutias	discutia	discutíamos	discutiam						/diʃkuˈtiɐ/	/diʃkuˈtiɐʃ/	/diʃkuˈtiɐ/	/diʃkuˈtiɐmuʃ/	/diʃkuˈtiɐ̃w̃/							Portugues::Conjugacao Portugues::Verbos::Imperfeito Portugues::Verbos::Imperfeito::-IR Portugues::Verbos::Tempo::Indicativo
Distribuir + imperfeito	Distribuir	<span style="color: rgb(255, 85, 0);"><b>imperfeito</b></span>	distribuía	distribuías	distribuía	distribuíamos	distribuíam						/diʃtɾibuˈiɐ/	/diʃtɾibuˈiɐʃ/	/diʃtɾibuˈiɐ/	/diʃtɾibuˈiɐmuʃ/	/diʃtɾibuˈiɐ̃w̃/							Portugues::Conjugacao Portugues::Verbos::Imperfeito Portugues::Verbos::Imperfeito::-IR Portugues::Verbos::Tempo::Indicativo
Dormir + imperfeito	Dormir	<span style="color: rgb(255, 85, 0);"><b>imperfeito</b></span>	dormia	dormias	dormia	dormíamos	dormiam						/duɾˈmiɐ/	/duɾˈmiɐʃ/	/duɾˈmiɐ/	/duɾˈmiɐmuʃ/	/duɾˈmiɐ̃w̃/							Portugues::Conjugacao Portugues::Verbos::Imperfeito Portugues::Verbos::Imperfeito::-IR Portugues::Verbos::Tempo::Indicativo
Fugir + imperfeito	Fugir	<span style="color: rgb(255, 85, 0);"><b>imperfeito</b></span>	fugia	fugias	fugia	fugíamos	fugiam						/fuˈʒiɐ/	/fuˈʒiɐʃ/	/fuˈʒiɐ/	/fuˈʒiɐmuʃ/	/fuˈʒiɐ̃w̃/							Portugues::Conjugacao Portugues::Verbos::Imperfeito Portugues::Verbos::Imperfeito::-IR Portugues::Verbos::Tempo::Indicativo
Imprimir + imperfeito	Imprimir	<span style="color: rgb(255, 85, 0);"><b>imperfeito</b></span>	imprimia	imprimias	imprimia	imprimíamos	imprimiam						/ĩpɾiˈmiɐ/	/ĩpɾiˈmiɐʃ/	/ĩpɾiˈmiɐ/	/ĩpɾiˈmiɐmuʃ/	/ĩpɾiˈmiɐ̃w̃/							Portugues::Conjugacao Portugues::Verbos::Imperfeito Portugues::Verbos::Imperfeito::-IR Portugues::Verbos::Tempo::Indicativo
Insistir + imperfeito	Insistir	<span style="color: rgb(255, 85, 0);"><b>imperfeito</b></span>	insistia	insistias	insistia	insistíamos	insistiam						/ĩsiˈʃtiɐ/	/ĩsiˈʃtiɐʃ/	/ĩsiˈʃtiɐ/	/ĩsiˈʃtiɐmuʃ/	/ĩsiˈʃtiɐ̃w̃/							Portugues::Conjugacao Portugues::Verbos::Imperfeito Portugues::Verbos::Imperfeito::-IR Portugues::Verbos::Tempo::Indicativo
Introduzir + imperfeito	Introduzir	<span style="color: rgb(255, 85, 0);"><b>imperfeito</b></span>	introduzia	introduzias	introduzia	introduzíamos	introduziam						/ĩtɾuduˈziɐ/	/ĩtɾuduˈziɐʃ/	/ĩtɾuduˈziɐ/	/ĩtɾuduˈziɐmuʃ/	/ĩtɾuduˈziɐ̃w̃/							Portugues::Conjugacao Portugues::Verbos::Imperfeito Portugues::Verbos::Imperfeito::-IR Portugues::Verbos::Tempo::Indicativo
Ir + imperfeito	Ir	<span style="color: rgb(255, 85, 0);"><b>imperfeito</b></span>	ia	ias	ia	íamos	iam						/ˈiɐ/	/ˈiɐʃ/	/ˈiɐ/	/ˈiɐmuʃ/	/ˈiɐ̃w̃/							Curso::2A2::U4-Nao-Tinhamos-Redes-Sociais Portugues::Conjugacao Portugues::Verbos::Imperfeito Portugues::Verbos::Imperfeito::-IR Portugues::Verbos::Tempo::Indicativo
Medir + imperfeito	Medir	<span style="color: rgb(255, 85, 0);"><b>imperfeito</b></span>	media	medias	media	medíamos	mediam						/mɨˈdiɐ/	/mɨˈdiɐʃ/	/mɨˈdiɐ/	/mɨˈdiɐmuʃ/	/mɨˈdiɐ̃w̃/							Portugues::Conjugacao Portugues::Verbos::Imperfeito Portugues::Verbos::Imperfeito::-IR Portugues::Verbos::Tempo::Indicativo
Ouvir + imperfeito	Ouvir	<span style="color: rgb(255, 85, 0);"><b>imperfeito</b></span>	ouvia	ouvias	ouvia	ouvíamos	ouviam						/oˈviɐ/	/oˈviɐʃ/	/oˈviɐ/	/oˈviɐmuʃ/	/oˈviɐ̃w̃/							Portugues::Conjugacao Portugues::Verbos::Imperfeito Portugues::Verbos::Imperfeito::-IR Portugues::Verbos::Tempo::Indicativo
Partir + imperfeito	Partir	<span style="color: rgb(255, 85, 0);"><b>imperfeito</b></span>	partia	partias	partia	partíamos	partiam						/pɐɾˈtiɐ/	/pɐɾˈtiɐʃ/	/pɐɾˈtiɐ/	/pɐɾˈtiɐmuʃ/	/pɐɾˈtiɐ̃w̃/							Portugues::Conjugacao Portugues::Verbos::Imperfeito Portugues::Verbos::Imperfeito::-IR Portugues::Verbos::Tempo::Indicativo
Pedir + imperfeito	Pedir	<span style="color: rgb(255, 85, 0);"><b>imperfeito</b></span>	pedia	pedias	pedia	pedíamos	pediam						/pɨˈdiɐ/	/pɨˈdiɐʃ/	/pɨˈdiɐ/	/pɨˈdiɐmuʃ/	/pɨˈdiɐ̃w̃/							Portugues::Conjugacao Portugues::Verbos::Imperfeito Portugues::Verbos::Imperfeito::-IR Portugues::Verbos::Tempo::Indicativo
Permitir + imperfeito	Permitir	<span style="color: rgb(255, 85, 0);"><b>imperfeito</b></span>	permitia	permitias	permitia	permitíamos	permitiam						/pɨɾmiˈtiɐ/	/pɨɾmiˈtiɐʃ/	/pɨɾmiˈtiɐ/	/pɨɾmiˈtiɐmuʃ/	/pɨɾmiˈtiɐ̃w̃/							Portugues::Conjugacao Portugues::Verbos::Imperfeito Portugues::Verbos::Imperfeito::-IR Portugues::Verbos::Tempo::Indicativo
Preferir + imperfeito	Preferir	<span style="color: rgb(255, 85, 0);"><b>imperfeito</b></span>	preferia	preferias	preferia	preferíamos	preferiam						/pɾɨfɨˈɾiɐ/	/pɾɨfɨˈɾiɐʃ/	/pɾɨfɨˈɾiɐ/	/pɾɨfɨˈɾiɐmuʃ/	/pɾɨfɨˈɾiɐ̃w̃/							Portugues::Conjugacao Portugues::Verbos::Imperfeito Portugues::Verbos::Imperfeito::-IR Portugues::Verbos::Tempo::Indicativo
Repetir + imperfeito	Repetir	<span style="color: rgb(255, 85, 0);"><b>imperfeito</b></span>	repetia	repetias	repetia	repetíamos	repetiam						/ʁɨpɨˈtiɐ/	/ʁɨpɨˈtiɐʃ/	/ʁɨpɨˈtiɐ/	/ʁɨpɨˈtiɐmuʃ/	/ʁɨpɨˈtiɐ̃w̃/							Portugues::Conjugacao Portugues::Verbos::Imperfeito Portugues::Verbos::Imperfeito::-IR Portugues::Verbos::Tempo::Indicativo
Reunir + imperfeito	Reunir	<span style="color: rgb(255, 85, 0);"><b>imperfeito</b></span>	reunia	reunias	reunia	reuníamos	reuniam						/ʁewˈniɐ/	/ʁewˈniɐʃ/	/ʁewˈniɐ/	/ʁewˈniɐmuʃ/	/ʁewˈniɐ̃w̃/							Portugues::Conjugacao Portugues::Verbos::Imperfeito Portugues::Verbos::Imperfeito::-IR Portugues::Verbos::Tempo::Indicativo
Rir + imperfeito	Rir	<span style="color: rgb(255, 85, 0);"><b>imperfeito</b></span>	ria	rias	ria	ríamos	riam						/ˈʁiɐ/	/ˈʁiɐʃ/	/ˈʁiɐ/	/ˈʁiɐmuʃ/	/ˈʁiɐ̃w̃/							Portugues::Conjugacao Portugues::Verbos::Imperfeito Portugues::Verbos::Imperfeito::-IR Portugues::Verbos::Tempo::Indicativo
Sair + imperfeito	Sair	<span style="color: rgb(255, 85, 0);"><b>imperfeito</b></span>	saía	saías	saía	saíamos	saíam						/sɐˈiɐ/	/sɐˈiɐʃ/	/sɐˈiɐ/	/sɐˈiɐmuʃ/	/sɐˈiɐ̃w̃/							Portugues::Conjugacao Portugues::Verbos::Imperfeito Portugues::Verbos::Imperfeito::-IR Portugues::Verbos::Tempo::Indicativo
Seguir + imperfeito	Seguir	<span style="color: rgb(255, 85, 0);"><b>imperfeito</b></span>	seguia	seguias	seguia	seguíamos	seguiam						/sɨˈɡiɐ/	/sɨˈɡiɐʃ/	/sɨˈɡiɐ/	/sɨˈɡwiɐmuʃ/	/sɨˈɡiɐ̃w̃/							Portugues::Conjugacao Portugues::Verbos::Imperfeito Portugues::Verbos::Imperfeito::-IR Portugues::Verbos::Tempo::Indicativo
Sentir + imperfeito	Sentir	<span style="color: rgb(255, 85, 0);"><b>imperfeito</b></span>	sentia	sentias	sentia	sentíamos	sentiam						/sẽˈtiɐ/	/sẽˈtiɐʃ/	/sẽˈtiɐ/	/sẽˈtiɐmuʃ/	/sẽˈtiɐ̃w̃/							Portugues::Conjugacao Portugues::Verbos::Imperfeito Portugues::Verbos::Imperfeito::-IR Portugues::Verbos::Tempo::Indicativo
Servir + imperfeito	Servir	<span style="color: rgb(255, 85, 0);"><b>imperfeito</b></span>	servia	servias	servia	servíamos	serviam						/sɨɾˈviɐ/	/sɨɾˈviɐʃ/	/sɨɾˈviɐ/	/sɨɾˈviɐmuʃ/	/sɨɾˈviɐ̃w̃/							Portugues::Conjugacao Portugues::Verbos::Imperfeito Portugues::Verbos::Imperfeito::-IR Portugues::Verbos::Tempo::Indicativo
Subir + imperfeito	Subir	<span style="color: rgb(255, 85, 0);"><b>imperfeito</b></span>	subia	subias	subia	subíamos	subiam						/suˈbiɐ/	/suˈbiɐʃ/	/suˈbiɐ/	/suˈbiɐmuʃ/	/suˈbiɐ̃w̃/							Portugues::Conjugacao Portugues::Verbos::Imperfeito Portugues::Verbos::Imperfeito::-IR Portugues::Verbos::Tempo::Indicativo
Traduzir + imperfeito	Traduzir	<span style="color: rgb(255, 85, 0);"><b>imperfeito</b></span>	traduzia	traduzias	traduzia	traduzíamos	traduziam						/tɾɐduˈziɐ/	/tɾɐduˈziɐʃ/	/tɾɐduˈziɐ/	/tɾɐduˈziɐmuʃ/	/tɾɐduˈziɐ̃w̃/							Portugues::Conjugacao Portugues::Verbos::Imperfeito Portugues::Verbos::Imperfeito::-IR Portugues::Verbos::Tempo::Indicativo
Vestir-se + imperfeito	Vestir-se	<span style="color: rgb(255, 85, 0);"><b>imperfeito</b></span>	vestia-me	vestias-te	vestia-se	vestíamos-nos	vestiam-se						/vɨʃtiˈamɨ/	/vɨʃtiˈastɨ/	/vɨʃtiˈasɨ/	/vɨˈʃtiɐmusnuʃ/	/vɨʃtiˈɐ̃sɨ/							Portugues::Conjugacao Portugues::Verbos::Imperfeito Portugues::Verbos::Imperfeito::-IR Portugues::Verbos::Imperfeito::Reflexos Portugues::Verbos::Reflexos Portugues::Verbos::Tempo::Indicativo
Dividir + imperfeito	Dividir	<span style="color: rgb(255, 85, 0);"><b>imperfeito</b></span>	dividia	dividias	dividia	dividíamos	dividiam						/diviˈdiɐ/	/diviˈdiɐʃ/	/diviˈdiɐ/	/diviˈdiɐmuʃ/	/diviˈdiɐ̃w̃/							Portugues::Conjugacao Portugues::Verbos::Imperfeito Portugues::Verbos::Imperfeito::-IR Portugues::Verbos::Tempo::Indicativo
Agradecer + imperfeito	Agradecer	<span style="color: rgb(255, 85, 0);"><b>imperfeito</b></span>	agradecia	agradecias	agradecia	agradecíamos	agradeciam						/ɐɡɾɐdɨˈsiɐ/	/ɐɡɾɐdɨˈsiɐʃ/	/ɐɡɾɐdɨˈsiɐ/	/ɐɡɾɐdɨˈsiɐmuʃ/	/ɐɡɾɐdɨˈsiɐ̃w̃/							Portugues::Conjugacao Portugues::Verbos::Imperfeito Portugues::Verbos::Imperfeito::-ER Portugues::Verbos::Tempo::Indicativo
Aprender + imperfeito	Aprender	<span style="color: rgb(255, 85, 0);"><b>imperfeito</b></span>	aprendia	aprendias	aprendia	aprendíamos	aprendiam						/ɐpɾẽˈdiɐ/	/ɐpɾẽˈdiɐʃ/	/ɐpɾẽˈdiɐ/	/ɐpɾẽˈdiɐmuʃ/	/ɐpɾẽˈdiɐ̃w̃/							Portugues::Conjugacao Portugues::Verbos::Imperfeito Portugues::Verbos::Imperfeito::-ER Portugues::Verbos::Tempo::Indicativo
Bater + imperfeito	Bater	<span style="color: rgb(255, 85, 0);"><b>imperfeito</b></span>	batia	batias	batia	batíamos	batiam						/bɐˈtiɐ/	/bɐˈtiɐʃ/	/bɐˈtiɐ/	/bɐˈtiɐmuʃ/	/bɐˈtiɐ̃w̃/							Portugues::Conjugacao Portugues::Verbos::Imperfeito Portugues::Verbos::Imperfeito::-ER Portugues::Verbos::Tempo::Indicativo
Beber + imperfeito	Beber	<span style="color: rgb(255, 85, 0);"><b>imperfeito</b></span>	bebia	bebias	bebia	bebíamos	bebiam						/bɨˈbiɐ/	/bɨˈbiɐʃ/	/bɨˈbiɐ/	/bɨˈbiɐmuʃ/	/bɨˈbiɐ̃w̃/							Portugues::Conjugacao Portugues::Verbos::Imperfeito Portugues::Verbos::Imperfeito::-ER Portugues::Verbos::Tempo::Indicativo
Comer + imperfeito	Comer	<span style="color: rgb(255, 85, 0);"><b>imperfeito</b></span>	comia	comias	comia	comíamos	comiam						/kuˈmiɐ/	/kuˈmiɐʃ/	/kuˈmiɐ/	/kuˈmiɐmuʃ/	/kuˈmiɐ̃w̃/							Portugues::Conjugacao Portugues::Verbos::Imperfeito Portugues::Verbos::Imperfeito::-ER Portugues::Verbos::Tempo::Indicativo
Compreender + imperfeito	Compreender	<span style="color: rgb(255, 85, 0);"><b>imperfeito</b></span>	compreendia	compreendias	compreendia	compreendíamos	compreendiam						/kõpɾɨẽˈdiɐ/	/kõpɾɨẽˈdiɐʃ/	/kõpɾɨẽˈdiɐ/	/kõpɾɨẽˈdiɐmuʃ/	/kõpɾɨẽˈdiɐ̃w̃/							Portugues::Conjugacao Portugues::Verbos::Imperfeito Portugues::Verbos::Imperfeito::-ER Portugues::Verbos::Tempo::Indicativo
Conhecer + imperfeito	Conhecer	<span style="color: rgb(255, 85, 0);"><b>imperfeito</b></span>	conhecia	conhecias	conhecia	conhecíamos	conheciam						/kuɲɨˈsiɐ/	/kuɲɨˈsiɐʃ/	/kuɲɨˈsiɐ/	/kuɲɨˈsiɐmuʃ/	/kuɲɨˈsiɐ̃w̃/							Portugues::Conjugacao Portugues::Verbos::Imperfeito Portugues::Verbos::Imperfeito::-ER Portugues::Verbos::Tempo::Indicativo
Correr + imperfeito	Correr	<span style="color: rgb(255, 85, 0);"><b>imperfeito</b></span>	corria	corrias	corria	corríamos	corriam						/kuˈʁiɐ/	/kuˈʁiɐʃ/	/kuˈʁiɐ/	/kuˈʁiɐmuʃ/	/kuˈʁiɐ̃w̃/							Portugues::Conjugacao Portugues::Verbos::Imperfeito Portugues::Verbos::Imperfeito::-ER Portugues::Verbos::Tempo::Indicativo
Crer + imperfeito	Crer	<span style="color: rgb(255, 85, 0);"><b>imperfeito</b></span>	creia	creias	creia	críamos	creiam						/ˈkɾɐjɐ/	/ˈkɾɐjɐʃ/	/ˈkɾɐjɐ/	/ˈkɾiɐmuʃ/	/ˈkɾɐjɐ̃w̃/							Portugues::Conjugacao Portugues::Verbos::Imperfeito Portugues::Verbos::Imperfeito::-ER Portugues::Verbos::Tempo::Indicativo
Crescer + imperfeito	Crescer	<span style="color: rgb(255, 85, 0);"><b>imperfeito</b></span>	crescia	crescias	crescia	crescíamos	cresciam						/kɾɨˈʃsiɐ/	/kɾɨˈʃsiɐʃ/	/kɾɨˈʃsiɐ/	/kɾɨˈʃsiɐmuʃ/	/kɾɨˈʃsiɐ̃w̃/							Portugues::Conjugacao Portugues::Verbos::Imperfeito Portugues::Verbos::Imperfeito::-ER Portugues::Verbos::Tempo::Indicativo
Dever + imperfeito	Dever	<span style="color: rgb(255, 85, 0);"><b>imperfeito</b></span>	devia	devias	devia	devíamos	deviam						/dɨˈviɐ/	/dɨˈviɐʃ/	/dɨˈviɐ/	/dɨˈviɐmuʃ/	/dɨˈviɐ̃w̃/							Portugues::Conjugacao Portugues::Verbos::Imperfeito Portugues::Verbos::Imperfeito::-ER Portugues::Verbos::Tempo::Indicativo
Doer + imperfeito	Doer	<span style="color: rgb(255, 85, 0);"><b>imperfeito</b></span>	doía	doías	doía	doíamos	doíam						/duˈiɐ/	/duˈiɐʃ/	/duˈiɐ/	/duˈiɐmuʃ/	/duˈiɐ̃w̃/							Portugues::Conjugacao Portugues::Verbos::Imperfeito Portugues::Verbos::Imperfeito::-ER Portugues::Verbos::Tempo::Indicativo
Entender + imperfeito	Entender	<span style="color: rgb(255, 85, 0);"><b>imperfeito</b></span>	entendia	entendias	entendia	entendíamos	entendiam						/ẽtẽˈdiɐ/	/ẽtẽˈdiɐʃ/	/ẽtẽˈdiɐ/	/ẽtẽˈdiɐmuʃ/	/ẽtẽˈdiɐ̃w̃/							Portugues::Conjugacao Portugues::Verbos::Imperfeito Portugues::Verbos::Imperfeito::-ER Portugues::Verbos::Tempo::Indicativo
Escolher + imperfeito	Escolher	<span style="color: rgb(255, 85, 0);"><b>imperfeito</b></span>	escolhia	escolhias	escolhia	escolhíamos	escolhiam						/ʃkuˈʎiɐ/	/ʃkuˈʎiɐʃ/	/ʃkuˈʎiɐ/	/ʃkuˈʎiɐmuʃ/	/ʃkuˈʎiɐ̃w̃/							Portugues::Conjugacao Portugues::Verbos::Imperfeito Portugues::Verbos::Imperfeito::-ER Portugues::Verbos::Tempo::Indicativo
Escrever + imperfeito	Escrever	<span style="color: rgb(255, 85, 0);"><b>imperfeito</b></span>	escrevia	escrevias	escrevia	escrevíamos	escreviam						/ʃkɾɨˈviɐ/	/ʃkɾɨˈviɐʃ/	/ʃkɾɨˈviɐ/	/ʃkɾɨˈviɐmuʃ/	/ʃkɾɨˈviɐ̃w̃/							Portugues::Conjugacao Portugues::Verbos::Imperfeito Portugues::Verbos::Imperfeito::-ER Portugues::Verbos::Tempo::Indicativo
Esquecer + imperfeito	Esquecer	<span style="color: rgb(255, 85, 0);"><b>imperfeito</b></span>	esquecia	esquecias	esquecia	esquecíamos	esqueciam						/skɨˈsiɐ/	/skɨˈsiɐʃ/	/skɨˈsiɐ/	/skɨˈsiɐmuʃ/	/skɨˈsiɐ̃w̃/							Portugues::Conjugacao Portugues::Verbos::Imperfeito Portugues::Verbos::Imperfeito::-ER Portugues::Verbos::Tempo::Indicativo
Fazer + imperfeito	Fazer	<span style="color: rgb(255, 85, 0);"><b>imperfeito</b></span>	fazia	fazias	fazia	fazíamos	faziam						/fɐˈziɐ/	/fɐˈziɐʃ/	/fɐˈziɐ/	/fɐˈziɐmuʃ/	/fɐˈziɐ̃w̃/							Portugues::Conjugacao Portugues::Verbos::Imperfeito Portugues::Verbos::Imperfeito::-ER Portugues::Verbos::Tempo::Indicativo
Ler + imperfeito	Ler	<span style="color: rgb(255, 85, 0);"><b>imperfeito</b></span>	lia	lias	lia	líamos	liam						/ˈliɐ/	/ˈliɐʃ/	/ˈliɐ/	/ˈliɐmuʃ/	/ˈliɐ̃w̃/							Portugues::Conjugacao Portugues::Verbos::Imperfeito Portugues::Verbos::Imperfeito::-ER Portugues::Verbos::Tempo::Indicativo
Oferecer + imperfeito	Oferecer	<span style="color: rgb(255, 85, 0);"><b>imperfeito</b></span>	oferecia	oferecias	oferecia	oferecíamos	ofereciam						/ofɨɾɨˈsiɐ/	/ofɨɾɨˈsiɐʃ/	/ofɨɾɨˈsiɐ/	/ofɨɾɨˈsiɐmuʃ/	/ofɨɾɨˈsiɐ̃w̃/							Portugues::Conjugacao Portugues::Verbos::Imperfeito Portugues::Verbos::Imperfeito::-ER Portugues::Verbos::Tempo::Indicativo
Parecer + imperfeito	Parecer	<span style="color: rgb(255, 85, 0);"><b>imperfeito</b></span>	parecia	parecias	parecia	parecíamos	pareciam						/pɐɾɨˈsiɐ/	/pɐɾɨˈsiɐʃ/	/pɐɾɨˈsiɐ/	/pɐɾɨˈsiɐmuʃ/	/pɐɾɨˈsiɐ̃w̃/							Portugues::Conjugacao Portugues::Verbos::Imperfeito Portugues::Verbos::Imperfeito::-ER Portugues::Verbos::Tempo::Indicativo
Perceber + imperfeito	Perceber	<span style="color: rgb(255, 85, 0);"><b>imperfeito</b></span>	percebia	percebias	percebia	percebíamos	percebiam						/pɨɾsɨˈbiɐ/	/pɨɾsɨˈbiɐʃ/	/pɨɾsɨˈbiɐ/	/pɨɾsɨˈbiɐmuʃ/	/pɨɾsɨˈbiɐ̃w̃/							Portugues::Conjugacao Portugues::Verbos::Imperfeito Portugues::Verbos::Imperfeito::-ER Portugues::Verbos::Tempo::Indicativo
Perder + imperfeito	Perder	<span style="color: rgb(255, 85, 0);"><b>imperfeito</b></span>	perdia	perdias	perdia	perdíamos	perdiam						/pɨɾˈdiɐ/	/pɨɾˈdiɐʃ/	/pɨɾˈdiɐ/	/pɨɾˈdiɐmuʃ/	/pɨɾˈdiɐ̃w̃/							Portugues::Conjugacao Portugues::Verbos::Imperfeito Portugues::Verbos::Imperfeito::-ER Portugues::Verbos::Tempo::Indicativo
Permanecer + imperfeito	Permanecer	<span style="color: rgb(255, 85, 0);"><b>imperfeito</b></span>	permanecia	permanecias	permanecia	permanecíamos	permaneciam						/pɨɾmɐnɨˈsiɐ/	/pɨɾmɐnɨˈsiɐʃ/	/pɨɾmɐnɨˈsiɐ/	/pɨɾmɐnɨˈsiɐmuʃ/	/pɨɾmɐnɨˈsiɐ̃w̃/							Portugues::Conjugacao Portugues::Verbos::Imperfeito Portugues::Verbos::Imperfeito::-ER Portugues::Verbos::Tempo::Indicativo
Poder + imperfeito	Poder	<span style="color: rgb(255, 85, 0);"><b>imperfeito</b></span>	podia	podias	podia	podíamos	podiam						/puˈdiɐ/	/puˈdiɐʃ/	/puˈdiɐ/	/puˈdiɐmuʃ/	/puˈdiɐ̃w̃/							Curso::2A2::U4-Nao-Tinhamos-Redes-Sociais Portugues::Conjugacao Portugues::Verbos::Imperfeito Portugues::Verbos::Imperfeito::-ER Portugues::Verbos::Tempo::Indicativo
Prometer + imperfeito	Prometer	<span style="color: rgb(255, 85, 0);"><b>imperfeito</b></span>	prometia	prometias	prometia	prometíamos	prometiam						/pɾumɨˈtiɐ/	/pɾumɨˈtiɐʃ/	/pɾumɨˈtiɐ/	/pɾumɨˈtiɐmuʃ/	/pɾumɨˈtiɐ̃w̃/							Portugues::Conjugacao Portugues::Verbos::Imperfeito Portugues::Verbos::Imperfeito::-ER Portugues::Verbos::Tempo::Indicativo
Proteger + imperfeito	Proteger	<span style="color: rgb(255, 85, 0);"><b>imperfeito</b></span>	protegia	protegias	protegia	protegíamos	protegiam						/pɾutɨˈʒiɐ/	/pɾutɨˈʒiɐʃ/	/pɾutɨˈʒiɐ/	/pɾutɨˈʒiɐmuʃ/	/pɾutɨˈʒiɐ̃w̃/							Portugues::Conjugacao Portugues::Verbos::Imperfeito Portugues::Verbos::Imperfeito::-ER Portugues::Verbos::Tempo::Indicativo
Querer + imperfeito	Querer	<span style="color: rgb(255, 85, 0);"><b>imperfeito</b></span>	queria	querias	queria	queríamos	queriam						/kɨˈɾiɐ/	/kɨˈɾiɐʃ/	/kɨˈɾiɐ/	/kɨˈɾiɐmuʃ/	/kɨˈɾiɐ̃w̃/							Portugues::Conjugacao Portugues::Verbos::Imperfeito Portugues::Verbos::Imperfeito::-ER Portugues::Verbos::Tempo::Indicativo
Receber + imperfeito	Receber	<span style="color: rgb(255, 85, 0);"><b>imperfeito</b></span>	recebia	recebias	recebia	recebíamos	recebiam						/ʁɨsɨˈbiɐ/	/ʁɨsɨˈbiɐʃ/	/ʁɨsɨˈbiɐ/	/ʁɨsɨˈbiɐmuʃ/	/ʁɨsɨˈbiɐ̃w̃/							Portugues::Conjugacao Portugues::Verbos::Imperfeito Portugues::Verbos::Imperfeito::-ER Portugues::Verbos::Tempo::Indicativo
Resolver + imperfeito	Resolver	<span style="color: rgb(255, 85, 0);"><b>imperfeito</b></span>	resolvia	resolvias	resolvia	resolvíamos	resolviam						/ʁɨzɔɫˈviɐ/	/ʁɨzɔɫˈviɐʃ/	/ʁɨzɔɫˈviɐ/	/ʁɨzɔɫˈviɐmuʃ/	/ʁɨzɔɫˈviɐ̃w̃/							Portugues::Conjugacao Portugues::Verbos::Imperfeito Portugues::Verbos::Imperfeito::-ER Portugues::Verbos::Tempo::Indicativo
Saber + imperfeito	Saber	<span style="color: rgb(255, 85, 0);"><b>imperfeito</b></span>	sabia	sabias	sabia	sabíamos	sabiam						/sɐˈbiɐ/	/sɐˈbiɐʃ/	/sɐˈbiɐ/	/sɐˈbiɐmuʃ/	/sɐˈbiɐ̃w̃/							Portugues::Conjugacao Portugues::Verbos::Imperfeito Portugues::Verbos::Imperfeito::-ER Portugues::Verbos::Tempo::Indicativo
Trazer + imperfeito	Trazer	<span style="color: rgb(255, 85, 0);"><b>imperfeito</b></span>	trazia	trazias	trazia	trazíamos	traziam						/tɾɐˈziɐ/	/tɾɐˈziɐʃ/	/tɾɐˈziɐ/	/tɾɐˈziɐmuʃ/	/tɾɐˈziɐ̃w̃/							Portugues::Conjugacao Portugues::Verbos::Imperfeito Portugues::Verbos::Imperfeito::-ER Portugues::Verbos::Tempo::Indicativo
Ver + imperfeito	Ver	<span style="color: rgb(255, 85, 0);"><b>imperfeito</b></span>	via	vias	via	víamos	viam						/ˈviɐ/	/ˈviɐʃ/	/ˈviɐ/	/ˈviɐmuʃ/	/ˈviɐ̃w̃/							Portugues::Conjugacao Portugues::Verbos::Imperfeito Portugues::Verbos::Imperfeito::-ER Portugues::Verbos::Tempo::Indicativo
Viver + imperfeito	Viver	<span style="color: rgb(255, 85, 0);"><b>imperfeito</b></span>	vivia	vivias	vivia	vivíamos	viviam						/viˈviɐ/	/viˈviɐʃ/	/viˈviɐ/	/viˈviɐmuʃ/	/viˈviɐ̃w̃/							Portugues::Conjugacao Portugues::Verbos::Imperfeito Portugues::Verbos::Imperfeito::-ER Portugues::Verbos::Tempo::Indicativo
Responder + imperfeito	Responder	<span style="color: rgb(255, 85, 0);"><b>imperfeito</b></span>	respondia	respondias	respondia	respondíamos	respondiam						/ʁɨʃpõˈdiɐ/	/ʁɨʃpõˈdiɐʃ/	/ʁɨʃpõˈdiɐ/	/ʁɨʃpõˈdiɐmuʃ/	/ʁɨʃpõˈdiɐ̃w̃/							Portugues::Conjugacao Portugues::Verbos::Imperfeito Portugues::Verbos::Imperfeito::-ER Portugues::Verbos::Tempo::Indicativo
Caber + imperfeito	Caber	<span style="color: rgb(255, 85, 0);"><b>imperfeito</b></span>	cabia	cabias	cabia	cabíamos	cabiam						/kɐˈbiɐ/	/kɐˈbiɐʃ/	/kɐˈbiɐ/	/kɐˈbiɐmuʃ/	/kɐˈbiɐ̃w̃/							Portugues::Conjugacao Portugues::Verbos::Imperfeito Portugues::Verbos::Imperfeito::-ER Portugues::Verbos::Tempo::Indicativo
Percorrer + imperfeito	Percorrer	<span style="color: rgb(255, 85, 0);"><b>imperfeito</b></span>	percorria	percorrías	percorria	percorríamos	percorriam						/pɨɾkuˈʁiɐ/	/pɨɾkuˈʁiɐʃ/	/pɨɾkuˈʁiɐ/	/pɨɾkuˈʁiɐmuʃ/	/pɨɾkuˈʁiɐ̃w̃/							Portugues::Conjugacao Portugues::Verbos::Imperfeito Portugues::Verbos::Imperfeito::-ER Portugues::Verbos::Tempo::Indicativo
Granizar + presente	Granizar	<span style="color: rgb(255, 85, 0);"><b>imperfeito</b></span>			graniza										/ɡɾɐˈnizɐ/									Portugues::Verbos::Impessoais Portugues::Verbos::Presente::Impessoais Portugues::Verbos::Tempo::Indicativo Vocabulary::Weather
Haver (impessoal) + presente	Haver	<span style="color: rgb(255, 85, 0);"><b>imperfeito</b></span>			há										/ˈa/									Portugues::Verbos::Impessoais Portugues::Verbos::Presente::Impessoais Portugues::Verbos::Tempo::Indicativo Vocabulary::Weather
Nevar + presente	Nevar	<span style="color: rgb(255, 85, 0);"><b>imperfeito</b></span>			neva										/ˈnɛvɐ/									Portugues::Verbos::Impessoais Portugues::Verbos::Presente::Impessoais Portugues::Verbos::Tempo::Indicativo Vocabulary::Weather
Relampejar + presente	Relampejar	<span style="color: rgb(255, 85, 0);"><b>imperfeito</b></span>			relampeja										/ʁɨlɐ̃ˈpɐʒɐ/									Portugues::Verbos::Impessoais Portugues::Verbos::Presente::Impessoais Portugues::Verbos::Tempo::Indicativo Vocabulary::Weather
Trovejar + presente	Trovejar	<span style="color: rgb(255, 85, 0);"><b>imperfeito</b></span>			troveja										/tɾuˈvɐʒɐ/									Portugues::Verbos::Impessoais Portugues::Verbos::Presente::Impessoais Portugues::Verbos::Tempo::Indicativo Vocabulary::Weather
Procurar + Presente	Procurar	<span style="color: rgb(255, 85, 0);"><b>imperfeito</b></span>	procuro	procuras	procura	procuramos	procuram						/pɾuˈkuɾu/	/pɾuˈkuɾɐʃ/	/pɾuˈkuɾɐ/	/pɾukuˈɾɐmuʃ/	/pɾuˈkuɾɐ̃w̃/							Curso::2A2 Curso::2A2::vocabulario_em_clase Portugues::Verbos::Indicativo Portugues::Verbos::Presente Portugues::Verbos::Presente::-AR Vocabulary::My_Choice
Relaxar + Presente	Relaxar	<span style="color: rgb(255, 85, 0);"><b>imperfeito</b></span>	relaxo	relaxas	relaxa	relaxamos	relaxam						/ʁɨˈlaʃu/	/ʁɨˈlaʃɐʃ/	/ʁɨˈlaʃɐ/	/ʁɨlɐˈʃɐmuʃ/	/ʁɨˈlaʃɐ̃w̃/							Curso::2A2 Curso::2A2::vocabulario_em_clase Portugues::Verbos::Indicativo Portugues::Verbos::Presente Portugues::Verbos::Presente::-AR Vocabulary::My_Choice
Sonhar + Presente	Sonhar	<span style="color: rgb(255, 85, 0);"><b>imperfeito</b></span>	sonho	sonhas	sonha	sonhamos	sonham						/ˈsɔɲu/	/ˈsɔɲɐʃ/	/ˈsɔɲɐ/	/suˈɲɐmuʃ/	/ˈsɔɲɐ̃w̃/							Curso::2A2 Curso::2A2::vocabulario_em_clase Portugues::Verbos::Indicativo Portugues::Verbos::Presente Portugues::Verbos::Presente::-AR Vocabulary::My_Choice Vocabulary::Sleep
Adormecer + Presente	Adormecer	<span style="color: rgb(255, 85, 0);"><b>imperfeito</b></span>	adormeço	adormeces	adormece	adormecemos	adormecem						/ɐduɾˈmɛsu/	/ɐduɾˈmɛsɨʃ/	/ɐduɾˈmɛsɨ/	/ɐduɾmɨˈsemuʃ/	/ɐduɾˈmɛsɐ̃j̃/							Curso::2A2 Curso::2A2::vocabulario_em_clase Portugues::Verbos::Indicativo Portugues::Verbos::Presente Vocabulary::My_Choice Vocabulary::Sleep
Utilizar + Presente	Utilizar	<span style="color: rgb(255, 85, 0);"><b>imperfeito</b></span>	utilizo	utilizas	utiliza	utilizamos	utilizam						/utiˈlizu/	/utiˈlizɐʃ/	/utiˈlizɐ/	/utiliˈzɐmuʃ/	/utiˈlizɐ̃w̃/							Curso::2A2 Curso::2A2::vocabulario_em_clase Portugues::Verbos::Indicativo Portugues::Verbos::Presente Portugues::Verbos::Presente::-AR Vocabulary::My_Choice
Concordar + Presente	Concordar	<span style="color: rgb(255, 85, 0);"><b>imperfeito</b></span>	concordo	concordas	concorda	concordamos	concordam						/kõˈkɔɾdu/	/kõˈkɔɾdɐʃ/	/kõˈkɔɾdɐ/	/kõkuɾˈdɐmuʃ/	/kõˈkɔɾdɐ̃w̃/							Curso::2A2 Curso::2A2::vocabulario_em_clase Portugues::Verbos::Indicativo Portugues::Verbos::Presente Portugues::Verbos::Presente::-AR Vocabulary::My_Choice
Discordar + Presente	Discordar	<span style="color: rgb(255, 85, 0);"><b>imperfeito</b></span>	discordo	discordas	discorda	discordamos	discordam						/diˈʃkɔɾdu/	/diˈʃkɔɾdɐʃ/	/diˈʃkɔɾdɐ/	/diʃkuɾˈdɐmuʃ/	/diˈʃkɔɾdɐ̃w̃/							Curso::2A2 Curso::2A2::vocabulario_em_clase Portugues::Verbos::Indicativo Portugues::Verbos::Presente Portugues::Verbos::Presente::-AR Vocabulary::My_Choice
Pesquisar + Presente	Pesquisar	<span style="color: rgb(255, 85, 0);"><b>imperfeito</b></span>	pesquiso	pesquisas	pesquisa	pesquisamos	pesquisam						/pɨsˈkizu/	/pɨsˈkizɐʃ/	/pɨsˈkizɐ/	/pɨskiˈzɐmuʃ/	/pɨsˈkizɐ̃w̃/							Curso::2A2 Curso::2A2::vocabulario_em_clase Portugues::Verbos::Indicativo Portugues::Verbos::Presente Portugues::Verbos::Presente::-AR Vocabulary::My_Choice
Para se casar + Presente	Para se casar	<span style="color: rgb(255, 85, 0);"><b>imperfeito</b></span>	para me casar	para te casar	para se casar	para nos casarmos	para se casarem						/pɐɾɐ ˈmɛ kɐˈzaɾ/	/pɐɾɐ ˈtɛ kɐˈzaɾ/	/pɐɾɐ sɨ kɐˈzaɾ/	/pɐɾɐ ˈnɔʃ kɐˈzaɾmuʃ/	/pɐɾɐ sɨ kɐˈzaɾɐ̃j̃/							Curso::2A2 Curso::2A2::vocabulario_em_clase Portugues::Verbos::Indicativo Portugues::Verbos::Presente Portugues::Verbos::Presente::-AR Vocabulary::My_Choice Vocabulary::Weddings
Precisar + Presente	Precisar	<span style="color: rgb(255, 85, 0);"><b>imperfeito</b></span>	preciso	precisas	precisa	precisamos	precisam						/pɾɨˈsizu/	/pɾɨˈsizɐʃ/	/pɾɨˈsizɐ/	/pɾɨsiˈzɐmuʃ/	/pɾɨˈsizɐ̃w̃/							Curso::2A2 Curso::2A2::vocabulario_em_clase Portugues::Verbos::Indicativo Portugues::Verbos::Presente Portugues::Verbos::Presente::-AR Vocabulary::My_Choice