Abranger + passado (PPS)	Abranger (abarcar, alcanzar)	<span style="color: rgb(255, 0, 0);"><b>passado (PPS)</b></span>	Abrangi	Abrangeste	Abrangeu	Abrangemos	Abrangeram						/ɐ.bɾɐ̃.ˈʒi/	/ɐ.bɾɐ̃.ˈʒeʃ.tɨ/	/ɐ.bɾɐ̃.ˈʒew/	/ɐ.bɾɐ̃.ˈʒe.muʃ/	/ɐ.bɾɐ̃.ˈʒe.ɾɐ̃w/							Portugues::Conjugacao Curso::1A2 Portugues::Verbos::-ER Portugues::Verbos::Indicativo Portugues::Verbos::Passado-PPS Portugues::Verbos::Passado-PPS::-ER
Abrir + passado (PPS)	Abrir	<span style="color: rgb(255, 0, 0);"><b>passado (PPS)</b></span>	Abri	Abriste	Abriu	Abrimos	Abriram						/ɐ.ˈbɾi/	/ɐ.ˈbɾiʃ.tɨ/	/ɐ.ˈbɾiw/	/ɐ.ˈbɾi.muʃ/	/ɐ.ˈbɾi.ɾɐ̃w/							Portugues::Conjugacao Curso::1A2 Curso::2A2 Portugues::Verbos::-IR Portugues::Verbos::Basicos Portugues::Verbos::Indicativo Portugues::Verbos::Passado-PPS Portugues::Verbos::Passado-PPS::-IR
Acabar + passado (PPS)	Acabar	<span style="color: rgb(255, 0, 0);"><b>passado (PPS)</b></span>	Acabei	Acabaste	Acabou	Acabámos	Acabaram						/ɐ.kɐ.ˈbɐj/	/ɐ.kɐ.ˈbaʃ.tɨ/	/ɐ.kɐ.ˈbo/	/ɐ.kɐ.ˈba.muʃ/	/ɐ.kɐ.ˈba.ɾɐ̃w/							Portugues::Conjugacao Curso::1A2 Portugues::Verbos::-AR Portugues::Verbos::Indicativo Portugues::Verbos::Passado-PPS Portugues::Verbos::Passado-PPS::-AR
Acender + passado (PPS)	Acender  (encender, un cigarro, una cerilla...)	<span style="color: rgb(255, 0, 0);"><b>passado (PPS)</b></span>	Acendi	Acendeste	Acendeu	Acendemos	Acenderam						/ɐ.sẽ.ˈdi/	/ɐ.sẽ.ˈdeʃ.tɨ/	/ɐ.sẽ.ˈdew/	/ɐ.sẽ.ˈde.muʃ/	/ɐ.sẽ.ˈde.ɾɐ̃w/							Portugues::Conjugacao Curso::1A2 Portugues::Verbos::-ER Portugues::Verbos::Indicativo Portugues::Verbos::Passado-PPS Portugues::Verbos::Passado-PPS::-ER
Acompanhar + passado (PPS)	Acompanhar	<span style="color: rgb(255, 0, 0);"><b>passado (PPS)</b></span>	Acompanhei	Acompanhaste	Acompanhou	Acompanhámos	Acompanharam						/ɐ.kõ.pɐ.ˈɲɐj/	/ɐ.kõ.pɐ.ˈɲaʃ.tɨ/	/ɐ.kõ.pɐ.ˈɲo/	/ɐ.kõ.pɐ.ˈɲa.muʃ/	/ɐ.kõ.pɐ.ˈɲa.ɾɐ̃w/							Portugues::Conjugacao Curso::1A2 Portugues::Verbos::-AR Portugues::Verbos::Indicativo Portugues::Verbos::Passado-PPS Portugues::Verbos::Passado-PPS::-AR
Acordar + passado (PPS)	Acordar (despertarse)	<span style="color: rgb(255, 0, 0);"><b>passado (PPS)</b></span>	Acordei	Acordaste	Acordou	Acordámos	Acordaram						/ɐ.kuɾ.ˈdɐj/	/ɐ.kuɾ.ˈdaʃ.tɨ/	/ɐ.kuɾ.ˈdo/	/ɐ.kuɾ.ˈda.muʃ/	/ɐ.kuɾ.ˈda.ɾɐ̃w/							Portugues::Conjugacao Curso::1A2 Portugues::Verbos::-AR Portugues::Verbos::Indicativo Portugues::Verbos::Passado-PPS Portugues::Verbos::Passado-PPS::-AR
Acrescentar + passado (PPS)	Acrescentar  (añadir, p.e. a una receta)	<span style="color: rgb(255, 0, 0);"><b>passado (PPS)</b></span>	Acrescentei	Acrescentaste	Acrescentou	Acrescentámos	Acrescentaram						/ɐ.kɾɨʃ.sẽ.ˈtɐj/	/ɐ.kɾɨʃ.sẽ.ˈtaʃ.tɨ/	/ɐ.kɾɨʃ.sẽ.ˈto/	/ɐ.kɾɨʃ.sẽ.ˈta.muʃ/	/ɐ.kɾɨʃ.sẽ.ˈta.ɾɐ̃w/							Portugues::Conjugacao Curso::1A2 Portugues::Verbos::-AR Portugues::Verbos::Indicativo Portugues::Verbos::Passado-PPS Portugues::Verbos::Passado-PPS::-AR
Admitir + passado (PPS)	Admitir	<span style="color: rgb(255, 0, 0);"><b>passado (PPS)</b></span>	Admiti	Admitiste	Admitiu	Admitimos	Admitiram						/ɐd.mɨ.ˈti/	/ɐd.mɨ.ˈtiʃ.tɨ/	/ɐd.mɨ.ˈtiw/	/ɐd.mɨ.ˈti.muʃ/	/ɐd.mɨ.ˈti.ɾɐ̃w/							Portugues::Conjugacao Curso::1A2 Portugues::Verbos::-IR Portugues::Verbos::Indicativo Portugues::Verbos::Passado-PPS Portugues::Verbos::Passado-PPS::-IR
Agradecer + passado (PPS)	Agradecer	<span style="color: rgb(255, 0, 0);"><b>passado (PPS)</b></span>	Agradeci	Agradeceste	Agradeceu	Agradecemos	Agradeceram						/ɐ.gɾɐ.dɨ.ˈsi/	/ɐ.gɾɐ.dɨ.ˈseʃ.tɨ/	/ɐ.gɾɐ.dɨ.ˈsew/	/ɐ.gɾɐ.dɨ.ˈse.muʃ/	/ɐ.gɾɐ.dɨ.ˈse.ɾɐ̃w/							Portugues::Conjugacao Curso::1A2 Portugues::Verbos::-ER Portugues::Verbos::Indicativo Portugues::Verbos::Passado-PPS Portugues::Verbos::Passado-PPS::-ER
Ajudar + passado (PPS)	Ajudar  (ayudar)	<span style="color: rgb(255, 0, 0);"><b>passado (PPS)</b></span>	Ajudei	Ajudaste	Ajudou	Ajudámos	Ajudaram						/ɐ.ʒu.ˈdɐj/	/ɐ.ʒu.ˈdaʃ.tɨ/	/ɐ.ʒu.ˈdo/	/ɐ.ʒu.ˈda.muʃ/	/ɐ.ʒu.ˈda.ɾɐ̃w/							Portugues::Conjugacao Curso::1A2 Portugues::Verbos::-AR Portugues::Verbos::Indicativo Portugues::Verbos::Passado-PPS Portugues::Verbos::Passado-PPS::-AR
Almoçar + passado (PPS)	Almoçar (comer, almorzar)	<span style="color: rgb(255, 0, 0);"><b>passado (PPS)</b></span>	Almocei	Almoçaste	Almoçou	Almoçámos	Almoçaram						/aɫ.mu.ˈsɐj/	/aɫ.mu.ˈsaʃ.tɨ/	/aɫ.mu.ˈso/	/aɫ.mu.ˈsa.muʃ/	/aɫ.mu.ˈsa.ɾɐ̃w/							Portugues::Conjugacao Curso::1A2 Curso::2A2 Portugues::Verbos::-AR Portugues::Verbos::Basicos Portugues::Verbos::Indicativo Portugues::Verbos::Passado-PPS Portugues::Verbos::Passado-PPS::-AR
Andar + passado (PPS)	Andar	<span style="color: rgb(255, 0, 0);"><b>passado (PPS)</b></span>	Andei	Andaste	Andou	Andámos	Andaram						/ɐ̃.ˈdɐj/	/ɐ̃.ˈdaʃ.tɨ/	/ɐ̃.ˈdo/	/ɐ̃.ˈda.muʃ/	/ɐ̃.ˈda.ɾɐ̃w/							Portugues::Conjugacao Curso::1A2 Portugues::Verbos::-AR Portugues::Verbos::Indicativo Portugues::Verbos::Passado-PPS Portugues::Verbos::Passado-PPS::-AR
Apanhar + passado (PPS)	Apanhar (tomar medio transporte, enfermedad, etc.)	<span style="color: rgb(255, 0, 0);"><b>passado (PPS)</b></span>	Apanhei	Apanhaste	Apanhou	Apanhámos	Apanharam						/ɐ.pɐ.ˈɲɐj/	/ɐ.pɐ.ˈɲaʃ.tɨ/	/ɐ.pɐ.ˈɲo/	/ɐ.pɐ.ˈɲa.muʃ/	/ɐ.pɐ.ˈɲa.ɾɐ̃w/							Portugues::Conjugacao Curso::1A2 Portugues::Verbos::-AR Portugues::Verbos::Indicativo Portugues::Verbos::Passado-PPS Portugues::Verbos::Passado-PPS::-AR
Apertar + passado (PPS)	Apertar  (apretar)	<span style="color: rgb(255, 0, 0);"><b>passado (PPS)</b></span>	Apertei	Apertaste	Apertou	Apertámos	Apertaram						/ɐ.pɨɾ.ˈtɐj/	/ɐ.pɨɾ.ˈtaʃ.tɨ/	/ɐ.pɨɾ.ˈto/	/ɐ.pɨɾ.ˈta.muʃ/	/ɐ.pɨɾ.ˈta.ɾɐ̃w/							Portugues::Conjugacao Curso::1A2 Portugues::Verbos::-AR Portugues::Verbos::Indicativo Portugues::Verbos::Passado-PPS Portugues::Verbos::Passado-PPS::-AR
Aprender + passado (PPS)	Aprender	<span style="color: rgb(255, 0, 0);"><b>passado (PPS)</b></span>	Aprendi	Aprendeste	Aprendeu	Aprendemos	Aprenderam						/ɐ.pɾẽ.ˈdi/	/ɐ.pɾẽ.ˈdeʃ.tɨ/	/ɐ.pɾẽ.ˈdew/	/ɐ.pɾẽ.ˈde.muʃ/	/ɐ.pɾẽ.ˈde.ɾɐ̃w/							Portugues::Conjugacao Curso::1A2 Portugues::Verbos::-ER Portugues::Verbos::Basicos Portugues::Verbos::Passado-PPS Portugues::Verbos::Passado-PPS::-ER
Aquecer + passado (PPS)	Aquecer  (calentar)	<span style="color: rgb(255, 0, 0);"><b>passado (PPS)</b></span>	Aqueci	Aqueceste	Aqueceu	Aquecemos	Aqueceram						/ɐ.kɨ.ˈsi/	/ɐ.kɨ.ˈseʃ.tɨ/	/ɐ.kɨ.ˈsew/	/ɐ.kɨ.ˈse.muʃ/	/ɐ.kɨ.ˈse.ɾɐ̃w/							Portugues::Conjugacao Curso::1A2 Portugues::Verbos::-ER Portugues::Verbos::Basicos Portugues::Verbos::Passado-PPS Portugues::Verbos::Passado-PPS::-ER
Assinar + passado (PPS)	Assinar (firmar)	<span style="color: rgb(255, 0, 0);"><b>passado (PPS)</b></span>	Assinei	Assinaste	Assinou	Assinámos	Assinaram						/ɐ.si.ˈnɐj/	/ɐ.si.ˈnaʃ.tɨ/	/ɐ.si.ˈno/	/ɐ.si.ˈna.muʃ/	/ɐ.si.ˈna.ɾɐ̃w/							Portugues::Conjugacao Curso::1A2 Portugues::Verbos::-AR Portugues::Verbos::Indicativo Portugues::Verbos::Passado-PPS Portugues::Verbos::Passado-PPS::-AR
Assistir + passado (PPS)	Assistir (asistir, ayudar)	<span style="color: rgb(255, 0, 0);"><b>passado (PPS)</b></span>	Assisti	Assististe	Assistiu	Assistimos	Assistiram						/ɐ.sɨʃ.ˈti/	/ɐ.sɨʃ.ˈtiʃ.tɨ/	/ɐ.sɨʃ.ˈtiw/	/ɐ.sɨʃ.ˈti.muʃ/	/ɐ.sɨʃ.ˈti.ɾɐ̃w/							Portugues::Conjugacao Curso::1A2 Portugues::Verbos::-IR Portugues::Verbos::Indicativo Portugues::Verbos::Passado-PPS Portugues::Verbos::Passado-PPS::-IR
Atender + passado (PPS)	Atender (atender, contestar el teléfono)	<span style="color: rgb(255, 0, 0);"><b>passado (PPS)</b></span>	Atendi	Atendeste	Atendeu	Atendemos	Atenderam						/ɐ.tẽ.ˈdi/	/ɐ.tẽ.ˈdeʃ.tɨ/	/ɐ.tẽ.ˈdew/	/ɐ.tẽ.ˈde.muʃ/	/ɐ.tẽ.ˈde.ɾɐ̃w/							Portugues::Conjugacao Curso::1A2 Portugues::Verbos::-ER Portugues::Verbos::Indicativo Portugues::Verbos::Passado-PPS Portugues::Verbos::Passado-PPS::-ER
Atrapalhar + passado (PPS)	Atrapalhar  (estorbar)	<span style="color: rgb(255, 0, 0);"><b>passado (PPS)</b></span>	Atrapalhei	Atrapalhaste	Atrapalhou	Atrapalhámos	Atrapalharam						/ɐ.tɾɐ.pɐ.ˈʎɐj/	/ɐ.tɾɐ.pɐ.ˈʎaʃ.tɨ/	/ɐ.tɾɐ.pɐ.ˈʎo/	/ɐ.tɾɐ.pɐ.ˈʎa.muʃ/	/ɐ.tɾɐ.pɐ.ˈʎa.ɾɐ̃w/							Portugues::Conjugacao Curso::1A2 Portugues::Verbos::-AR Portugues::Verbos::Indicativo Portugues::Verbos::Passado-PPS Portugues::Verbos::Passado-PPS::-AR
Atribuir + passado (PPS)	Atribuir	<span style="color: rgb(255, 0, 0);"><b>passado (PPS)</b></span>	Atribuí	Atribuíste	Atribuiu	Atribuímos	Atribuíram						/ɐ.tɾi.bu.ˈi/	/ɐ.tɾi.bu.ˈiʃ.tɨ/	/ɐ.tɾi.bu.ˈiw/	/ɐ.tɾi.bu.ˈi.muʃ/	/ɐ.tɾi.bu.ˈi.ɾɐ̃w/							Portugues::Conjugacao Curso::1A2 Portugues::Verbos::-IR Portugues::Verbos::Indicativo Portugues::Verbos::Passado-PPS Portugues::Verbos::Passado-PPS::-IR
Bater + passado (PPS)	Bater (batir, golpear)	<span style="color: rgb(255, 0, 0);"><b>passado (PPS)</b></span>	Bati	Bateste	Bateu	Batemos	Bateram						/bɐ.ˈti/	/bɐ.ˈteʃ.tɨ/	/bɐ.ˈtew/	/bɐ.ˈte.muʃ/	/bɐ.ˈte.ɾɐ̃w/							Portugues::Conjugacao Curso::1A2 Portugues::Verbos::-ER Portugues::Verbos::Indicativo Portugues::Verbos::Passado-PPS Portugues::Verbos::Passado-PPS::-ER
Beber + passado (PPS)	Beber	<span style="color: rgb(255, 0, 0);"><b>passado (PPS)</b></span>	Bebi	Bebeste	Bebeu	Bebemos	Beberam						/bɨ.ˈbi/	/bɨ.ˈbeʃ.tɨ/	/bɨ.ˈbew/	/bɨ.ˈbe.muʃ/	/bɨ.ˈbe.ɾɐ̃w/							Portugues::Conjugacao Curso::1A2 Portugues::Verbos::-ER Portugues::Verbos::Indicativo Portugues::Verbos::Passado-PPS Portugues::Verbos::Passado-PPS::-ER
Beijar + passado (PPS)	Beijar  (besarI	<span style="color: rgb(255, 0, 0);"><b>passado (PPS)</b></span>	Beijei	Beijaste	Beijou	Beijámos	Beijaram						/bɐj.ˈʒɐj/	/bɐj.ˈʒaʃ.tɨ/	/bɐj.ˈʒo/	/bɐj.ˈʒa.muʃ/	/bɐj.ˈʒa.ɾɐ̃w/							Portugues::Conjugacao Curso::1A2 Curso::2A2 Portugues::Verbos::-AR Portugues::Verbos::Basicos Portugues::Verbos::Indicativo Portugues::Verbos::Passado-PPS Portugues::Verbos::Passado-PPS::-AR
Cair + passado (PPS)	Cair  (caer)	<span style="color: rgb(255, 0, 0);"><b>passado (PPS)</b></span>	Cai	Caíste	Caiu	Caímos	Caíram						/ˈkaj/	/kɐ.ˈiʃ.tɨ/	/kɐ.ˈiw/	/kɐ.ˈi.muʃ/	/kɐ.ˈi.ɾɐ̃w/							Portugues::Conjugacao Curso::1A2 Portugues::Verbos::-IR Portugues::Verbos::Indicativo Portugues::Verbos::Passado-PPS Portugues::Verbos::Passado-PPS::-IR
Calar + passado (PPS)	Calar  (callar)	<span style="color: rgb(255, 0, 0);"><b>passado (PPS)</b></span>	Calei	Calaste	Calou	Calámos	Calaram						/kɐ.ˈɫɐj/	/kɐ.ˈɫaʃ.tɨ/	/kɐ.ˈɫo/	/kɐ.ˈɫa.muʃ/	/kɐ.ˈɫa.ɾɐ̃w/							Portugues::Conjugacao Curso::1A2 Portugues::Verbos::-AR Portugues::Verbos::Indicativo Portugues::Verbos::Passado-PPS Portugues::Verbos::Passado-PPS::-AR
Calar-se + passado (PPS)	Calar-se  (callarse)	<span style="color: rgb(255, 0, 0);"><b>passado (PPS)</b></span>	Calei-me	Calaste-te	Calou-se	Calámo-nos	Calaram-se						/kɐ.ˈɫɐj-mɨ/	/kɐ.ˈɫaʃ.tɨ-tɨ/	/kɐ.ˈɫo-sɨ/	/kɐ.ˈɫa.mu-nuʃ/	/kɐ.ˈɫa.ɾɐ̃w-sɨ/							Portugues::Conjugacao Curso::1A2 Portugues::Verbos::-AR Portugues::Verbos::Indicativo Portugues::Verbos::Passado-PPS Portugues::Verbos::Passado-PPS::-AR Portugues::Verbos::Reflexos
Cantar + passado (PPS)	Cantar	<span style="color: rgb(255, 0, 0);"><b>passado (PPS)</b></span>	Cantei	Cantaste	Cantou	Cantámos	Cantaram						/kɐ̃.ˈtɐj/	/kɐ̃.ˈtaʃ.tɨ/	/kɐ̃.ˈto/	/kɐ̃.ˈta.muʃ/	/kɐ̃.ˈta.ɾɐ̃w/							Portugues::Conjugacao Curso::1A2 Curso::2A2 Portugues::Verbos::-AR Portugues::Verbos::Basicos Portugues::Verbos::Indicativo Portugues::Verbos::Passado-PPS Portugues::Verbos::Passado-PPS::-AR
Chamar + passado (PPS)	Chamar (llamar)	<span style="color: rgb(255, 0, 0);"><b>passado (PPS)</b></span>	Chamei	Chamaste	Chamou	Chamámos	Chamaram						/ʃɐ.ˈmɐj/	/ʃɐ.ˈmaʃ.tɨ/	/ʃɐ.ˈmo/	/ʃɐ.ˈma.muʃ/	/ʃɐ.ˈma.ɾɐ̃w/							Portugues::Conjugacao Curso::1A2 Curso::2A2 Portugues::Verbos::-AR Portugues::Verbos::Basicos Portugues::Verbos::Indicativo Portugues::Verbos::Passado-PPS Portugues::Verbos::Passado-PPS::-AR
Colocar + passado (PPS)	Colocar	<span style="color: rgb(255, 0, 0);"><b>passado (PPS)</b></span>	Coloquei	Colocaste	Colocou	Colocámos	Colocaram						/ku.ɫu.ˈkɐj/	/ku.ɫu.ˈkaʃ.tɨ/	/ku.ɫu.ˈko/	/ku.ɫu.ˈka.muʃ/	/ku.ɫu.ˈka.ɾɐ̃w/							Portugues::Conjugacao Curso::1A2 Portugues::Verbos::-AR Portugues::Verbos::Indicativo Portugues::Verbos::Passado-PPS Portugues::Verbos::Passado-PPS::-AR
Combinar + passado (PPS)	Combinar (acordar, pactar)	<span style="color: rgb(255, 0, 0);"><b>passado (PPS)</b></span>	Combinei	Combinaste	Combinou	Combinámos	Combinaram						/kõ.bi.ˈnɐj/	/kõ.bi.ˈnaʃ.tɨ/	/kõ.bi.ˈno/	/kõ.bi.ˈna.muʃ/	/kõ.bi.ˈna.ɾɐ̃w/							Portugues::Conjugacao Curso::1A2 Curso::2A2 Portugues::Verbos::-AR Portugues::Verbos::Basicos Portugues::Verbos::Indicativo Portugues::Verbos::Passado-PPS Portugues::Verbos::Passado-PPS::-AR
Começar + passado (PPS)	Começar  (comenzar)	<span style="color: rgb(255, 0, 0);"><b>passado (PPS)</b></span>	Comecei	Começaste	Começou	Começámos	Começaram						/ku.mɨ.ˈsɐj/	/ku.mɨ.ˈsaʃ.tɨ/	/ku.mɨ.ˈso/	/ku.mɨ.ˈsa.muʃ/	/ku.mɨ.ˈsa.ɾɐ̃w/							Portugues::Conjugacao Curso::1A2 Curso::2A2 Portugues::Verbos::-AR Portugues::Verbos::Basicos Portugues::Verbos::Indicativo Portugues::Verbos::Passado-PPS Portugues::Verbos::Passado-PPS::-AR
Comer + passado (PPS)	Comer	<span style="color: rgb(255, 0, 0);"><b>passado (PPS)</b></span>	Comi	Comeste	Comeu	Comemos	Comeram						/ku.ˈmi/	/ku.ˈmeʃ.tɨ/	/ku.ˈmew/	/ku.ˈme.muʃ/	/ku.ˈme.ɾɐ̃w/							Portugues::Conjugacao Curso::1A2 Curso::2A2 Portugues::Verbos::-ER Portugues::Verbos::Basicos Portugues::Verbos::Indicativo Portugues::Verbos::Passado-PPS Portugues::Verbos::Passado-PPS::-ER
Compreender + passado (PPS)	Compreender	<span style="color: rgb(255, 0, 0);"><b>passado (PPS)</b></span>	Compreendi	Compreendeste	Compreendeu	Compreendemos	Compreenderam						/kõ.pɾi.ẽ.ˈdi/	/kõ.pɾi.ẽ.ˈdeʃ.tɨ/	/kõ.pɾi.ẽ.ˈdew/	/kõ.pɾi.ẽ.ˈde.muʃ/	/kõ.pɾi.ẽ.ˈde.ɾɐ̃w/							Portugues::Conjugacao Curso::1A2 Portugues::Verbos::-ER Portugues::Verbos::Indicativo Portugues::Verbos::Passado-PPS Portugues::Verbos::Passado-PPS::-ER
Conduzir + passado (PPS)	Conduzir	<span style="color: rgb(255, 0, 0);"><b>passado (PPS)</b></span>	Conduzi	Conduziste	Conduziu	Conduzimos	Conduziram						/kõ.du.ˈzi/	/kõ.du.ˈziʃ.tɨ/	/kõ.du.ˈziw/	/kõ.du.ˈzi.muʃ/	/kõ.du.ˈzi.ɾɐ̃w/							Portugues::Conjugacao Curso::1A2 Portugues::Verbos::-IR Portugues::Verbos::Indicativo Portugues::Verbos::Passado-PPS Portugues::Verbos::Passado-PPS::-IR
Conhecer + passado (PPS)	Conhecer	<span style="color: rgb(255, 0, 0);"><b>passado (PPS)</b></span>	Conheci	Conheceste	Conheceu	Conhecemos	Conheceram						/ku.ɲɨ.ˈsi/	/ku.ɲɨ.ˈseʃ.tɨ/	/ku.ɲɨ.ˈsew/	/ku.ɲɨ.ˈse.muʃ/	/ku.ɲɨ.ˈse.ɾɐ̃w/							Portugues::Conjugacao Curso::1A2 Portugues::Verbos::-ER Portugues::Verbos::Indicativo Portugues::Verbos::Passado-PPS Portugues::Verbos::Passado-PPS::-ER
Conseguir + passado (PPS)	Conseguir	<span style="color: rgb(255, 0, 0);"><b>passado (PPS)</b></span>	Consegui	Conseguiste	Conseguiu	Conseguimos	Conseguiram						/kõ.sɨ.ˈgi/	/kõ.sɨ.ˈgiʃ.tɨ/	/kõ.sɨ.ˈgiw/	/kõ.sɨ.ˈgi.muʃ/	/kõ.sɨ.ˈgi.ɾɐ̃w/							Portugues::Conjugacao Curso::1A2 Portugues::Verbos::-IR Portugues::Verbos::Indicativo Portugues::Verbos::Passado-PPS Portugues::Verbos::Passado-PPS::-IR
Constituir + passado (PPS)	Constituir	<span style="color: rgb(255, 0, 0);"><b>passado (PPS)</b></span>	Constituí	Constituíste	Constituiu	Constituímos	Constituíram						/kõʃ.ti.tu.ˈi/	/kõʃ.ti.tu.ˈiʃ.tɨ/	/kõʃ.ti.tu.ˈiw/	/kõʃ.ti.tu.ˈi.muʃ/	/kõʃ.ti.tu.ˈi.ɾɐ̃w/							Portugues::Conjugacao Curso::1A2 Portugues::Verbos::-IR Portugues::Verbos::Indicativo Portugues::Verbos::Passado-PPS Portugues::Verbos::Passado-PPS::-IR
Construir + passado (PPS)	Construir	<span style="color: rgb(255, 0, 0);"><b>passado (PPS)</b></span>	Construí	Construíste	Construiu	Construímos	Construíram						/kõʃ.tɾu.ˈi/	/kõʃ.tɾu.ˈiʃ.tɨ/	/kõʃ.tɾu.ˈiw/	/kõʃ.tɾu.ˈi.muʃ/	/kõʃ.tɾu.ˈi.ɾɐ̃w/							Portugues::Conjugacao Curso::1A2 Portugues::Verbos::-IR Portugues::Verbos::Indicativo Portugues::Verbos::Passado-PPS Portugues::Verbos::Passado-PPS::-IR
Convidar + passado (PPS)	Convidar (invitar)	<span style="color: rgb(255, 0, 0);"><b>passado (PPS)</b></span>	Convidei	Convidaste	Convidou	Convidámos	Convidaram						/kõ.vi.ˈdɐj/	/kõ.vi.ˈdaʃ.tɨ/	/kõ.vi.ˈdo/	/kõ.vi.ˈda.muʃ/	/kõ.vi.ˈda.ɾɐ̃w/							Portugues::Conjugacao Curso::1A2 Curso::2A2 Portugues::Verbos::-AR Portugues::Verbos::Basicos Portugues::Verbos::Indicativo Portugues::Verbos::Passado-PPS Portugues::Verbos::Passado-PPS::-AR
Correr + passado (PPS)	Correr	<span style="color: rgb(255, 0, 0);"><b>passado (PPS)</b></span>	Corri	Correste	Correu	Corremos	Correram						/ku.ˈʁi/	/ku.ˈʁeʃ.tɨ/	/ku.ˈʁew/	/ku.ˈʁe.muʃ/	/ku.ˈʁe.ɾɐ̃w/							Portugues::Conjugacao Curso::1A2 Portugues::Verbos::-ER Portugues::Verbos::Indicativo Portugues::Verbos::Passado-PPS Portugues::Verbos::Passado-PPS::-ER
Corrigir + passado (PPS)	Corrigir	<span style="color: rgb(255, 0, 0);"><b>passado (PPS)</b></span>	Corrigi	Corrigiste	Corrigiu	Corrigimos	Corrigiram						/ku.ʁɨ.ˈʒi/	/ku.ʁɨ.ˈʒiʃ.tɨ/	/ku.ʁɨ.ˈʒiw/	/ku.ʁɨ.ˈʒi.muʃ/	/ku.ʁɨ.ˈʒi.ɾɐ̃w/							Portugues::Conjugacao Curso::1A2 Portugues::Verbos::-IR Portugues::Verbos::Indicativo Portugues::Verbos::Passado-PPS Portugues::Verbos::Passado-PPS::-IR
Cortar + passado (PPS)	Cortar	<span style="color: rgb(255, 0, 0);"><b>passado (PPS)</b></span>	Cortei	Cortaste	Cortou	Cortámos	Cortaram						/kuɾ.ˈtɐj/	/kuɾ.ˈtaʃ.tɨ/	/kuɾ.ˈto/	/kuɾ.ˈta.muʃ/	/kuɾ.ˈta.ɾɐ̃w/							Portugues::Conjugacao Curso::1A2 Portugues::Verbos::-AR Portugues::Verbos::Indicativo Portugues::Verbos::Passado-PPS Portugues::Verbos::Passado-PPS::-AR
Costumar + passado (PPS)	Costumar (soler)	<span style="color: rgb(255, 0, 0);"><b>passado (PPS)</b></span>	Costumei	Costumaste	Costumou	Costumámos	Costumaram						/kuʃ.tu.ˈmɐj/	/kuʃ.tu.ˈmaʃ.tɨ/	/kuʃ.tu.ˈmo/	/kuʃ.tu.ˈma.muʃ/	/kuʃ.tu.ˈma.ɾɐ̃w/							Portugues::Conjugacao Curso::1A2 Curso::2A2 Portugues::Verbos::-AR Portugues::Verbos::Basicos Portugues::Verbos::Indicativo Portugues::Verbos::Passado-PPS Portugues::Verbos::Passado-PPS::-AR
Crer + passado (PPS)	Crer  (creer)	<span style="color: rgb(255, 0, 0);"><b>passado (PPS)</b></span>	Cri	Creste	Creu	Cremos	Creram						/ˈkɾi/	/ˈkɾeʃ.tɨ/	/ˈkɾew/	/ˈkɾe.muʃ/	/ˈkɾe.ɾɐ̃w/							Portugues::Conjugacao Curso::1A2 Portugues::Verbos::-ER Portugues::Verbos::Indicativo Portugues::Verbos::Passado-PPS Portugues::Verbos::Passado-PPS::-ER
Crescer + passado (PPS)	Crescer	<span style="color: rgb(255, 0, 0);"><b>passado (PPS)</b></span>	Cresci	Cresceste	Cresceu	Crescemos	Cresceram						/kɾɨʃ.ˈsi/	/kɾɨʃ.ˈseʃ.tɨ/	/kɾɨʃ.ˈsew/	/kɾɨʃ.ˈse.muʃ/	/kɾɨʃ.ˈse.ɾɐ̃w/							Portugues::Conjugacao Curso::1A2 Portugues::Verbos::-ER Portugues::Verbos::Indicativo Portugues::Verbos::Passado-PPS Portugues::Verbos::Passado-PPS::-ER
Cruzar + passado (PPS)	Cruzar	<span style="color: rgb(255, 0, 0);"><b>passado (PPS)</b></span>	Cruzei	Cruzaste	Cruzou	Cruzámos	Cruzaram						/kɾu.ˈzɐj/	/kɾu.ˈzaʃ.tɨ/	/kɾu.ˈzo/	/kɾu.ˈza.muʃ/	/kɾu.ˈza.ɾɐ̃w/							Portugues::Conjugacao Curso::1A2 Portugues::Verbos::-AR Portugues::Verbos::Indicativo Portugues::Verbos::Passado-PPS Portugues::Verbos::Passado-PPS::-AR
Cruzar-se + passado (PPS)	Cruzar-se	<span style="color: rgb(255, 0, 0);"><b>passado (PPS)</b></span>	Cruzei-me	Cruzaste-te	Cruzou-se	Cruzámo-nos	Cruzaram-se						/kɾu.ˈzɐj-mɨ/	/kɾu.ˈzaʃ.tɨ-tɨ/	/kɾu.ˈzo-sɨ/	/kɾu.ˈza.mu-nuʃ/	/kɾu.ˈza.ɾɐ̃w-sɨ/							Portugues::Conjugacao Curso::1A2 Portugues::Verbos::-AR Portugues::Verbos::Indicativo Portugues::Verbos::Passado-PPS Portugues::Verbos::Passado-PPS::-AR Portugues::Verbos::Reflexos
Cumprir + passado (PPS)	Cumprir (cumplir e.g. años)	<span style="color: rgb(255, 0, 0);"><b>passado (PPS)</b></span>	Cumpri	Cumpriste	Cumpriu	Cumprimos	Cumpriram						/kũ.ˈpɾi/	/kũ.ˈpɾiʃ.tɨ/	/kũ.ˈpɾiw/	/kũ.ˈpɾi.muʃ/	/kũ.ˈpɾi.ɾɐ̃w/							Portugues::Conjugacao Curso::1A2 Portugues::Verbos::-IR Portugues::Verbos::Indicativo Portugues::Verbos::Passado-PPS Portugues::Verbos::Passado-PPS::-IR
Dançar + passado (PPS)	Dançar  (bailar)	<span style="color: rgb(255, 0, 0);"><b>passado (PPS)</b></span>	Dancei	Dançaste	Dançou	Dançámos	Dançaram						/dɐ̃.ˈsɐj/	/dɐ̃.ˈsaʃ.tɨ/	/dɐ̃.ˈso/	/dɐ̃.ˈsa.muʃ/	/dɐ̃.ˈsa.ɾɐ̃w/							Portugues::Conjugacao Curso::1A2 Portugues::Verbos::-AR Portugues::Verbos::Indicativo Portugues::Verbos::Passado-PPS Portugues::Verbos::Passado-PPS::-AR
Dar + passado (PPS)	Dar	<span style="color: rgb(255, 0, 0);"><b>passado (PPS)</b></span>	Dei	Deste	Deu	Demos	Deram						/ˈdɐj/	/ˈdeʃ.tɨ/	/ˈdew/	/ˈde.muʃ/	/ˈde.ɾɐ̃w/							Curso::2A2::U2-Olha-Esta-Noticia Portugues::Conjugacao Curso::1A2 Curso::2A2 Portugues::Verbos::-AR Portugues::Verbos::Basicos Portugues::Verbos::Dificiles Portugues::Verbos::Indicativo Portugues::Verbos::Irregulares Portugues::Verbos::Passado-PPS Portugues::Verbos::Passado-PPS::-AR Portugues::Verbos::Passado-PPS::Irregulares
Decidir + passado (PPS)	Decidir	<span style="color: rgb(255, 0, 0);"><b>passado (PPS)</b></span>	Decidi	Decidiste	Decidiu	Decidimos	Decidiram						dɨ.sɨ.ˈdi/	/dɨ.sɨ.ˈdiʃ.tɨ/	/dɨ.sɨ.ˈdiw/	/dɨ.sɨ.ˈdi.muʃ/	/dɨ.sɨ.ˈdi.ɾɐ̃w/							Portugues::Conjugacao Curso::1A2 Portugues::Verbos::-IR Portugues::Verbos::Indicativo Portugues::Verbos::Passado-PPS Portugues::Verbos::Passado-PPS::-IR
Deitar + passado (PPS)	Deitar (acostar, recostar)	<span style="color: rgb(255, 0, 0);"><b>passado (PPS)</b></span>	Deitei	Deitaste	Deitou	Deitámos	Deitaram						/dɐj.ˈtɐj/	/dɐj.ˈtaʃ.tɨ/	/dɐj.ˈto/	/dɐj.ˈta.muʃ/	/dɐj.ˈta.ɾɐ̃w/							Portugues::Conjugacao Curso::1A2 Portugues::Verbos::-AR Portugues::Verbos::Indicativo Portugues::Verbos::Passado-PPS Portugues::Verbos::Passado-PPS::-AR
Deitar-se + passado (PPS)	Deitar-se  (acostarse)	<span style="color: rgb(255, 0, 0);"><b>passado (PPS)</b></span>	Deitei-me	Deitaste-te	Deitou-se	Deitamo-nos	Deitaram-se						/dɐj.ˈtɐj-mɨ/	/dɐj.ˈtaʃ.tɨ-tɨ/	/dɐj.ˈto-sɨ/	/dɐj.ˈtɐ.mu-nuʃ/	/dɐj.ˈta.ɾɐ̃w-sɨ/							Portugues::Conjugacao Curso::1A2 Curso::2A2 Portugues::Verbos::-AR Portugues::Verbos::Basicos Portugues::Verbos::Indicativo Portugues::Verbos::Passado-PPS Portugues::Verbos::Passado-PPS::-AR Portugues::Verbos::Reflexos
Deixar + passado (PPS)	Deixar  (dejar)	<span style="color: rgb(255, 0, 0);"><b>passado (PPS)</b></span>	Deixei	Deixaste	Deixou	Deixámos	Deixaram						/dɐj.ˈʃɐj/	/dɐj.ˈʃaʃ.tɨ/	/dɐj.ˈʃo/	/dɐj.ˈʃa.muʃ/	/dɐj.ˈʃa.ɾɐ̃w/							Portugues::Conjugacao Curso::1A2 Portugues::Verbos::-AR Portugues::Verbos::Indicativo Portugues::Verbos::Passado-PPS Portugues::Verbos::Passado-PPS::-AR
Descer + passado (PPS)	Descer  (bajar)	<span style="color: rgb(255, 0, 0);"><b>passado (PPS)</b></span>	Desci	Desceste	Desceu	Descemos	Desceram						/dɨʃ.ˈsi/	/dɨʃ.ˈseʃ.tɨ/	/dɨʃ.ˈsew/	/dɨʃ.ˈse.muʃ/	/dɨʃ.ˈse.ɾɐ̃w/							Portugues::Conjugacao Curso::1A2 Portugues::Verbos::-ER Portugues::Verbos::Indicativo Portugues::Verbos::Passado-PPS Portugues::Verbos::Passado-PPS::-ER
Desistir + passado (PPS)	Desistir	<span style="color: rgb(255, 0, 0);"><b>passado (PPS)</b></span>	Desisti	Desististe	Desistiu	Desistimos	Desistiram						/dɨ.zɨʃ.ˈti/	/dɨ.zɨʃ.ˈtiʃ.tɨ/	/dɨ.zɨʃ.ˈtiw/	/dɨ.zɨʃ.ˈti.muʃ/	/dɨ.zɨʃ.ˈti.ɾɐ̃w/							Portugues::Conjugacao Curso::1A2 Portugues::Verbos::-IR Portugues::Verbos::Indicativo Portugues::Verbos::Passado-PPS Portugues::Verbos::Passado-PPS::-IR
Despir + passado (PPS)	Despir (Desvestir)	<span style="color: rgb(255, 0, 0);"><b>passado (PPS)</b></span>	Despi	Despiste	Despiu	Despimos	Despiram						/dɨʃ.ˈpi/	/dɨʃ.ˈpiʃ.tɨ/	/dɨʃ.ˈpiw/	/dɨʃ.ˈpi.muʃ/	/dɨʃ.ˈpi.ɾɐ̃w/							Portugues::Conjugacao Curso::1A2 Portugues::Verbos::-IR Portugues::Verbos::Indicativo Portugues::Verbos::Passado-PPS Portugues::Verbos::Passado-PPS::-IR
Despir-se + passado (PPS)	Despir-se  (desvestirse)	<span style="color: rgb(255, 0, 0);"><b>passado (PPS)</b></span>	Despi-me	Despiu-te	Despiu-se	Despimo-nos	Despiram-se						/dɨʃ.ˈpi-mɨ/	/dɨʃ.ˈpiw-tɨ/	/dɨʃ.ˈpiw-sɨ/	/dɨʃ.ˈpi.mu-nuʃ/	/dɨʃ.ˈpi.ɾɐ̃w-sɨ/							Portugues::Conjugacao Curso::1A2 Curso::2A2 Portugues::Verbos::-IR Portugues::Verbos::Basicos Portugues::Verbos::Indicativo Portugues::Verbos::Passado-PPS Portugues::Verbos::Passado-PPS::-IR Portugues::Verbos::Reflexos
Destruir + passado (PPS)	Destruir	<span style="color: rgb(255, 0, 0);"><b>passado (PPS)</b></span>	Destruí	Destruíste	Destruíu	Destruímos	Destruíram						/dɨʃ.tɾu.ˈi/	/dɨʃ.tɾu.ˈiʃ.tɨ/	/dɨʃ.tɾu.ˈi.u/	/dɨʃ.tɾu.ˈi.muʃ/	/dɨʃ.tɾu.ˈi.ɾɐ̃w/							Portugues::Conjugacao Curso::1A2 Portugues::Verbos::-IR Portugues::Verbos::Indicativo Portugues::Verbos::Passado-PPS Portugues::Verbos::Passado-PPS::-IR
Dever + passado (PPS)	Dever  (deber)	<span style="color: rgb(255, 0, 0);"><b>passado (PPS)</b></span>	Devi	Deveste	Deveu	Devmos	Deveram						/dɨ.ˈvi/	/dɨ.ˈveʃ.tɨ/	/dɨ.ˈvew/	/ˈdev.muʃ/	/dɨ.ˈve.ɾɐ̃w/							Portugues::Conjugacao Curso::1A2 Portugues::Verbos::-ER Portugues::Verbos::Indicativo Portugues::Verbos::Passado-PPS Portugues::Verbos::Passado-PPS::-ER
Dirigir + passado (PPS)	Dirigir	<span style="color: rgb(255, 0, 0);"><b>passado (PPS)</b></span>	Dirigi	Dirigiste	Dirigiu	Dirigimos	Dirigiram						/dɨ.ɾɨ.ˈʒi/	/dɨ.ɾɨ.ˈʒiʃ.tɨ/	/dɨ.ɾɨ.ˈʒiw/	/dɨ.ɾɨ.ˈʒi.muʃ/	/dɨ.ɾɨ.ˈʒi.ɾɐ̃w/							Portugues::Conjugacao Curso::1A2 Portugues::Verbos::-IR Portugues::Verbos::Indicativo Portugues::Verbos::Passado-PPS Portugues::Verbos::Passado-PPS::-IR
Discutir + passado (PPS)	Discutir	<span style="color: rgb(255, 0, 0);"><b>passado (PPS)</b></span>	Discuti	Discutiste	Discutiu	Discutimos	Discutiram						/dɨʃ.ku.ˈti/	/dɨʃ.ku.ˈtiʃ.tɨ/	/dɨʃ.ku.ˈtiw/	/dɨʃ.ku.ˈti.muʃ/	/dɨʃ.ku.ˈti.ɾɐ̃w/							Portugues::Conjugacao Curso::1A2 Portugues::Verbos::-IR Portugues::Verbos::Indicativo Portugues::Verbos::Passado-PPS Portugues::Verbos::Passado-PPS::-IR
Dissolver + passado (PPS)	Dissolver	<span style="color: rgb(255, 0, 0);"><b>passado (PPS)</b></span>	Dissolvi	Dissolveste	Dissolveu	Dissolvemos	Dissolveram						/di.sɔɫ.ˈvi/	/di.sɔɫ.ˈveʃ.tɨ/	/di.sɔɫ.ˈvew/	/di.sɔɫ.ˈve.muʃ/	/di.sɔɫ.ˈve.ɾɐ̃w/							Portugues::Conjugacao Curso::1A2 Portugues::Verbos::-ER Portugues::Verbos::Indicativo Portugues::Verbos::Passado-PPS Portugues::Verbos::Passado-PPS::-ER
Distribuir + passado (PPS)	Distribuir	<span style="color: rgb(255, 0, 0);"><b>passado (PPS)</b></span>	Distribuí	Distribuíste	Distribuíu	Distribuímos	Distribuíram						/dɨʃ.tɾi.bu.ˈi/	/dɨʃ.tɾi.bu.ˈiʃ.tɨ/	/dɨʃ.tɾi.bu.ˈi.u/	/dɨʃ.tɾi.bu.ˈi.muʃ/	/dɨʃ.tɾi.bu.ˈi.ɾɐ̃w/							Portugues::Conjugacao Curso::1A2 Portugues::Verbos::-IR Portugues::Verbos::Indicativo Portugues::Verbos::Passado-PPS Portugues::Verbos::Passado-PPS::-IR
Dizer + passado (PPS)	Dizer  (decir)	<span style="color: rgb(255, 0, 0);"><b>passado (PPS)</b></span>	Disse	Disses	Disse	Dissemos	Disseram						/ˈdi.sɨ/	/ˈdi.sɨʃ/	/ˈdi.sɨ/	/di.ˈse.muʃ/	/di.ˈse.ɾɐ̃w/							Curso::2A2::U1-Porque-Estudas-Portugues Portugues::Conjugacao Curso::1A2 Curso::2A2 Portugues::Verbos::-ER Portugues::Verbos::Basicos Portugues::Verbos::Dificiles Portugues::Verbos::Indicativo Portugues::Verbos::Irregulares Portugues::Verbos::Passado-PPS Portugues::Verbos::Passado-PPS::Irregulares
Doer + passado (PPS)	Doer  (doler)	<span style="color: rgb(255, 0, 0);"><b>passado (PPS)</b></span>	Doeu	Doeste	Doeu	Doemos	Doeram						/du.ˈew/	/du.ˈeʃ.tɨ/	/du.ˈew/	/du.ˈe.muʃ/	/du.ˈe.ɾɐ̃w/							Portugues::Conjugacao Curso::1A2 Portugues::Verbos::-ER Portugues::Verbos::Indicativo Portugues::Verbos::Passado-PPS Portugues::Verbos::Passado-PPS::-ER
Dormir + passado (PPS)	Dormir	<span style="color: rgb(255, 0, 0);"><b>passado (PPS)</b></span>	Dormi	Dormiste	Dormiu	Dormimos	Dormiram						/duɾ.ˈmi/	/duɾ.ˈmiʃ.tɨ/	/duɾ.ˈmiw/	/duɾ.ˈmi.muʃ/	/duɾ.ˈmi.ɾɐ̃w/							Portugues::Conjugacao Curso::1A2 Curso::2A2 Portugues::Verbos::-IR Portugues::Verbos::Basicos Portugues::Verbos::Indicativo Portugues::Verbos::Passado-PPS Portugues::Verbos::Passado-PPS::-IR
Encontrar + passado (PPS)	Encontrar	<span style="color: rgb(255, 0, 0);"><b>passado (PPS)</b></span>	Encontrei	Encontraste	Encontrou	Encontrámos	Encontraram						/ẽkõˈtɾɐj/	/ẽ.kõ.ˈtɾaʃ.tɨ/	/ẽ.kõ.ˈtɾo/	/ẽ.kõ.ˈtɾa.muʃ/	/ẽ.kõ.ˈtɾa.ɾɐ̃w/							Portugues::Conjugacao Curso::1A2 Portugues::Verbos::-AR Portugues::Verbos::Indicativo Portugues::Verbos::Passado-PPS Portugues::Verbos::Passado-PPS::-AR
Ensinar + passado (PPS)	Ensinar (enseñar)	<span style="color: rgb(255, 0, 0);"><b>passado (PPS)</b></span>	Ensinei	Ensinaste	Ensinou	Ensinámos	Ensinaram						/ẽsiˈnɐj/	/ẽ.si.ˈnaʃ.tɨ/	/ẽ.si.ˈno/	/ẽ.si.ˈna.muʃ/	/ẽ.si.ˈna.ɾɐ̃w/							Portugues::Conjugacao Curso::1A2 Portugues::Verbos::-AR Portugues::Verbos::Indicativo Portugues::Verbos::Passado-PPS Portugues::Verbos::Passado-PPS::-AR
Entender + passado (PPS)	Entender	<span style="color: rgb(255, 0, 0);"><b>passado (PPS)</b></span>	Entendi	Entendeste	Entendeu	Entendemos	Entenderam						/ẽtẽˈdi/	/ẽ.tẽ.ˈdeʃ.tɨ/	/ẽ.tẽ.ˈdew/	/ẽ.tẽ.ˈde.muʃ/	/ẽ.tẽ.ˈde.ɾɐ̃w/							Portugues::Conjugacao Curso::1A2 Portugues::Verbos::-ER Portugues::Verbos::Indicativo Portugues::Verbos::Passado-PPS Portugues::Verbos::Passado-PPS::-ER
Entrar + passado (PPS)	Entrar	<span style="color: rgb(255, 0, 0);"><b>passado (PPS)</b></span>	Entrei	Entraste	Entrou	Entrámos	Entraram						/ẽˈtɾɐj/	/ẽ.ˈtɾaʃ.tɨ/	/ẽ.ˈtɾo/	/ẽ.ˈtɾa.muʃ/	/ẽ.ˈtɾa.ɾɐ̃w/							Portugues::Conjugacao Curso::1A2 Portugues::Verbos::-AR Portugues::Verbos::Indicativo Portugues::Verbos::Passado-PPS Portugues::Verbos::Passado-PPS::-AR
Escolher + passado (PPS)	Escolher (escoger)	<span style="color: rgb(255, 0, 0);"><b>passado (PPS)</b></span>	Escolhi	Escolheste	Escolheu	Escolhemos	Escolheram						/ʃkuˈʎi/	/ʃ.ku.ˈʎeʃ.tɨ/	/ʃ.ku.ˈʎew/	/ʃ.ku.ˈʎe.muʃ/	/ʃ.ku.ˈʎe.ɾɐ̃w/							Portugues::Conjugacao Curso::1A2 Portugues::Verbos::-ER Portugues::Verbos::Indicativo Portugues::Verbos::Passado-PPS Portugues::Verbos::Passado-PPS::-ER
Escrever + passado (PPS)	Escrever  (escribir)	<span style="color: rgb(255, 0, 0);"><b>passado (PPS)</b></span>	Escrevi	Ecreveste	Escreveu	Ecrevemos	Escreveram						/ʃkɾɨˈvi/	/i.kɾɨ.ˈveʃ.tɨ/	/ʃ.kɾɨ.ˈvew/	/i.kɾɨ.ˈve.muʃ/	/ʃ.kɾɨ.ˈve.ɾɐ̃w/							Portugues::Conjugacao Curso::1A2 Portugues::Verbos::-ER Portugues::Verbos::Indicativo Portugues::Verbos::Passado-PPS Portugues::Verbos::Passado-PPS::-ER
Esmagar + passado (PPS)	Esmagar (aplastar)	<span style="color: rgb(255, 0, 0);"><b>passado (PPS)</b></span>	Esmaguei	Esmagaste	Esmagou	Esmagámos	Esmagaram						/ʒmɐˈgɐj/	/ʒ.mɐ.ˈgaʃ.tɨ/	/ʒ.mɐ.ˈgo/	/ʒ.mɐ.ˈga.muʃ/	/ʒ.mɐ.ˈga.ɾɐ̃w/							Portugues::Conjugacao Curso::1A2 Portugues::Verbos::-AR Portugues::Verbos::Indicativo Portugues::Verbos::Passado-PPS Portugues::Verbos::Passado-PPS::-AR
Esperar + passado (PPS)	Esperar	<span style="color: rgb(255, 0, 0);"><b>passado (PPS)</b></span>	Esperei	Esperaste	Esperou	Esperámos	Esperaram						/ʃpɨˈɾɐj/	/ʃ.pɨ.ˈɾaʃ.tɨ/	/ʃ.pɨ.ˈɾo/	/ʃ.pɨ.ˈɾa.muʃ/	/ʃ.pɨ.ˈɾa.ɾɐ̃w/							Portugues::Conjugacao Curso::1A2 Portugues::Verbos::-AR Portugues::Verbos::Indicativo Portugues::Verbos::Passado-PPS Portugues::Verbos::Passado-PPS::-AR
Esquecer + passado (PPS)	Esquecer (olvidar)	<span style="color: rgb(255, 0, 0);"><b>passado (PPS)</b></span>	Esqueci	Esqueceste	Esqueceu	Esquecemos	Esqueceram						/ʃkɨˈsi/	/ʃ.kɨ.ˈseʃ.tɨ/	/ʃ.kɨ.ˈsew/	/ʃ.kɨ.ˈse.muʃ/	/ʃ.kɨ.ˈse.ɾɐ̃w/							Portugues::Conjugacao Curso::1A2 Portugues::Verbos::-ER Portugues::Verbos::Indicativo Portugues::Verbos::Passado-PPS Portugues::Verbos::Passado-PPS::-ER
Esquecer-se + passado (PPS)	Esquecer-se  (olvidarse)	<span style="color: rgb(255, 0, 0);"><b>passado (PPS)</b></span>	Esqueci-me	Esqueceste-te	Esqueceu-se	Esquecemo-nos	Esqueceram-se						/ʃkɨˈsi-mɨ/	/ʃ.kɨ.ˈseʃ.tɨ-tɨ/	/ʃ.kɨ.ˈsew-sɨ/	/ʃ.kɨ.ˈse.mu-nuʃ/	/ʃ.kɨ.ˈse.ɾɐ̃w-sɨ/							Portugues::Conjugacao Curso::1A2 Portugues::Verbos::-ER Portugues::Verbos::Basicos Portugues::Verbos::Passado-PPS Portugues::Verbos::Passado-PPS::-ER Portugues::Verbos::Reflexos
Esquentar + passado (PPS)	esquentar (calentar)	<span style="color: rgb(255, 0, 0);"><b>passado (PPS)</b></span>	Esquentei	Esquentaste	Esquentou	Esquentámos	Esquentaram						/ʃkẽˈtɐj/	/ʃ.kẽ.ˈtaʃ.tɨ/	/ʃ.kẽ.ˈto/	/ʃ.kẽ.ˈta.muʃ/	/ʃ.kẽ.ˈta.ɾɐ̃w/							Portugues::Conjugacao Curso::1A2 Portugues::Verbos::-AR Portugues::Verbos::Indicativo Portugues::Verbos::Passado-PPS Portugues::Verbos::Passado-PPS::-AR
Estar + passado (PPS)	Estar	<span style="color: rgb(255, 0, 0);"><b>passado (PPS)</b></span>	Estive	Estiveste	Esteve	Estivemos	Estiveram						/ʃˈtivɨ/	/ʃ.ti.ˈveʃ.tɨ/	/ʃ.ˈte.vɨ/	/ʃ.ti.ˈve.muʃ/	/ʃ.ti.ˈve.ɾɐ̃w/							Portugues::Conjugacao Curso::1A2 Curso::2A2 Portugues::Verbos::-AR Portugues::Verbos::Basicos Portugues::Verbos::Dificiles Portugues::Verbos::Indicativo Portugues::Verbos::Irregulares Portugues::Verbos::Passado-PPS Portugues::Verbos::Passado-PPS::-AR Portugues::Verbos::Passado-PPS::Irregulares
Experimentar + passado (PPS)	Experimentar	<span style="color: rgb(255, 0, 0);"><b>passado (PPS)</b></span>	Experimentei	Experimentaste	Experimentou	Experimentámos	Experimentaram						/ʃpɨɾimẽˈtɐj/	/ʃ.pɨ.ɾi.mẽ.ˈtaʃ.tɨ/	/ʃ.pɨ.ɾi.mẽ.ˈto/	/ʃ.pɨ.ɾi.mẽ.ˈta.muʃ/	/ʃ.pɨ.ɾi.mẽ.ˈta.ɾɐ̃w/							Portugues::Conjugacao Curso::1A2 Portugues::Verbos::-AR Portugues::Verbos::Indicativo Portugues::Verbos::Passado-PPS Portugues::Verbos::Passado-PPS::-AR
Falar + passado (PPS)	Falar (hablar)	<span style="color: rgb(255, 0, 0);"><b>passado (PPS)</b></span>	Falei	Falaste	Falou	Falámos	Falaram						/fɐˈɫɐj/	/fɐˈɫaʃtɨ/	/fɐˈɫo/	/fɐˈɫamuʃ/	/fɐˈɫaɾɐ̃w/							Portugues::Conjugacao Curso::1A2 Curso::2A2 Portugues::Verbos::-AR Portugues::Verbos::Basicos Portugues::Verbos::Indicativo Portugues::Verbos::Passado-PPS Portugues::Verbos::Passado-PPS::-AR
Fazer + passado (PPS)	Fazer (hacer)	<span style="color: rgb(255, 0, 0);"><b>passado (PPS)</b></span>	Fiz	Fizeste	Fez	Fizemos	Fizeram						/ˈfiʃ/	/fiˈzeʃtɨ/	/ˈfeʃ/	/fiˈzemuʃ/	/fiˈzeɾɐ̃w/							Curso::2A2::U1-Porque-Estudas-Portugues Portugues::Conjugacao Curso::1A2 Curso::2A2 Portugues::Verbos::-ER Portugues::Verbos::Basicos Portugues::Verbos::Dificiles Portugues::Verbos::Indicativo Portugues::Verbos::Irregulares Portugues::Verbos::Passado-PPS Portugues::Verbos::Passado-PPS::-ER Portugues::Verbos::Passado-PPS::Irregulares
Fechar + passado (PPS)	Fechar (cerrar)	<span style="color: rgb(255, 0, 0);"><b>passado (PPS)</b></span>	Fechei	Fechaste	Fechou	Fechámos	Fecharam						/fɨˈʃɐj/	/fɨˈʃaʃtɨ/	/fɨˈʃo/	/fɨˈʃamuʃ/	/fɨˈʃaɾɐ̃w/							Portugues::Conjugacao Curso::1A2 Portugues::Verbos::-AR Portugues::Verbos::Indicativo Portugues::Verbos::Passado-PPS Portugues::Verbos::Passado-PPS::-AR
Ficar + passado (PPS)	Ficar (permanecer)	<span style="color: rgb(255, 0, 0);"><b>passado (PPS)</b></span>	Fiquei	Ficaste	Ficou	Ficámos	Ficaram						/fiˈkɐj/	/fiˈkaʃtɨ/	/fiˈko/	/fiˈkamuʃ/	/fiˈkaɾɐ̃w/							Portugues::Conjugacao Curso::1A2 Curso::2A2 Portugues::Verbos::-AR Portugues::Verbos::Basicos Portugues::Verbos::Indicativo Portugues::Verbos::Passado-PPS Portugues::Verbos::Passado-PPS::-AR
Fugir + passado (PPS)	Fugir  (huir)	<span style="color: rgb(255, 0, 0);"><b>passado (PPS)</b></span>	Fugi	Fugiste	Fugiu	Fugimos	Fugiram						/fuˈʒi/	/fuˈʒiʃtɨ/	/fuˈʒiw/	/fuˈʒimuʃ/	/fuˈʒiɾɐ̃w/							Portugues::Conjugacao Curso::1A2 Curso::2A2 Portugues::Verbos::-IR Portugues::Verbos::Basicos Portugues::Verbos::Indicativo Portugues::Verbos::Passado-PPS Portugues::Verbos::Passado-PPS::-IR
Ganhar + passado (PPS)	Ganhar  (ganar)	<span style="color: rgb(255, 0, 0);"><b>passado (PPS)</b></span>	Ganhei	Ganhaste	Ganhou	Ganhámos	Ganharam						/gɐˈɲɐj/	/gɐˈɲaʃtɨ/	/gɐˈɲo/	/gɐˈɲamuʃ/	/gɐˈɲaɾɐ̃w/							Portugues::Conjugacao Curso::1A2 Portugues::Verbos::-AR Portugues::Verbos::Indicativo Portugues::Verbos::Passado-PPS Portugues::Verbos::Passado-PPS::-AR
Girar + passado (PPS)	Girar	<span style="color: rgb(255, 0, 0);"><b>passado (PPS)</b></span>	Girei	Giraste	Girou	Girámos	Giraram						/ʒiˈɾɐj/	/ʒiˈɾaʃtɨ/	/ʒiˈɾo/	/ʒiˈɾamuʃ/	/ʒiˈɾaɾɐ̃w/							Portugues::Conjugacao Curso::1A2 Portugues::Verbos::-AR Portugues::Verbos::Indicativo Portugues::Verbos::Passado-PPS Portugues::Verbos::Passado-PPS::-AR
Imprimir + passado (PPS)	Imprimir	<span style="color: rgb(255, 0, 0);"><b>passado (PPS)</b></span>	Imprimi	Imprimiste	Imprimiu	Imprimimos	Imprimiram						/ĩpɾɨˈmi/	/ĩpɾɨˈmiʃtɨ/	/ĩpɾɨˈmiw/	/ĩpɾɨˈmimuʃ/	/ĩpɾɨˈmiɾɐ̃w/							Portugues::Conjugacao Curso::1A2 Portugues::Verbos::-IR Portugues::Verbos::Indicativo Portugues::Verbos::Passado-PPS Portugues::Verbos::Passado-PPS::-IR
Insirar + passado (PPS)	Insirar (insertar)	<span style="color: rgb(255, 0, 0);"><b>passado (PPS)</b></span>	Insirei	Insiraste	Insirou	Insirámos	Insiraram						/ĩsɨˈɾɐj/	/ĩsɨˈɾaʃtɨ/	/ĩsɨˈɾo/	/ĩsɨˈɾamuʃ/	/ĩsɨˈɾaɾɐ̃w/							Portugues::Conjugacao Curso::1A2 Portugues::Verbos::-AR Portugues::Verbos::Indicativo Portugues::Verbos::Passado-PPS Portugues::Verbos::Passado-PPS::-AR
Insistir + passado (PPS)	Insistir	<span style="color: rgb(255, 0, 0);"><b>passado (PPS)</b></span>	Insisti	Insististe	Insistiu	Insistimos	Insistiram						/ĩsɨʃˈti/	/ĩsɨʃˈtiʃtɨ/	/ĩsɨʃˈtiw/	/ĩsɨʃˈtimuʃ/	/ĩsɨʃˈtiɾɐ̃w/							Portugues::Conjugacao Curso::1A2 Portugues::Verbos::-IR Portugues::Verbos::Indicativo Portugues::Verbos::Passado-PPS Portugues::Verbos::Passado-PPS::-IR
Introduzir + passado (PPS)	Introduzir	<span style="color: rgb(255, 0, 0);"><b>passado (PPS)</b></span>	Introduzi	Introduziste	Introduziu	Introduzimos	Introduziram						/ĩtɾuduˈzi/	/ĩtɾuduˈziʃtɨ/	/ĩtɾuduˈziw/	/ĩtɾuduˈzimuʃ/	/ĩtɾuduˈziɾɐ̃w/							Portugues::Conjugacao Curso::1A2 Portugues::Verbos::-IR Portugues::Verbos::Indicativo Portugues::Verbos::Passado-PPS Portugues::Verbos::Passado-PPS::-IR
Ir + passado (PPS)	Ir	<span style="color: rgb(255, 0, 0);"><b>passado (PPS)</b></span>	Fui	Foste	Foi	Fomos	Foram						/ˈfuj/	/ˈfoʃtɨ/	/ˈfoj/	/ˈfomuʃ/	/ˈfoɾɐ̃w/							Curso::2A2::U4-Nao-Tinhamos-Redes-Sociais Portugues::Conjugacao Curso::1A2 Curso::2A2 Portugues::Verbos::-IR Portugues::Verbos::Basicos Portugues::Verbos::Dificiles Portugues::Verbos::Indicativo Portugues::Verbos::Irregulares Portugues::Verbos::Passado-PPS Portugues::Verbos::Passado-PPS::-IR Portugues::Verbos::Passado-PPS::Irregulares
Jantar + passado (PPS)	Jantar  (cenar)	<span style="color: rgb(255, 0, 0);"><b>passado (PPS)</b></span>	Jantei	Jantaste	Jantou	Jantámos	Jantaram						/ʒɐ̃ˈtɐj/	/ʒɐ̃ˈtaʃtɨ/	/ʒɐ̃ˈto/	/ʒɐ̃ˈtamuʃ/	/ʒɐ̃ˈtaɾɐ̃w/							Portugues::Conjugacao Curso::1A2 Curso::2A2 Portugues::Verbos::-AR Portugues::Verbos::Basicos Portugues::Verbos::Indicativo Portugues::Verbos::Passado-PPS Portugues::Verbos::Passado-PPS::-AR
Jogar + passado (PPS)	Jogar (jugar c/reglas e.g. fútbol, ajedrez)	<span style="color: rgb(255, 0, 0);"><b>passado (PPS)</b></span>	Joguei	Jogaste	Jogou	Jogámos	Jogaram						/ʒuˈgɐj/	/ʒuˈgaʃtɨ/	/ʒuˈgo/	/ʒuˈgamuʃ/	/ʒuˈgaɾɐ̃w/							Portugues::Conjugacao Curso::1A2 Portugues::Verbos::-AR Portugues::Verbos::Indicativo Portugues::Verbos::Passado-PPS Portugues::Verbos::Passado-PPS::-AR
Juntar + passado (PPS)	Juntar	<span style="color: rgb(255, 0, 0);"><b>passado (PPS)</b></span>	Juntei	Juntaste	Juntou	Juntámos	Juntaram						/ʒũˈtɐj/	/ʒũˈtaʃtɨ/	/ʒũˈto/	/ʒũˈtamuʃ/	/ʒũˈtaɾɐ̃w/							Portugues::Conjugacao Curso::1A2 Portugues::Verbos::-AR Portugues::Verbos::Indicativo Portugues::Verbos::Passado-PPS Portugues::Verbos::Passado-PPS::-AR
Lavar + passado (PPS)	Lavar	<span style="color: rgb(255, 0, 0);"><b>passado (PPS)</b></span>	Lavei	Lavaste	Lavou	Lavámos	Lavaram						/ɫɐˈvɐj/	/ɫɐˈvaʃtɨ/	/ɫɐˈvo/	/ɫɐˈvamuʃ/	/ɫɐˈvaɾɐ̃w/							Portugues::Conjugacao Curso::1A2 Curso::2A2 Portugues::Verbos::-AR Portugues::Verbos::Basicos Portugues::Verbos::Indicativo Portugues::Verbos::Passado-PPS Portugues::Verbos::Passado-PPS::-AR
Lembrar-se + passado (PPS)	Lembrar-se  (acordarse)	<span style="color: rgb(255, 0, 0);"><b>passado (PPS)</b></span>	Lembrei-me	Lembraste-te	Lembrou-se	Lembrámo-nos	Lembraram-se						/ɫẽˈbɾɐj-mɨ/	/ɫẽˈbɾaʃtɨ-tɨ/	/ɫẽˈbɾo-sɨ/	/ɫẽˈbɾamu-nuʃ/	/ɫẽˈbɾaɾɐ̃w-sɨ/							Portugues::Conjugacao Curso::1A2 Curso::2A2 Portugues::Verbos::-AR Portugues::Verbos::Basicos Portugues::Verbos::Indicativo Portugues::Verbos::Passado-PPS Portugues::Verbos::Passado-PPS::-AR Portugues::Verbos::Reflexos
Ler + passado (PPS)	Ler (leer)	<span style="color: rgb(255, 0, 0);"><b>passado (PPS)</b></span>	Li	Leste	Leu	Lemos	Leram						/ˈɫi/	/ˈɫeʃtɨ/	/ˈɫew/	/ˈɫemuʃ/	/ˈɫe.ɾɐ̃w/							Portugues::Conjugacao Curso::1A2 Portugues::Verbos::-ER Portugues::Verbos::Basicos Portugues::Verbos::Passado-PPS Portugues::Verbos::Passado-PPS::-ER
Levantar + passado (PPS)	Levantar	<span style="color: rgb(255, 0, 0);"><b>passado (PPS)</b></span>	Levantei	Levantaste	Levantou	Levantámos	Levantaram						/ɫɨvɐ̃ˈtɐj/	/ɫɨvɐ̃ˈtaʃtɨ/	/ɫɨvɐ̃ˈto/	/ɫɨvɐ̃ˈtamuʃ/	/ɫɨvɐ̃ˈtaɾɐ̃w/							Portugues::Conjugacao Curso::1A2 Portugues::Verbos::-AR Portugues::Verbos::Indicativo Portugues::Verbos::Passado-PPS Portugues::Verbos::Passado-PPS::-AR
Ligar + passado (PPS)	Ligar (encender, prender)	<span style="color: rgb(255, 0, 0);"><b>passado (PPS)</b></span>	Liguei	Ligaste	Ligou	Ligámos	Ligaram						/ɫiˈgɐj/	/ɫiˈgaʃtɨ/	/ɫiˈgo/	/ɫiˈgamuʃ/	/ɫiˈgaɾɐ̃w/							Portugues::Conjugacao Curso::1A2 Curso::2A2 Portugues::Verbos::-AR Portugues::Verbos::Basicos Portugues::Verbos::Indicativo Portugues::Verbos::Passado-PPS Portugues::Verbos::Passado-PPS::-AR
Marcar + passado (PPS)	Marcar (sacar una cita)	<span style="color: rgb(255, 0, 0);"><b>passado (PPS)</b></span>	Marquei	Marcaste	Marcou	Marcámos	Marcaram						/maɾˈkɐj/	/maɾˈkaʃtɨ/	/maɾˈko/	/maɾˈkamuʃ/	/maɾˈkaɾɐ̃w/							Portugues::Conjugacao Curso::1A2 Portugues::Verbos::-AR Portugues::Verbos::Indicativo Portugues::Verbos::Passado-PPS Portugues::Verbos::Passado-PPS::-AR
Medir + passado (PPS)	Medir	<span style="color: rgb(255, 0, 0);"><b>passado (PPS)</b></span>	Medi	Mediste	Mediu	Medimos	Mediram						/mɨˈdi/	/mɨˈdiʃtɨ/	/mɨˈdiw/	/mɨˈdimuʃ/	/mɨˈdiɾɐ̃w/							Portugues::Conjugacao Curso::1A2 Portugues::Verbos::-IR Portugues::Verbos::Indicativo Portugues::Verbos::Passado-PPS Portugues::Verbos::Passado-PPS::-IR
Misturar + passado (PPS)	Misturar (mezclar)	<span style="color: rgb(255, 0, 0);"><b>passado (PPS)</b></span>	Misturei	Misturaste	Misturou	Misturámos	Misturaram						/mɨʃtuˈɾɐj/	/mɨʃtuˈɾaʃtɨ/	/mɨʃtuˈɾo/	/mɨʃtuˈɾamuʃ/	/mɨʃtuˈɾaɾɐ̃w/							Portugues::Conjugacao Curso::1A2 Portugues::Verbos::-AR Portugues::Verbos::Indicativo Portugues::Verbos::Passado-PPS Portugues::Verbos::Passado-PPS::-AR
Morar + passado (PPS)	Morar (residir)	<span style="color: rgb(255, 0, 0);"><b>passado (PPS)</b></span>	Morei	Moraste	Morou	Morámos	Moraram						/muˈɾɐj/	/muˈɾaʃtɨ/	/muˈɾo/	/muˈɾamuʃ/	/muˈɾaɾɐ̃w/							Portugues::Conjugacao Curso::1A2 Curso::2A2 Portugues::Verbos::-AR Portugues::Verbos::Basicos Portugues::Verbos::Indicativo Portugues::Verbos::Passado-PPS Portugues::Verbos::Passado-PPS::-AR
Morrer + passado (PPS)	Morrer  (morir)	<span style="color: rgb(255, 0, 0);"><b>passado (PPS)</b></span>	Morri	Morreste	Morreu	Morremos	Morreram						/muˈʁi/	/muˈʁeʃtɨ/	/muˈʁew/	/muˈʁemuʃ/	/muˈʁeɾɐ̃w/							Portugues::Conjugacao Curso::1A2 Portugues::Verbos::-ER Portugues::Verbos::Indicativo Portugues::Verbos::Passado-PPS Portugues::Verbos::Passado-PPS::-ER
Oferecer + passado (PPS)	Oferecer (ofrecer)	<span style="color: rgb(255, 0, 0);"><b>passado (PPS)</b></span>	Ofereci	Ofereceste	Ofereceu	Oferecemos	Ofereceram						/ofɨɾɨˈsi/	/ofɨɾɨˈseʃtɨ/	/ofɨɾɨˈsew/	/ofɨɾɨˈsemuʃ/	/ofɨɾɨˈseɾɐ̃w/							Portugues::Conjugacao Curso::1A2 Portugues::Verbos::-ER Portugues::Verbos::Indicativo Portugues::Verbos::Passado-PPS Portugues::Verbos::Passado-PPS::-ER
Olhar + passado (PPS)	Olhar (mirar)	<span style="color: rgb(255, 0, 0);"><b>passado (PPS)</b></span>	Olhei	Olhaste	Olhou	Olhámos	Olharam						/oˈʎɐj/	/oˈʎaʃtɨ/	/oˈʎo/	/oˈʎamuʃ/	/oˈʎaɾɐ̃w/							Portugues::Conjugacao Curso::1A2 Curso::2A2 Portugues::Verbos::-AR Portugues::Verbos::Basicos Portugues::Verbos::Indicativo Portugues::Verbos::Passado-PPS Portugues::Verbos::Passado-PPS::-AR
Ouvir + passado (PPS)	Ouvir  (oir)	<span style="color: rgb(255, 0, 0);"><b>passado (PPS)</b></span>	Ouvi	Ouviste	Ouviu	Ouvimos	Ouviram						/oˈvi/	/oˈviʃtɨ/	/oˈviw/	/oˈvimuʃ/	/oˈviɾɐ̃w/							Portugues::Conjugacao Curso::1A2 Curso::2A2 Portugues::Verbos::-IR Portugues::Verbos::Basicos Portugues::Verbos::Indicativo Portugues::Verbos::Passado-PPS Portugues::Verbos::Passado-PPS::-IR
Pagar + passado (PPS)	Pagar	<span style="color: rgb(255, 0, 0);"><b>passado (PPS)</b></span>	Paguei	Pagaste	Pagou	Pagámos	Pagaram						/pɐˈgɐj/	/pɐˈgaʃtɨ/	/pɐˈgo/	/pɐˈgamuʃ/	/pɐˈgaɾɐ̃w/							Portugues::Conjugacao Curso::1A2 Portugues::Verbos::-AR Portugues::Verbos::Indicativo Portugues::Verbos::Passado-PPS Portugues::Verbos::Passado-PPS::-AR
Parecer + passado (PPS)	Parecer	<span style="color: rgb(255, 0, 0);"><b>passado (PPS)</b></span>	Pareci	Pareceste	Pareceu	Parecemos	Pareceram						/pɐɾɨˈsi/	/pɐɾɨˈseʃtɨ/	/pɐɾɨˈsew/	/pɐɾɨˈsemuʃ/	/pɐɾɨˈseɾɐ̃w/							Portugues::Conjugacao Curso::1A2 Portugues::Verbos::-ER Portugues::Verbos::Indicativo Portugues::Verbos::Passado-PPS Portugues::Verbos::Passado-PPS::-ER
Partir + passado (PPS)	Partir	<span style="color: rgb(255, 0, 0);"><b>passado (PPS)</b></span>	Parti	Partiste	Partiu	Partimos	Partiram						/paɾˈti/	/paɾˈtiʃtɨ/	/paɾˈtiw/	/paɾˈtimuʃ/	/paɾˈtiɾɐ̃w/							Portugues::Conjugacao Curso::1A2 Curso::2A2 Portugues::Verbos::-IR Portugues::Verbos::Basicos Portugues::Verbos::Indicativo Portugues::Verbos::Passado-PPS Portugues::Verbos::Passado-PPS::-IR
Passar + passado (PPS)	Passar	<span style="color: rgb(255, 0, 0);"><b>passado (PPS)</b></span>	Passei	Passaste	Passou	Passámos	Passaram						/pɐˈsɐj/	/pɐˈsaʃtɨ/	/pɐˈso/	/pɐˈsamuʃ/	/pɐˈsaɾɐ̃w/							Portugues::Conjugacao Curso::1A2 Curso::2A2 Portugues::Verbos::-AR Portugues::Verbos::Basicos Portugues::Verbos::Indicativo Portugues::Verbos::Passado-PPS Portugues::Verbos::Passado-PPS::-AR
Pedir + passado (PPS)	Pedir	<span style="color: rgb(255, 0, 0);"><b>passado (PPS)</b></span>	Pedi	Pediste	Pediu	Pedimos	Pediram						/pɨˈdi/	/pɨˈdiʃtɨ/	/pɨˈdiw/	/pɨˈdimuʃ/	/pɨˈdiɾɐ̃w/							Portugues::Conjugacao Curso::1A2 Curso::2A2 Portugues::Verbos::-IR Portugues::Verbos::Basicos Portugues::Verbos::Indicativo Portugues::Verbos::Passado-PPS Portugues::Verbos::Passado-PPS::-IR
Pegar + passado (PPS)	Pegar (coger, tomar)	<span style="color: rgb(255, 0, 0);"><b>passado (PPS)</b></span>	Peguei	Pegaste	Pegou	Pegámos	Pegaram						/pɨˈgɐj/	/pɨˈgaʃtɨ/	/pɨˈgo/	/pɨˈgamuʃ/	/pɨˈgaɾɐ̃w/							Portugues::Conjugacao Curso::1A2 Curso::2A2 Portugues::Verbos::-AR Portugues::Verbos::Basicos Portugues::Verbos::Indicativo Portugues::Verbos::Passado-PPS Portugues::Verbos::Passado-PPS::-AR
Perceber + passado (PPS)	Perceber	<span style="color: rgb(255, 0, 0);"><b>passado (PPS)</b></span>	Percebi	Percebeste	Percebeu	Percebemos	Perceberam						/pɨɾsɨˈbi/	/pɨɾsɨˈbeʃtɨ/	/pɨɾsɨˈbew/	/pɨɾsɨˈbemuʃ/	/pɨɾsɨˈbeɾɐ̃w/							Portugues::Conjugacao Curso::1A2 Portugues::Verbos::-ER Portugues::Verbos::Indicativo Portugues::Verbos::Passado-PPS Portugues::Verbos::Passado-PPS::-ER
Perder + passado (PPS)	Perder	<span style="color: rgb(255, 0, 0);"><b>passado (PPS)</b></span>	Perdi	Perdeste	Perdeu	Perdemos	Perderam						/pɨɾˈdi/	/pɨɾˈdeʃtɨ/	/pɨɾˈdew/	/pɨɾˈdemuʃ/	/pɨɾˈdeɾɐ̃w/							Portugues::Conjugacao Curso::1A2 Portugues::Verbos::-ER Portugues::Verbos::Indicativo Portugues::Verbos::Passado-PPS Portugues::Verbos::Passado-PPS::-ER
Perguntar + passado (PPS)	Perguntar	<span style="color: rgb(255, 0, 0);"><b>passado (PPS)</b></span>	Perguntei	Perguntaste	Perguntou	Perguntámos	Perguntaram						/pɨɾgũˈtɐj/	/pɨɾgũˈtaʃtɨ/	/pɨɾgũˈto/	/pɨɾgũˈtamuʃ/	/pɨɾgũˈtaɾɐ̃w/							Portugues::Conjugacao Curso::1A2 Curso::2A2 Portugues::Verbos::-AR Portugues::Verbos::Basicos Portugues::Verbos::Indicativo Portugues::Verbos::Passado-PPS Portugues::Verbos::Passado-PPS::-AR
Permanecer + passado (PPS)	Permanecer	<span style="color: rgb(255, 0, 0);"><b>passado (PPS)</b></span>	Permaneci	Permaneceste	Permaneceu	Permanecemos	Permaneceram						/pɨɾmɐnɨˈsi/	/pɨɾmɐnɨˈseʃtɨ/	/pɨɾmɐnɨˈsew/	/pɨɾmɐnɨˈsemuʃ/	/pɨɾmɐnɨˈseɾɐ̃w/							Portugues::Conjugacao Curso::1A2 Portugues::Verbos::-ER Portugues::Verbos::Indicativo Portugues::Verbos::Passado-PPS Portugues::Verbos::Passado-PPS::-ER
Permitir + passado (PPS)	Permitir	<span style="color: rgb(255, 0, 0);"><b>passado (PPS)</b></span>	Permiti	Permitiste	Permitiu	Permitimos	Permitiram						/pɨɾmɨˈti/	/pɨɾmɨˈtiʃtɨ/	/pɨɾmɨˈtiw/	/pɨɾmɨˈtimuʃ/	/pɨɾmɨˈtiɾɐ̃w/							Portugues::Conjugacao Curso::1A2 Portugues::Verbos::-IR Portugues::Verbos::Indicativo Portugues::Verbos::Passado-PPS Portugues::Verbos::Passado-PPS::-IR
Pesquisar + passado (PPS)	Pesquisar	<span style="color: rgb(255, 0, 0);"><b>passado (PPS)</b></span>	Pesquisei	Pesquisaste	Pesquisou	Pesquisámos	Pesquisaram						/pɨʃkiˈzɐj/	/pɨʃkiˈzaʃtɨ/	/pɨʃkiˈzo/	/pɨʃkiˈzamuʃ/	/pɨʃkiˈzaɾɐ̃w/							Portugues::Conjugacao Curso::1A2 Curso::2A2 Portugues::Verbos::-AR Portugues::Verbos::Basicos Portugues::Verbos::Indicativo Portugues::Verbos::Passado-PPS Portugues::Verbos::Passado-PPS::-AR
Picar + passado (PPS)	Picar (cortar)	<span style="color: rgb(255, 0, 0);"><b>passado (PPS)</b></span>	Piquei	Picaste	Picou	Picámos	Picaram						/piˈkɐj/	/piˈkaʃtɨ/	/piˈko/	/piˈkamuʃ/	/piˈkaɾɐ̃w/							Portugues::Conjugacao Curso::1A2 Portugues::Verbos::-AR Portugues::Verbos::Indicativo Portugues::Verbos::Passado-PPS Portugues::Verbos::Passado-PPS::-AR
Pisar + passado (PPS)	Pisar	<span style="color: rgb(255, 0, 0);"><b>passado (PPS)</b></span>	Pisei	Pisaste	Pisou	Pisámos	Pisaram						/piˈzɐj/	/piˈzaʃtɨ/	/piˈzo/	/piˈzamuʃ/	/piˈzaɾɐ̃w/							Portugues::Conjugacao Curso::1A2 Portugues::Verbos::-AR Portugues::Verbos::Indicativo Portugues::Verbos::Passado-PPS Portugues::Verbos::Passado-PPS::-AR
Poder + passado (PPS)	Poder	<span style="color: rgb(255, 0, 0);"><b>passado (PPS)</b></span>	Pude	Pudeste	Pôde	Pudemos	Puderam						/ˈpudɨ/	/puˈdeʃtɨ/	/ˈpodɨ/	/puˈdemuʃ/	/puˈdeɾɐ̃w/							Curso::2A2::U2-Olha-Esta-Noticia Portugues::Conjugacao Curso::1A2 Curso::2A2 Portugues::Verbos::-ER Portugues::Verbos::Basicos Portugues::Verbos::Dificiles Portugues::Verbos::Indicativo Portugues::Verbos::Irregulares Portugues::Verbos::Passado-PPS Portugues::Verbos::Passado-PPS::-ER Portugues::Verbos::Passado-PPS::Irregulares
Pôr + passado (PPS)	Pôr  (poner)	<span style="color: rgb(255, 0, 0);"><b>passado (PPS)</b></span>	Pus	Puseste	Pôs	Pusemos	Puseram						/ˈpuʃ/	/puˈzeʃtɨ/	/ˈpoʃ/	/puˈzemuʃ/	/puˈzeɾɐ̃w/							Curso::2A2::U2-Olha-Esta-Noticia Portugues::Conjugacao Curso::1A2 Curso::2A2 Portugues::Verbos::-OR Portugues::Verbos::Basicos Portugues::Verbos::Dificiles Portugues::Verbos::Indicativo Portugues::Verbos::Irregulares Portugues::Verbos::Passado-PPS Portugues::Verbos::Passado-PPS::-OR Portugues::Verbos::Passado-PPS::Irregulares
Praticar + passado (PPS)	Praticar  (practicar)	<span style="color: rgb(255, 0, 0);"><b>passado (PPS)</b></span>	Pratiquei	Praticaste	Praticou	Praticámos	Praticaram						/pɾɐtiˈkɐj/	/pɾɐtiˈkaʃtɨ/	/pɾɐtiˈko/	/pɾɐtiˈkamuʃ/	/pɾɐtiˈkaɾɐ̃w/							Portugues::Conjugacao Curso::1A2 Portugues::Verbos::-AR Portugues::Verbos::Indicativo Portugues::Verbos::Passado-PPS Portugues::Verbos::Passado-PPS::-AR
Precisar + passado (PPS)	precisar (necesitar)	<span style="color: rgb(255, 0, 0);"><b>passado (PPS)</b></span>	Precisei	Precisaste	Precisou	Precisámos	Precisaram						/pɾɨsiˈzɐj/	/pɾɨsiˈzaʃtɨ/	/pɾɨsiˈzo/	/pɾɨsiˈzamuʃ/	/pɾɨsiˈzaɾɐ̃w/							Portugues::Conjugacao Curso::1A2 Curso::2A2 Portugues::Verbos::-AR Portugues::Verbos::Basicos Portugues::Verbos::Indicativo Portugues::Verbos::Passado-PPS Portugues::Verbos::Passado-PPS::-AR
Preencher + passado (PPS)	Preencher (llenar un formulario)	<span style="color: rgb(255, 0, 0);"><b>passado (PPS)</b></span>	Preenchi	Preencheste	Preencheu	Preenchemos	Preencheram						/pɾiẽˈʃi/	/pɾiẽˈʃeʃtɨ/	/pɾiẽˈʃew/	/pɾiẽˈʃemuʃ/	/pɾiẽˈʃeɾɐ̃w/							Portugues::Conjugacao Curso::1A2 Portugues::Verbos::-ER Portugues::Verbos::Indicativo Portugues::Verbos::Passado-PPS Portugues::Verbos::Passado-PPS::-ER
Preferir + passado (PPS)	Preferir	<span style="color: rgb(255, 0, 0);"><b>passado (PPS)</b></span>	Preferi	Preferiste	Preferiu	Preferimos	Preferiram						/pɾɨfɨˈɾi/	/pɾɨfɨˈɾiʃtɨ/	/pɾɨfɨˈɾiw/	/pɾɨfɨˈɾimuʃ/	/pɾɨfɨˈɾiɾɐ̃w/							Portugues::Conjugacao Curso::1A2 Curso::2A2 Portugues::Verbos::-IR Portugues::Verbos::Basicos Portugues::Verbos::Indicativo Portugues::Verbos::Passado-PPS Portugues::Verbos::Passado-PPS::-IR
Prometer + passado (PPS)	Prometer	<span style="color: rgb(255, 0, 0);"><b>passado (PPS)</b></span>	Prometi	Prometeste	Prometeu	Prometemos	Prometeram						/pɾumɨˈti/	/pɾumɨˈteʃtɨ/	/pɾumɨˈtew/	/pɾumɨˈtemuʃ/	/pɾumɨˈteɾɐ̃w/							Portugues::Conjugacao Curso::1A2 Portugues::Verbos::-ER Portugues::Verbos::Indicativo Portugues::Verbos::Passado-PPS Portugues::Verbos::Passado-PPS::-ER
Proteger + passado (PPS)	Proteger	<span style="color: rgb(255, 0, 0);"><b>passado (PPS)</b></span>	Protegi	Protegeste	Protegeu	Protegemos	Protegeram						/pɾutɨˈʒi/	/pɾutɨˈʒeʃtɨ/	/pɾutɨˈʒew/	/pɾutɨˈʒemuʃ/	/pɾutɨˈʒeɾɐ̃w/							Portugues::Conjugacao Curso::1A2 Portugues::Verbos::-ER Portugues::Verbos::Indicativo Portugues::Verbos::Passado-PPS Portugues::Verbos::Passado-PPS::-ER
Querer + passado (PPS)	Querer	<span style="color: rgb(255, 0, 0);"><b>passado (PPS)</b></span>	Quis	Quiseste	Quis	Quisemos	Quiseram						/ˈkiʃ/	/kiˈzeʃtɨ/	/ˈkiʃ/	/kiˈzemuʃ/	/kiˈzeɾɐ̃w/							Curso::2A2::U2-Olha-Esta-Noticia Portugues::Conjugacao Curso::1A2 Curso::2A2 Portugues::Verbos::-ER Portugues::Verbos::Basicos Portugues::Verbos::Dificiles Portugues::Verbos::Indicativo Portugues::Verbos::Irregulares Portugues::Verbos::Passado-PPS Portugues::Verbos::Passado-PPS::-ER Portugues::Verbos::Passado-PPS::Irregulares
Receber + passado (PPS)	Receber  (recibir)	<span style="color: rgb(255, 0, 0);"><b>passado (PPS)</b></span>	Recebi	Recebeste	Recebeu	Recebemos	Receberam						/ʁɨsɨˈbi/	/ʁɨsɨˈbeʃtɨ/	/ʁɨsɨˈbew/	/ʁɨsɨˈbemuʃ/	/ʁɨsɨˈbeɾɐ̃w/							Portugues::Conjugacao Curso::1A2 Portugues::Verbos::-ER Portugues::Verbos::Indicativo Portugues::Verbos::Passado-PPS Portugues::Verbos::Passado-PPS::-ER
Registrar + passado (PPS)	Registrar	<span style="color: rgb(255, 0, 0);"><b>passado (PPS)</b></span>	Registrei	Registraste	Registrou	Registrámos	Registraram						/ʁɨʒɨʃˈtɾɐj/	/ʁɨʒɨʃˈtɾaʃtɨ/	/ʁɨʒɨʃˈtɾo/	/ʁɨ.ʒɨʃ.ˈtɾa.muʃ/	/ʁɨ.ʒɨʃ.ˈtɾa.ɾɐ̃w/							Portugues::Conjugacao Curso::1A2 Portugues::Verbos::-AR Portugues::Verbos::Indicativo Portugues::Verbos::Passado-PPS Portugues::Verbos::Passado-PPS::-AR
Repetir + passado (PPS)	Repetir	<span style="color: rgb(255, 0, 0);"><b>passado (PPS)</b></span>	Repeti	Repetiste	Repetiu	Repetimos	Repetiram						/ʁɨpɨˈti/	/ʁɨpɨˈtiʃtɨ/	/ʁɨpɨˈtiw/	/ʁɨpɨˈtimuʃ/	/ʁɨpɨˈtiɾɐ̃w/							Portugues::Conjugacao Curso::1A2 Portugues::Verbos::-IR Portugues::Verbos::Indicativo Portugues::Verbos::Passado-PPS Portugues::Verbos::Passado-PPS::-IR
Resolver + passado (PPS)	Resolver	<span style="color: rgb(255, 0, 0);"><b>passado (PPS)</b></span>	Resolvi	Resolveste	Resolveu	Resolvemos	Resolveram						/ʁɨzɔɫˈvi/	/ʁɨzɔɫˈveʃtɨ/	/ʁɨzɔɫˈvew/	/ʁɨzɔɫˈvemuʃ/	/ʁɨzɔɫˈveɾɐ̃w/							Portugues::Conjugacao Curso::1A2 Portugues::Verbos::-ER Portugues::Verbos::Indicativo Portugues::Verbos::Passado-PPS Portugues::Verbos::Passado-PPS::-ER
Resumir + passado (PPS)	Resumir	<span style="color: rgb(255, 0, 0);"><b>passado (PPS)</b></span>	Resumi	Resumiste	Resumiu	Resumimos	Resumiram						/ʁɨzuˈmi/	/ʁɨzuˈmiʃtɨ/	/ʁɨzuˈmiw/	/ʁɨzuˈmimuʃ/	/ʁɨzuˈmiɾɐ̃w/							Portugues::Conjugacao Curso::1A2 Portugues::Verbos::-IR Portugues::Verbos::Indicativo Portugues::Verbos::Passado-PPS Portugues::Verbos::Passado-PPS::-IR
Retirar + passado (PPS)	Retirar	<span style="color: rgb(255, 0, 0);"><b>passado (PPS)</b></span>	Retirei	Retiraste	Retirou	Retirámos	Retiraram						/ʁɨtiˈɾɐj/	/ʁɨtiˈɾaʃtɨ/	/ʁɨtiˈɾo/	/ʁɨtiˈɾamuʃ/	/ʁɨtiˈɾaɾɐ̃w/							Portugues::Conjugacao Curso::1A2 Portugues::Verbos::-AR Portugues::Verbos::Indicativo Portugues::Verbos::Passado-PPS Portugues::Verbos::Passado-PPS::-AR
Retribuir + passado (PPS)	Retribuir	<span style="color: rgb(255, 0, 0);"><b>passado (PPS)</b></span>	Retribuí	Retribuíste	Retribuiu	Retribuímos	Retribuíram						/ʁɨtɾibuˈi/	/ʁɨtɾibuˈiʃtɨ/	/ʁɨtɾibuˈiw/	/ʁɨtɾibuˈimuʃ/	/ʁɨtɾibuˈiɾɐ̃w/							Portugues::Conjugacao Curso::1A2 Portugues::Verbos::-IR Portugues::Verbos::Indicativo Portugues::Verbos::Passado-PPS Portugues::Verbos::Passado-PPS::-IR
Reunir + passado (PPS)	Reunir	<span style="color: rgb(255, 0, 0);"><b>passado (PPS)</b></span>	Reuni	Reuniste	Reuniu	Reunimos	Reuniram						/ʁiuˈni/	/ʁiuˈniʃtɨ/	/ʁiuˈniw/	/ʁiuˈnimuʃ/	/ʁiuˈniɾɐ̃w/							Portugues::Conjugacao Curso::1A2 Portugues::Verbos::-IR Portugues::Verbos::Indicativo Portugues::Verbos::Passado-PPS Portugues::Verbos::Passado-PPS::-IR
Rir + passado (PPS)	Rir  (reir)	<span style="color: rgb(255, 0, 0);"><b>passado (PPS)</b></span>	Ri	Riste	Riu	Rimos	Riram						/ˈʁi/	/ˈʁiʃtɨ/	/ˈʁiw/	/ˈʁimuʃ/	/ˈʁiɾɐ̃w/							Portugues::Conjugacao Curso::1A2 Curso::2A2 Portugues::Verbos::-IR Portugues::Verbos::Basicos Portugues::Verbos::Indicativo Portugues::Verbos::Passado-PPS Portugues::Verbos::Passado-PPS::-IR
Saber + passado (PPS)	Saber	<span style="color: rgb(255, 0, 0);"><b>passado (PPS)</b></span>	Soube	Soubeste	Soube	Soubemos	Souberam						/ˈsobɨ/	/soˈbeʃtɨ/	/ˈsobɨ/	/soˈbemuʃ/	/soˈbeɾɐ̃w/							Curso::2A2::U2-Olha-Esta-Noticia Portugues::Conjugacao Curso::1A2 Curso::2A2 Portugues::Verbos::-ER Portugues::Verbos::Basicos Portugues::Verbos::Dificiles Portugues::Verbos::Indicativo Portugues::Verbos::Irregulares Portugues::Verbos::Passado-PPS Portugues::Verbos::Passado-PPS::-ER Portugues::Verbos::Passado-PPS::Irregulares
Sair + passado (PPS)	Sair  (salir)	<span style="color: rgb(255, 0, 0);"><b>passado (PPS)</b></span>	Saí	Saíste	Saiu	Saímos	Saíram						/sɐˈi/	/sɐˈiʃtɨ/	/sɐˈiw/	/sɐˈimuʃ/	/sɐˈiɾɐ̃w/							Portugues::Conjugacao Curso::1A2 Curso::2A2 Portugues::Verbos::-IR Portugues::Verbos::Basicos Portugues::Verbos::Indicativo Portugues::Verbos::Passado-PPS Portugues::Verbos::Passado-PPS::-IR
Seguir + passado (PPS)	Seguir	<span style="color: rgb(255, 0, 0);"><b>passado (PPS)</b></span>	Segui	Seguiste	Seguiu	Seguimos	Seguiram						/sɨˈgi/	/sɨˈgiʃtɨ/	/sɨˈgiw/	/sɨˈgimuʃ/	/sɨˈgiɾɐ̃w/							Portugues::Conjugacao Curso::1A2 Portugues::Verbos::-IR Portugues::Verbos::Indicativo Portugues::Verbos::Passado-PPS Portugues::Verbos::Passado-PPS::-IR
Sentir + passado (PPS)	Sentir	<span style="color: rgb(255, 0, 0);"><b>passado (PPS)</b></span>	Senti	Sentiste	Sentiu	Sentimos	Sentiram						/sẽˈti/	/sẽˈtiʃtɨ/	/sẽˈtiw/	/sẽˈtimuʃ/	/sẽˈtiɾɐ̃w/							Portugues::Conjugacao Curso::1A2 Curso::2A2 Portugues::Verbos::-IR Portugues::Verbos::Basicos Portugues::Verbos::Indicativo Portugues::Verbos::Passado-PPS Portugues::Verbos::Passado-PPS::-IR
Sentir-se + passado (PPS)	Sentir-se	<span style="color: rgb(255, 0, 0);"><b>passado (PPS)</b></span>	Senti-me	Sentiste-te	Sentiu-se	Sentimo-nos	Sentiram-se						/sẽˈti-mɨ/	/sẽˈtiʃtɨ-tɨ/	/sẽˈtiw-sɨ/	/sẽˈtimu-nuʃ/	/sẽˈtiɾɐ̃w-sɨ/							Portugues::Conjugacao Curso::1A2 Portugues::Verbos::-IR Portugues::Verbos::Indicativo Portugues::Verbos::Passado-PPS Portugues::Verbos::Passado-PPS::-IR Portugues::Verbos::Reflexos
Ser + passado (PPS)	Ser	<span style="color: rgb(255, 0, 0);"><b>passado (PPS)</b></span>	Fui	Foste	Foi	Fomos	Foram						/ˈfuj/	/ˈfoʃtɨ/	/ˈfoj/	/ˈfomuʃ/	/ˈfoɾɐ̃w/							Portugues::Conjugacao Curso::1A2 Curso::2A2 Portugues::Verbos::-ER Portugues::Verbos::Basicos Portugues::Verbos::Dificiles Portugues::Verbos::Indicativo Portugues::Verbos::Irregulares Portugues::Verbos::Passado-PPS Portugues::Verbos::Passado-PPS::-ER Portugues::Verbos::Passado-PPS::Irregulares
Servir + passado (PPS)	Servir	<span style="color: rgb(255, 0, 0);"><b>passado (PPS)</b></span>	Servi	Serviste	Serviu	Servimos	Serviram						/sɨɾˈvi/	/sɨɾˈviʃtɨ/	/sɨɾˈviw/	/sɨɾˈvimuʃ/	/sɨɾˈviɾɐ̃w/							Portugues::Conjugacao Curso::1A2 Portugues::Verbos::-IR Portugues::Verbos::Indicativo Portugues::Verbos::Passado-PPS Portugues::Verbos::Passado-PPS::-IR
Subir + passado (PPS)	Subir	<span style="color: rgb(255, 0, 0);"><b>passado (PPS)</b></span>	Subi	Subiste	Subiu	Subimos	Subiram						/suˈbi/	/suˈbiʃtɨ/	/suˈbiw/	/suˈbimuʃ/	/suˈbiɾɐ̃w/							Portugues::Conjugacao Curso::1A2 Curso::2A2 Portugues::Verbos::-IR Portugues::Verbos::Basicos Portugues::Verbos::Indicativo Portugues::Verbos::Passado-PPS Portugues::Verbos::Passado-PPS::-IR
Substituir + passado (PPS)	Substituir	<span style="color: rgb(255, 0, 0);"><b>passado (PPS)</b></span>	Substituí	Substituíste	Substituiu	Substituímos	Substituíram						/subʃtituˈi/	/subʃtituˈiʃtɨ/	/subʃtituˈiw/	/subʃtituˈimuʃ/	/subʃtituˈiɾɐ̃w/							Portugues::Conjugacao Curso::1A2 Portugues::Verbos::-IR Portugues::Verbos::Indicativo Portugues::Verbos::Passado-PPS Portugues::Verbos::Passado-PPS::-IR
Telefonar + passado (PPS)	Telefonar	<span style="color: rgb(255, 0, 0);"><b>passado (PPS)</b></span>	Telefonei	Telefonaste	Telefonou	Telefonámos	Telefonaram						/tɨɫɨfuˈnɐj/	/tɨɫɨfuˈnaʃtɨ/	/tɨɫɨfuˈno/	/tɨɫɨfuˈnamuʃ/	/tɨɫɨfuˈnaɾɐ̃w/							Portugues::Conjugacao Curso::1A2 Portugues::Verbos::-AR Portugues::Verbos::Indicativo Portugues::Verbos::Passado-PPS Portugues::Verbos::Passado-PPS::-AR
Tentar + passado (PPS)	Tentar  (intentar)	<span style="color: rgb(255, 0, 0);"><b>passado (PPS)</b></span>	Tentei	Tentaste	Tentou	Tentámos	Tentaram						/tẽˈtɐj/	/tẽˈtaʃtɨ/	/tẽˈto/	/tẽˈtamuʃ/	/tẽˈtaɾɐ̃w/							Portugues::Conjugacao Curso::1A2 Portugues::Verbos::-AR Portugues::Verbos::Indicativo Portugues::Verbos::Passado-PPS Portugues::Verbos::Passado-PPS::-AR
Ter + passado (PPS)	Ter  (Tener)	<span style="color: rgb(255, 0, 0);"><b>passado (PPS)</b></span>	Tive	Tiveste	Teve	Tivemos	Tiveram						/ˈtivɨ/	/tiˈveʃtɨ/	/ˈtevɨ/	/tiˈvemuʃ/	/tiˈveɾɐ̃w/							Portugues::Conjugacao Curso::1A2 Curso::2A2 Portugues::Verbos::-ER Portugues::Verbos::Basicos Portugues::Verbos::Dificiles Portugues::Verbos::Indicativo Portugues::Verbos::Irregulares Portugues::Verbos::Passado-PPS Portugues::Verbos::Passado-PPS::-ER Portugues::Verbos::Passado-PPS::Irregulares
Tirar + passado (PPS)	tirar (qutar, sacar)	<span style="color: rgb(255, 0, 0);"><b>passado (PPS)</b></span>	Tirei	Tiraste	Tirou	Tirámos	Tiraram						/tiˈɾɐj/	/tiˈɾaʃtɨ/	/tiˈɾo/	/tiˈɾamuʃ/	/tiˈɾaɾɐ̃w/							Portugues::Conjugacao Curso::1A2 Portugues::Verbos::-AR Portugues::Verbos::Indicativo Portugues::Verbos::Passado-PPS Portugues::Verbos::Passado-PPS::-AR
Tocar + passado (PPS)	Tocar	<span style="color: rgb(255, 0, 0);"><b>passado (PPS)</b></span>	Toquei	Toqueste	Toqueou	Toqueámos	Toquearam						/tuˈkɐj/	/tuˈkeʃtɨ/	/tukiˈo/	/tukiˈamuʃ/	/tukiˈaɾɐ̃w/							Portugues::Conjugacao Curso::1A2 Portugues::Verbos::-AR Portugues::Verbos::Indicativo Portugues::Verbos::Passado-PPS Portugues::Verbos::Passado-PPS::-AR
Tomar + passado (PPS)	Tomar	<span style="color: rgb(255, 0, 0);"><b>passado (PPS)</b></span>	Tomei	Tomaste	Tomou	Tomámos	Tomaram						/tuˈmɐj/	/tuˈmaʃtɨ/	/tuˈmo/	/tuˈmamuʃ/	/tuˈmaɾɐ̃w/							Portugues::Conjugacao Curso::1A2 Portugues::Verbos::-AR Portugues::Verbos::Indicativo Portugues::Verbos::Passado-PPS Portugues::Verbos::Passado-PPS::-AR
Trabalhar + passado (PPS)	Trabalhar  (Trabajar)	<span style="color: rgb(255, 0, 0);"><b>passado (PPS)</b></span>	Trabalhei	Trabalhaste	Trabalhou	Trabalhámos	Trabalharam						/tɾɐbɐˈʎɐj/	/tɾɐbɐˈʎaʃtɨ/	/tɾɐbɐˈʎo/	/tɾɐbɐˈʎamuʃ/	/tɾɐbɐˈʎaɾɐ̃w/							Portugues::Conjugacao Curso::1A2 Curso::2A2 Portugues::Verbos::-AR Portugues::Verbos::Basicos Portugues::Verbos::Indicativo Portugues::Verbos::Passado-PPS Portugues::Verbos::Passado-PPS::-AR
Traduzir + passado (PPS)	Traduzir	<span style="color: rgb(255, 0, 0);"><b>passado (PPS)</b></span>	Traduzi	Traduziste	Traduziu	Traduzimos	Traduziram						/tɾɐduˈzi/	/tɾɐduˈziʃtɨ/	/tɾɐduˈziw/	/tɾɐduˈzimuʃ/	/tɾɐduˈziɾɐ̃w/							Portugues::Conjugacao Curso::1A2 Curso::2A2 Portugues::Verbos::-IR Portugues::Verbos::Basicos Portugues::Verbos::Indicativo Portugues::Verbos::Passado-PPS Portugues::Verbos::Passado-PPS::-IR
Tratar + passado (PPS)	Tratar (Cuidar de, i.e. las plantas)	<span style="color: rgb(255, 0, 0);"><b>passado (PPS)</b></span>	Tratei	Trataste	Tratou	Tratámos	Trataram						/tɾɐˈtɐj/	/tɾɐˈtaʃtɨ/	/tɾɐˈto/	/tɾɐˈtamuʃ/	/tɾɐˈtaɾɐ̃w/							Portugues::Conjugacao Curso::1A2 Portugues::Verbos::-AR Portugues::Verbos::Indicativo Portugues::Verbos::Passado-PPS Portugues::Verbos::Passado-PPS::-AR
Trazer + passado (PPS)	Trazer (Traer)	<span style="color: rgb(255, 0, 0);"><b>passado (PPS)</b></span>	Trouxe	Trouxeste	Trouxe	Trouxemos	Trouxeram						/ˈtɾosɨ/	/tɾoˈseʃtɨ/	/ˈtɾosɨ/	/tɾoˈsemuʃ/	/tɾoˈseɾɐ̃w/							Curso::2A2::U1-Porque-Estudas-Portugues Portugues::Conjugacao Curso::1A2 Curso::2A2 Portugues::Verbos::-ER Portugues::Verbos::Basicos Portugues::Verbos::Dificiles Portugues::Verbos::Indicativo Portugues::Verbos::Irregulares Portugues::Verbos::Passado-PPS Portugues::Verbos::Passado-PPS::-ER Portugues::Verbos::Passado-PPS::Irregulares
Usar + passado (PPS)	Usar	<span style="color: rgb(255, 0, 0);"><b>passado (PPS)</b></span>	Usei	Usaste	Usou	Usámos	Usaram						/uˈzɐj/	/uˈzaʃtɨ/	/uˈzo/	/uˈzamuʃ/	/uˈzaɾɐ̃w/							Portugues::Conjugacao Curso::1A2 Portugues::Verbos::-AR Portugues::Verbos::Indicativo Portugues::Verbos::Passado-PPS Portugues::Verbos::Passado-PPS::-AR
Ver + passado (PPS)	Ver	<span style="color: rgb(255, 0, 0);"><b>passado (PPS)</b></span>	Vi	Viste	Viu	Vimos	Viram						/ˈvi/	/ˈviʃtɨ/	/ˈviw/	/ˈvimuʃ/	/ˈviɾɐ̃w/							Curso::2A2::U1-Porque-Estudas-Portugues Portugues::Conjugacao Curso::1A2 Curso::2A2 Portugues::Verbos::-ER Portugues::Verbos::Basicos Portugues::Verbos::Dificiles Portugues::Verbos::Indicativo Portugues::Verbos::Irregulares Portugues::Verbos::Passado-PPS Portugues::Verbos::Passado-PPS::-ER Portugues::Verbos::Passado-PPS::Irregulares
Vestir + passado (PPS)	Vestir	<span style="color: rgb(255, 0, 0);"><b>passado (PPS)</b></span>	Vesti	Vestiste	Vestiu	Vestimos	Vestiram						/vɨʃˈti/	/vɨʃˈtiʃtɨ/	/vɨʃˈtiw/	/vɨʃˈtimuʃ/	/vɨʃˈtiɾɐ̃w/							Portugues::Conjugacao Curso::1A2 Curso::2A2 Portugues::Verbos::-IR Portugues::Verbos::Basicos Portugues::Verbos::Indicativo Portugues::Verbos::Passado-PPS Portugues::Verbos::Passado-PPS::-IR
Vestir-se + passado (PPS)	Vestir-se	<span style="color: rgb(255, 0, 0);"><b>passado (PPS)</b></span>	Vesti-me	Vestiste-te	Vestiu-se	Vestimo-nos	Vestiram-se						/vɨʃˈti-mɨ/	/vɨʃˈtiʃtɨ-tɨ/	/vɨʃˈtiw-sɨ/	/vɨʃˈtimu-nuʃ/	/vɨʃˈtiɾɐ̃w-sɨ/							Portugues::Conjugacao Curso::1A2 Curso::2A2 Portugues::Verbos::-IR Portugues::Verbos::Basicos Portugues::Verbos::Indicativo Portugues::Verbos::Passado-PPS Portugues::Verbos::Passado-PPS::-IR Portugues::Verbos::Reflexos
Viajar + passado (PPS)	Viajar	<span style="color: rgb(255, 0, 0);"><b>passado (PPS)</b></span>	Viajei	Viajaste	Viajou	Viajámos	Viajaram						/viɐˈʒɐj/	/viɐˈʒaʃtɨ/	/viɐˈʒo/	/viɐˈʒamuʃ/	/viɐˈʒaɾɐ̃w/							Portugues::Conjugacao Curso::1A2 Curso::2A2 Portugues::Verbos::-AR Portugues::Verbos::Basicos Portugues::Verbos::Indicativo Portugues::Verbos::Passado-PPS Portugues::Verbos::Passado-PPS::-AR
Vir + passado (PPS)	Vir (Venir)	<span style="color: rgb(255, 0, 0);"><b>passado (PPS)</b></span>	Vim	Vieste	Veio	Viemos	Vieram						/ˈvĩ/	/viˈeʃtɨ/	/ˈvɐju/	/viˈemuʃ/	/viˈeɾɐ̃w/							Curso::2A2::U1-Porque-Estudas-Portugues Portugues::Conjugacao Curso::1A2 Curso::2A2 Portugues::Verbos::-IR Portugues::Verbos::Basicos Portugues::Verbos::Dificiles Portugues::Verbos::Indicativo Portugues::Verbos::Irregulares Portugues::Verbos::Passado-PPS Portugues::Verbos::Passado-PPS::-IR Portugues::Verbos::Passado-PPS::Irregulares
Visitar + passado (PPS)	Visitar	<span style="color: rgb(255, 0, 0);"><b>passado (PPS)</b></span>	Visitei	Visitaste	Visitou	Visitámos	Visitaram						/vɨziˈtɐj/	/vɨziˈtaʃtɨ/	/vɨziˈto/	/vɨziˈtamuʃ/	/vɨziˈtaɾɐ̃w/							Portugues::Conjugacao Curso::1A2 Portugues::Verbos::-AR Portugues::Verbos::Indicativo Portugues::Verbos::Passado-PPS Portugues::Verbos::Passado-PPS::-AR
Viver + passado (PPS)	Viver	<span style="color: rgb(255, 0, 0);"><b>passado (PPS)</b></span>	Vivi	Viveste	Viveu	Vivemos	Viveram						/vɨˈvi/	/viˈveʃtɨ/	/viˈvew/	/viˈvemuʃ/	/viˈveɾɐ̃w/							Portugues::Conjugacao Curso::1A2 Portugues::Verbos::-ER Portugues::Verbos::Basicos Portugues::Verbos::Passado-PPS Portugues::Verbos::Passado-PPS::-ER
Xingar + passado (PPS)	Xingar (maldecir)	<span style="color: rgb(255, 0, 0);"><b>passado (PPS)</b></span>	Xinguei	Xingaste	Xingou	Xingámos	Xingaram						/ʃĩˈgɐj/	/ʃĩˈgaʃtɨ/	/ʃĩˈgo/	/ʃĩˈgamuʃ/	/ʃĩˈgaɾɐ̃w/							Portugues::Conjugacao Curso::1A2 Portugues::Verbos::-AR Portugues::Verbos::Indicativo Portugues::Verbos::Passado-PPS Portugues::Verbos::Passado-PPS::-AR
Zangar-se + passado (PPS)	Zangar-se (enfadarse)	<span style="color: rgb(255, 0, 0);"><b>passado (PPS)</b></span>	Zanguei-me	Zangaste-te	Zangou-se	Zangámo-nos	Zangaram-se						/zɐ̃ˈgɐj-mɨ/	/zɐ̃ˈgaʃtɨ-tɨ/	/zɐ̃ˈgo-sɨ/	/zɐ̃ˈgamu-nuʃ/	/zɐ̃ˈgaɾɐ̃w-sɨ/							Portugues::Conjugacao Curso::1A2 Portugues::Verbos::-AR Portugues::Verbos::Indicativo Portugues::Verbos::Passado-PPS Portugues::Verbos::Passado-PPS::-AR Portugues::Verbos::Reflexos
Aceitar + passado (PPS)	Aceitar (aceptar)	<span style="color: rgb(255, 0, 0);"><b>passado (PPS)</b></span>	Aceitei	Aceitaste	Aceitou	Aceitámos	Aceitaram						/ɐsɐjˈtɐj/	/ɐsɐjˈtaʃtɨ/	/ɐsɐjˈto/	/ɐsɐjˈtamuʃ/	/ɐsɐjˈtaɾɐ̃w/							Portugues::Conjugacao Curso::1A2 Portugues::Verbos::-AR Portugues::Verbos::Indicativo Portugues::Verbos::Passado-PPS Portugues::Verbos::Passado-PPS::-AR
Achar + passado (PPS)	Achar (pensar)	<span style="color: rgb(255, 0, 0);"><b>passado (PPS)</b></span>	Achei	Achaste	Achou	Achámos	Acharam						/ɐˈʃɐj/	/ɐˈʃaʃtɨ/	/ɐˈʃo/	/ɐˈʃamuʃ/	/ɐˈʃaɾɐ̃w/							Portugues::Conjugacao Curso::1A2 Portugues::Verbos::-AR Portugues::Verbos::Indicativo Portugues::Verbos::Passado-PPS Portugues::Verbos::Passado-PPS::-AR
Afagar + passado (PPS)	Afagar (acariciar)	<span style="color: rgb(255, 0, 0);"><b>passado (PPS)</b></span>	Afaguei	Afagaste	Afagou	Afagámos	Afagaram						/ɐfɐˈgɐj/	/ɐfɐˈgaʃtɨ/	/ɐfɐˈgo/	/ɐfɐˈgamuʃ/	/ɐfɐˈgaɾɐ̃w/							Portugues::Conjugacao Curso::1A2 Curso::2A2 Portugues::Verbos::-AR Portugues::Verbos::Basicos Portugues::Verbos::Indicativo Portugues::Verbos::Passado-PPS Portugues::Verbos::Passado-PPS::-AR
Afastar-se + passado (PPS)	Afastar-se (Apartarse de)	<span style="color: rgb(255, 0, 0);"><b>passado (PPS)</b></span>	Afastei-me	Afastaste-te	Afastou-se	Afastámo-nos	Afastaram-se						/ɐfɐʃˈtɐj-mɨ/	/ɐfɐʃˈtaʃtɨ-tɨ/	/ɐfɐʃˈto-sɨ/	/ɐfɐʃˈtamu-nuʃ/	/ɐfɐʃˈtaɾɐ̃w-sɨ/							Portugues::Conjugacao Curso::1A2 Portugues::Verbos::-AR Portugues::Verbos::Indicativo Portugues::Verbos::Passado-PPS Portugues::Verbos::Passado-PPS::-AR Portugues::Verbos::Reflexos
Arranjar + passado (PPS)	Arranjar (ordenar)	<span style="color: rgb(255, 0, 0);"><b>passado (PPS)</b></span>	Arranjei	Arranjaste	Arranjou	Arranjámos	Arranjaram						/aʁɐ̃ˈʒɐj/	/aʁɐ̃ˈʒaʃtɨ/	/aʁɐ̃ˈʒo/	/aʁɐ̃ˈʒamuʃ/	/aʁɐ̃ˈʒaɾɐ̃w/							Portugues::Conjugacao Curso::1A2 Portugues::Verbos::-AR Portugues::Verbos::Indicativo Portugues::Verbos::Passado-PPS Portugues::Verbos::Passado-PPS::-AR
Arranjar-se + passado (PPS)	Arranjar-se (arreglarse)	<span style="color: rgb(255, 0, 0);"><b>passado (PPS)</b></span>	Arranjei-me	Arranjaste-te	Arranjou-se	Arranjámo-nos	Arranjaram-se						/aʁɐ̃ˈʒɐj-mɨ/	/aʁɐ̃ˈʒaʃtɨ-tɨ/	/aʁɐ̃ˈʒo-sɨ/	/aʁɐ̃ˈʒamu-nuʃ/	/aʁɐ̃ˈʒaɾɐ̃w-sɨ/							Portugues::Conjugacao Curso::1A2 Portugues::Verbos::-AR Portugues::Verbos::Indicativo Portugues::Verbos::Passado-PPS Portugues::Verbos::Passado-PPS::-AR Portugues::Verbos::Reflexos
Comprar + passado (PPS)	Comprar	<span style="color: rgb(255, 0, 0);"><b>passado (PPS)</b></span>	Comprei	Compraste	Comprou	Comprámos	Compraram						/kõˈpɾɐj/	/kõˈpɾaʃtɨ/	/kõˈpɾo/	/kõˈpɾamuʃ/	/kõˈpɾaɾɐ̃w/							Portugues::Conjugacao Curso::1A2 Portugues::Verbos::-AR Portugues::Verbos::Indicativo Portugues::Verbos::Passado-PPS Portugues::Verbos::Passado-PPS::-AR
Dividir + passado (PPS)	Dividir	<span style="color: rgb(255, 0, 0);"><b>passado (PPS)</b></span>	Dividi	Dividiste	Dividiu	Dividimos	Dividiram						/dɨvɨˈdi/	/dɨvɨˈdiʃtɨ/	/dɨvɨˈdiw/	/dɨvɨˈdimuʃ/	/dɨvɨˈdiɾɐ̃w/							Portugues::Conjugacao Curso::1A2 Portugues::Verbos::-IR Portugues::Verbos::Indicativo Portugues::Verbos::Passado-PPS Portugues::Verbos::Passado-PPS::-IR
Empurrar + passado (PPS)	Empurrar (empujar)	<span style="color: rgb(255, 0, 0);"><b>passado (PPS)</b></span>	Empurrei	Empurraste	Empurrou	Empurrámos	Empurraram						/ẽpuˈʁɐj/	/ẽpuˈʁaʃtɨ/	/ẽpuˈʁo/	/ẽpuˈʁamuʃ/	/ẽpuˈʁaɾɐ̃w/							Portugues::Conjugacao Curso::1A2 Curso::2A2 Portugues::Verbos::-AR Portugues::Verbos::Basicos Portugues::Verbos::Indicativo Portugues::Verbos::Passado-PPS Portugues::Verbos::Passado-PPS::-AR
Encontrar-se + passado (PPS)	Encontrar-se	<span style="color: rgb(255, 0, 0);"><b>passado (PPS)</b></span>	Encontrei-me	Encontraste-te	Encontrou-se	Encontrámo-nos	Encontraram-se						/ẽkõˈtɾɐj-mɨ/	/ẽkõˈtɾaʃtɨ-tɨ/	/ẽkõˈtɾo-sɨ/	/ẽkõˈtɾamu-nuʃ/	/ẽkõˈtɾaɾɐ̃w-sɨ/							Portugues::Conjugacao Curso::1A2 Portugues::Verbos::-AR Portugues::Verbos::Indicativo Portugues::Verbos::Passado-PPS Portugues::Verbos::Passado-PPS::-AR Portugues::Verbos::Reflexos
Estudar + passado (PPS)	Estudar	<span style="color: rgb(255, 0, 0);"><b>passado (PPS)</b></span>	Estudei	Estudaste	Estudou	Estudámos	Estudaram						/ʃtuˈdɐj/	/ʃtuˈdaʃtɨ/	/ʃtuˈdo/	/ʃtuˈdamuʃ/	/ʃtuˈdaɾɐ̃w/							Portugues::Conjugacao Curso::1A2 Portugues::Verbos::-AR Portugues::Verbos::Indicativo Portugues::Verbos::Passado-PPS Portugues::Verbos::Passado-PPS::-AR
Gostar + passado (PPS)	Gostar	<span style="color: rgb(255, 0, 0);"><b>passado (PPS)</b></span>	Gostei	Gostaste	Gostou	Gostámos	Gostaram						/guʃˈtɐj/	/guʃˈtaʃtɨ/	/guʃˈto/	/guʃˈtamuʃ/	/guʃˈtaɾɐ̃w/							Portugues::Conjugacao Curso::1A2 Curso::2A2 Portugues::Verbos::-AR Portugues::Verbos::Basicos Portugues::Verbos::Indicativo Portugues::Verbos::Passado-PPS Portugues::Verbos::Passado-PPS::-AR
Lanchar + passado (PPS)	Lanchar	<span style="color: rgb(255, 0, 0);"><b>passado (PPS)</b></span>	Lanchei	Lanchaste	Lanchou	Lanchámos	Lancharam						/ɫɐ̃ˈʃɐj/	/ɫɐ̃ˈʃaʃtɨ/	/ɫɐ̃ˈʃo/	/ɫɐ̃ˈʃamuʃ/	/ɫɐ̃ˈʃaɾɐ̃w/							Portugues::Conjugacao Curso::1A2 Portugues::Verbos::-AR Portugues::Verbos::Indicativo Portugues::Verbos::Passado-PPS Portugues::Verbos::Passado-PPS::-AR
Lavar-se + passado (PPS)	Lavar-se	<span style="color: rgb(255, 0, 0);"><b>passado (PPS)</b></span>	Lavei-me	Lavaste-te	Lavou-se	Lavámo-nos	Lavaram-se						/ɫɐˈvɐj-mɨ/	/ɫɐˈvaʃtɨ-tɨ/	/ɫɐˈvo-sɨ/	/ɫɐˈvamu-nuʃ/	/ɫɐˈvaɾɐ̃w-sɨ/							Portugues::Conjugacao Curso::1A2 Portugues::Verbos::-AR Portugues::Verbos::Indicativo Portugues::Verbos::Passado-PPS Portugues::Verbos::Passado-PPS::-AR Portugues::Verbos::Reflexos
Levantar-se + passado (PPS)	Levantar-se	<span style="color: rgb(255, 0, 0);"><b>passado (PPS)</b></span>	Levantei-me	Levantaste-te	Levantou-se	Levantámo-nos	Levantaram-se						/ɫɨvɐ̃ˈtɐj-mɨ/	/ɫɨvɐ̃ˈtaʃtɨ-tɨ/	/ɫɨvɐ̃ˈto-sɨ/	/ɫɨvɐ̃ˈtamu-nuʃ/	/ɫɨvɐ̃ˈtaɾɐ̃w-sɨ/							Portugues::Conjugacao Curso::1A2 Portugues::Verbos::-AR Portugues::Verbos::Indicativo Portugues::Verbos::Passado-PPS Portugues::Verbos::Passado-PPS::-AR Portugues::Verbos::Reflexos
Machucar + passado (PPS)	Machucar (lastimar)	<span style="color: rgb(255, 0, 0);"><b>passado (PPS)</b></span>	Machuquei	Machucaste	Machucou	Machucámos	Machucaram						/mɐʃuˈkɐj/	/mɐʃuˈkaʃtɨ/	/mɐʃuˈko/	/mɐʃuˈkamuʃ/	/mɐʃuˈkaɾɐ̃w/							Portugues::Conjugacao Curso::1A2 Portugues::Verbos::-AR Portugues::Verbos::Indicativo Portugues::Verbos::Passado-PPS Portugues::Verbos::Passado-PPS::-AR
Machucar-se + passado (PPS)	Machucar-se (lastimarse)	<span style="color: rgb(255, 0, 0);"><b>passado (PPS)</b></span>	Machuquei-me	Machucaste-te	Machucou-se	Machucámo-nos	Machucaram-se						/mɐʃuˈkɐj-mɨ/	/mɐʃuˈkaʃtɨ-tɨ/	/mɐʃuˈko-sɨ/	/mɐʃuˈkamu-nuʃ/	/mɐʃuˈkaɾɐ̃w-sɨ/							Portugues::Conjugacao Curso::1A2 Portugues::Verbos::-AR Portugues::Verbos::Indicativo Portugues::Verbos::Passado-PPS Portugues::Verbos::Passado-PPS::-AR Portugues::Verbos::Reflexos
Mudar + passado (PPS)	Mudar (cambiar)	<span style="color: rgb(255, 0, 0);"><b>passado (PPS)</b></span>	Mudei	Mudaste	Mudou	Mudámos	Mudaram						/muˈdɐj/	/muˈdaʃtɨ/	/muˈdo/	/muˈdamuʃ/	/muˈdaɾɐ̃w/							Portugues::Conjugacao Curso::1A2 Curso::2A2 Portugues::Verbos::-AR Portugues::Verbos::Basicos Portugues::Verbos::Indicativo Portugues::Verbos::Passado-PPS Portugues::Verbos::Passado-PPS::-AR
Ocupar + passado (PPS)	Ocupar	<span style="color: rgb(255, 0, 0);"><b>passado (PPS)</b></span>	Ocupei	Ocupaste	Ocupou	Ocupámos	Ocuparam						/okuˈpɐj/	/okuˈpaʃtɨ/	/okuˈpo/	/okuˈpamuʃ/	/okupɐɾɐ̃w/							Portugues::Conjugacao Curso::1A2 Portugues::Verbos::-AR Portugues::Verbos::Indicativo Portugues::Verbos::Passado-PPS Portugues::Verbos::Passado-PPS::-AR
Pensar + passado (PPS)	Pensar	<span style="color: rgb(255, 0, 0);"><b>passado (PPS)</b></span>	Pensei	Pensaste	Pensou	Pensámos	Pensaram						/pẽˈsɐj/	/pẽˈsaʃtɨ/	/pẽˈso/	/pẽˈsamuʃ/	/pẽˈsaɾɐ̃w/							Portugues::Conjugacao Curso::1A2 Portugues::Verbos::-AR Portugues::Verbos::Indicativo Portugues::Verbos::Passado-PPS Portugues::Verbos::Passado-PPS::-AR
Pintar + passado (PPS)	Pintar	<span style="color: rgb(255, 0, 0);"><b>passado (PPS)</b></span>	Pintei	Pintaste	Pintou	Pintámos	Pintaram						/pĩˈtɐj/	/pĩˈtaʃtɨ/	/pĩˈto/	/pĩˈtamuʃ/	/pĩˈtaɾɐ̃w/							Portugues::Conjugacao Curso::1A2 Portugues::Verbos::-AR Portugues::Verbos::Indicativo Portugues::Verbos::Passado-PPS Portugues::Verbos::Passado-PPS::-AR
Poupar + passado (PPS)	Poupar (ahorrar, perdonar)	<span style="color: rgb(255, 0, 0);"><b>passado (PPS)</b></span>	Poupei	Poupaste	Poupou	Poupámos	Pouparam						/poˈpɐj/	/poˈpaʃtɨ/	/poˈpo/	/poˈpamuʃ/	/popɐɾɐ̃w/							Portugues::Conjugacao Curso::1A2 Portugues::Verbos::-AR Portugues::Verbos::Indicativo Portugues::Verbos::Passado-PPS Portugues::Verbos::Passado-PPS::-AR
Poupar-se + passado (PPS)	Poupar-se (escaquearse)	<span style="color: rgb(255, 0, 0);"><b>passado (PPS)</b></span>	Poupei-me	Poupaste-te	Poupou-se	Poupámo-nos	Pouparam-se						/poˈpɐj-mɨ/	/poˈpaʃtɨ-tɨ/	/poˈpo-sɨ/	/poˈpamu-nuʃ/	/popɐɾɐ̃w-sɨ/							Portugues::Conjugacao Curso::1A2 Portugues::Verbos::-AR Portugues::Verbos::Indicativo Portugues::Verbos::Passado-PPS Portugues::Verbos::Passado-PPS::-AR Portugues::Verbos::Reflexos
Puxar + passado (PPS)	Puxar (tirar de, jalar)	<span style="color: rgb(255, 0, 0);"><b>passado (PPS)</b></span>	Puxei	Puxaste	Puxou	Puxámos	Puxaram						/puˈʃɐj/	/puˈʃaʃtɨ/	/puˈʃo/	/puˈʃamuʃ/	/puˈʃaɾɐ̃w/							Portugues::Conjugacao Curso::1A2 Portugues::Verbos::-AR Portugues::Verbos::Indicativo Portugues::Verbos::Passado-PPS Portugues::Verbos::Passado-PPS::-AR
Responder + passado (PPS)	Responder	<span style="color: rgb(255, 0, 0);"><b>passado (PPS)</b></span>	Respondi	Respondeste	Respondeu	Respondemos	Responderam						/ʁɨʃpõˈdi/	/ʁɨʃpõˈdeʃtɨ/	/ʁɨʃpõˈdew/	/ʁɨʃpõˈdemuʃ/	/ʁɨʃpõˈdeɾɐ̃w/							Portugues::Conjugacao Curso::1A2 Portugues::Verbos::-ER Portugues::Verbos::Indicativo Portugues::Verbos::Passado-PPS Portugues::Verbos::Passado-PPS::-ER
Sentar-se + passado (PPS)	Sentar-se	<span style="color: rgb(255, 0, 0);"><b>passado (PPS)</b></span>	Sentei-me	Sentaste-te	Sentou-se	Sentámo-nos	Sentaram-se						/sẽˈtɐj-mɨ/	/sẽˈtaʃtɨ-tɨ/	/sẽˈto-sɨ/	/sẽˈtamu-nuʃ/	/sẽˈtaɾɐ̃w-sɨ/							Portugues::Conjugacao Curso::1A2 Portugues::Verbos::-AR Portugues::Verbos::Indicativo Portugues::Verbos::Passado-PPS Portugues::Verbos::Passado-PPS::-AR Portugues::Verbos::Reflexos
Sumir + passado (PPS)	Sumir (irse, desaparecer)	<span style="color: rgb(255, 0, 0);"><b>passado (PPS)</b></span>	Sumi	Sumiste	Sumiu	Sumimos	Sumiram						/suˈmi/	/suˈmiʃtɨ/	/suˈmiw/	/suˈmimuʃ/	/suˈmiɾɐ̃w/							Portugues::Conjugacao Curso::1A2 Portugues::Verbos::-IR Portugues::Verbos::Indicativo Portugues::Verbos::Passado-PPS Portugues::Verbos::Passado-PPS::-IR
Caber + passado (PPS)	Caber (Caber)	<span style="color: rgb(255, 0, 0);"><b>passado (PPS)</b></span>	Coube	Coubeste	Coube	Coubemos	Couberam						/ˈko.bɨ/	/ko.ˈbeʃ.tɨ/	/ˈko.bɨ/	/ko.ˈbe.muʃ/	/ko.ˈbe.ɾɐ̃w/							Portugues::Conjugacao Curso::1A2 Curso::2A2 Portugues::Verbos::-ER Portugues::Verbos::Basicos Portugues::Verbos::Dificiles Portugues::Verbos::Indicativo Portugues::Verbos::Irregulares Portugues::Verbos::Passado-PPS Portugues::Verbos::Passado-PPS::-ER Portugues::Verbos::Passado-PPS::Irregulares
percorrer + passado (PPS	Percorrer (recorrer)	<span style="color: rgb(255, 0, 0);"><b>passado (PPS)</b></span>	percorri	percorreste	percorreu	percorremos	percorreram																	Portugues::Conjugacao Portugues::Falso_Amigo Portugues::Verbos::-ER Portugues::Verbos::Indicativo Portugues::Verbos::Passado-PPS Portugues::Verbos::Passado-PPS::-ER
recorrer + passado (PPS)	Recorrer (recurrir, apelar contra)	<span style="color: rgb(255, 0, 0);"><b>passado (PPS)</b></span>	recorri	recorreste	recorreu	recorremos	recorreram																	Portugues::Conjugacao Portugues::Falso_Amigo Portugues::Verbos::-ER Portugues::Verbos::Indicativo Portugues::Verbos::Passado-PPS Portugues::Verbos::Passado-PPS::-ER
Provir + passado (PPS)	Provir	<span style="color: rgb(255, 0, 0);"><b>passado (PPS)</b></span>	provim	provieste	proveio	proviemos	provieram						/pɾuˈvĩ/	/pɾuviˈeʃtɨ/	/pɾuˈvɐju/	/pɾuviˈemuʃ/	/pɾuviˈeɾɐ̃w̃/							Curso::2A2::U3-Como-Era-a-Tua-Escola Portugues::Verbos::-IR Portugues::Verbos::Derivados Portugues::Verbos::Derivados::VIR Portugues::Verbos::Passado-PPS Portugues::Verbos::Passado-PPS::-IR Portugues::Verbos::Passado-PPS::Derivados Portugues::Verbos::Passado-PPS::Irregulares Portugues::Verbos::Tempo::Indicativo
Doer + Passado (PPS)	Doer	<span style="color: rgb(255, 0, 0);"><b>passado (PPS)</b></span>			doeu		doeram								/duˈew/		/duˈeɾɐ̃w̃/							Portugues::Verbos::-ER Portugues::Verbos::Impessoais Portugues::Verbos::Passado-PPS Portugues::Verbos::Passado-PPS::-ER Vocabulary::Health
Haver + Passado (PPS)	Haver	<span style="color: rgb(255, 0, 0);"><b>passado (PPS)</b></span>	houve	houvesse	houve	houvemos	houvesse						/ˈovɨ/	/oˈvesɨ/	/ˈovɨ/	/oˈvemuʃ/	/oˈvesɨ/							Portugues::Verbos::-ER Portugues::Verbos::Auxiliares Portugues::Verbos::Impessoais Portugues::Verbos::Passado-PPS Portugues::Verbos::Passado-PPS::-ER
Trovejar + Passado (PPS)	Trovejar	<span style="color: rgb(255, 0, 0);"><b>passado (PPS)</b></span>			trovejou										/tɾuvɨˈʒo/									Portugues::Verbos::-AR Portugues::Verbos::Impessoais Portugues::Verbos::Passado-PPS Portugues::Verbos::Passado-PPS::-AR Vocabulary::Weather
Relampejar + Passado (PPS)	Relampejar	<span style="color: rgb(255, 0, 0);"><b>passado (PPS)</b></span>			relampejou										/ʁɨlɐ̃pɨˈʒo/									Portugues::Verbos::-AR Portugues::Verbos::Impessoais Portugues::Verbos::Passado-PPS Portugues::Verbos::Passado-PPS::-AR Vocabulary::Weather
Nevar + Passado (PPS)	Nevar	<span style="color: rgb(255, 0, 0);"><b>passado (PPS)</b></span>			nevou										/nɨˈvo/									Portugues::Verbos::-AR Portugues::Verbos::Impessoais Portugues::Verbos::Passado-PPS Portugues::Verbos::Passado-PPS::-AR Vocabulary::Weather
Haver (impessoal) + Passado (PPS)	Haver	<span style="color: rgb(255, 0, 0);"><b>passado (PPS)</b></span>			houve										/ˈovɨ/									Curso::2A2::U2-Olha-Esta-Noticia Portugues::Verbos::Auxiliares Portugues::Verbos::Impessoais Portugues::Verbos::Passado-PPS
Granizar + Passado (PPS)	Granizar	<span style="color: rgb(255, 0, 0);"><b>passado (PPS)</b></span>			granizou										/ɡɾɐniˈzo/									Portugues::Verbos::-AR Portugues::Verbos::Impessoais Portugues::Verbos::Passado-PPS Portugues::Verbos::Passado-PPS::-AR Vocabulary::Weather
Chover + Passado (PPS)	Chover	<span style="color: rgb(255, 0, 0);"><b>passado (PPS)</b></span>			choveu										/ʃuˈvew/									Portugues::Verbos::-ER Portugues::Verbos::Impessoais Portugues::Verbos::Passado-PPS Portugues::Verbos::Passado-PPS::-ER Vocabulary::Weather
Melhorar + Passado (PPS)	Melhorar	<span style="color: rgb(255, 0, 0);"><b>passado (PPS)</b></span>	melhorei	melhoraste	melhorou	melhorámos	melhoraram						/mɨʎuˈɾɐj/	/mɨʎuˈɾaʃtɨ/	/mɨʎuˈɾo/	/mɨʎuˈɾamuʃ/	/mɨʎuˈɾaɾɐ̃w̃/							Curso::2A2 Portugues::Verbos::-AR Portugues::Verbos::Passado-PPS Portugues::Verbos::Passado-PPS::-AR Portugues::Verbos::Tempo::Indicativo Vocabulary::My_Choice
Aposentar-se + Passado (PPS)	Aposentar-se	<span style="color: rgb(255, 0, 0);"><b>passado (PPS)</b></span>	aposentei-me	aposentaste-te	aposentou-se	aposentámo-nos	aposentaram-se						/ɐpuzẽˈtɐjmɨ/	/ɐpuzẽtɐˈʃtɛtɨ/	/ɐpuzẽˈtosɨ/	/ɐpuzẽˈtamunuʃ/	/ɐpuzẽtɐˈɾɐ̃sɨ/							Curso::2A2 Portugues::Verbos::-AR Portugues::Verbos::Passado-PPS Portugues::Verbos::Passado-PPS::-AR Portugues::Verbos::Tempo::Indicativo Vocabulary::My_Choice
Sair + Passado (PPS)	Sair	<span style="color: rgb(255, 0, 0);"><b>passado (PPS)</b></span>	saí	saíste	saiu	saímos	saíram						/sɐˈi/	/sɐˈiʃtɨ/	/ˈsajw/	/sɐˈimuʃ/	/sɐˈiɾɐ̃w̃/							Curso::2A2 Portugues::Verbos::-IR Portugues::Verbos::Imperativo::Irregular Portugues::Verbos::Passado-PPS Portugues::Verbos::Passado-PPS::-IR Portugues::Verbos::Tempo::Indicativo
Utilizar + Passado (PPS)	Utilizar	<span style="color: rgb(255, 0, 0);"><b>passado (PPS)</b></span>	utilizei	utilizaste	utilizou	utilizámos	utilizaram						/utiliˈzɐj/	/utiliˈzaʃtɨ/	/utiliˈzo/	/utiliˈzamuʃ/	/utiliˈzaɾɐ̃w̃/							Curso::2A2 Portugues::Verbos::-AR Portugues::Verbos::Passado-PPS Portugues::Verbos::Passado-PPS::-AR Portugues::Verbos::Tempo::Indicativo Vocabulary::My_Choice
Concordar com + Passado (PPS)	Concordar com	<span style="color: rgb(255, 0, 0);"><b>passado (PPS)</b></span>	concordei	concordaste	concordou	concordámos	concordaram						/kõkuɾˈdɐj/	/kõkuɾˈdaʃtɨ/	/kõkuɾˈdo/	/kõkuɾˈdamuʃ/	/kõkuɾˈdaɾɐ̃w̃/							Curso::2A2 Portugues::Verbos::-AR Portugues::Verbos::Passado-PPS Portugues::Verbos::Passado-PPS::-AR Portugues::Verbos::Tempo::Indicativo Vocabulary::My_Choice
Discordar de + Passado (PPS)	Discordar de	<span style="color: rgb(255, 0, 0);"><b>passado (PPS)</b></span>	discordei	discordaste	discordou	discordámos	discordaram						/diʃkuɾˈdɐj/	/diʃkuɾˈdaʃtɨ/	/diʃkuɾˈdo/	/diʃkuɾˈdamuʃ/	/diʃkuɾˈdaɾɐ̃w̃/							Curso::2A2 Portugues::Verbos::-AR Portugues::Verbos::Passado-PPS Portugues::Verbos::Passado-PPS::-AR Portugues::Verbos::Tempo::Indicativo Vocabulary::My_Choice
Revelar + Passado (PPS)	Revelar	<span style="color: rgb(255, 0, 0);"><b>passado (PPS)</b></span>	revelei	revelaste	revelou	revelámos	revelaram						/ʁɨvɨˈlɐj/	/ʁɨvɨˈlaʃtɨ/	/ʁɨvɨˈlo/	/ʁɨvɨˈlamuʃ/	/ʁɨvɨˈlaɾɐ̃w̃/							Curso::2A2 Portugues::Verbos::-AR Portugues::Verbos::Passado-PPS Portugues::Verbos::Passado-PPS::-AR Portugues::Verbos::Tempo::Indicativo Vocabulary::My_Choice
Estrangular + Passado (PPS)	Estrangular	<span style="color: rgb(255, 0, 0);"><b>passado (PPS)</b></span>	estrangulei	estrangulaste	estrangulou	estrangulámos	estrangularam						/ʃtɾɐ̃ɡuˈlɐj/	/ʃtɾɐ̃ɡuˈlaʃtɨ/	/ʃtɾɐ̃ɡuˈlo/	/ʃtɾɐ̃ɡuˈlamuʃ/	/ʃtɾɐ̃ɡuˈlaɾɐ̃w̃/							Curso::2A2 Portugues::Verbos::-AR Portugues::Verbos::Passado-PPS Portugues::Verbos::Passado-PPS::-AR Portugues::Verbos::Tempo::Indicativo Vocabulary::Crime Vocabulary::My_Choice
Mandar + Passado (PPS)	Mandar	<span style="color: rgb(255, 0, 0);"><b>passado (PPS)</b></span>	mandei	mandaste	mandou	mandámos	mandaram						/mɐ̃ˈdɐj/	/mɐ̃ˈdaʃtɨ/	/mɐ̃ˈdo/	/mɐ̃ˈdamuʃ/	/mɐ̃ˈdaɾɐ̃w̃/							Curso::2A2 Portugues::Verbos::-AR Portugues::Verbos::Passado-PPS Portugues::Verbos::Passado-PPS::-AR Portugues::Verbos::Tempo::Indicativo Vocabulary::My_Choice
Precisar + Passado (PPS)	Precisar	<span style="color: rgb(255, 0, 0);"><b>passado (PPS)</b></span>	precisei	precisaste	precisou	precisámos	precisaram						/pɾɨsiˈzɐj/	/pɾɨsiˈzaʃtɨ/	/pɾɨsiˈzo/	/pɾɨsiˈzamuʃ/	/pɾɨsiˈzaɾɐ̃w̃/							Curso::2A2 Portugues::Verbos::-AR Portugues::Verbos::Passado-PPS Portugues::Verbos::Passado-PPS::-AR Portugues::Verbos::Tempo::Indicativo Vocabulary::My_Choice
Procurar + Passado (PPS)	Procurar	<span style="color: rgb(255, 0, 0);"><b>passado (PPS)</b></span>	procurei	procuraste	procurou	procuramos	procuraram						/pɾukuˈɾɐj/	/pɾukuˈɾaʃtɨ/	/pɾukuˈɾo/	/pɾukuˈɾɐmuʃ/	/pɾukuˈɾaɾɐ̃w̃/							arreglar Curso::2A2 Portugues::Verbos::-AR Portugues::Verbos::Passado-PPS Portugues::Verbos::Passado-PPS::-AR Portugues::Verbos::Tempo::Indicativo Vocabulary::My_Choice
Relaxar + Passado (PPS)	Relaxar	<span style="color: rgb(255, 0, 0);"><b>passado (PPS)</b></span>	relaxei	relaxaste	relaxou	relaxamos	relaxaram						/ʁɨlɐˈʃɐj/	/ʁɨlɐˈʃaʃtɨ/	/ʁɨlɐˈʃo/	/ʁɨlɐˈʃɐmuʃ/	/ʁɨlɐˈʃaɾɐ̃w̃/							Curso::2A2 Portugues::Verbos::-AR Portugues::Verbos::Passado-PPS Portugues::Verbos::Passado-PPS::-AR Portugues::Verbos::Tempo::Indicativo Vocabulary::My_Choice
Sonhar + Passado (PPS)	Sonhar	<span style="color: rgb(255, 0, 0);"><b>passado (PPS)</b></span>	sonhei	sonhaste	sonhou	sonhamos	sonharam						/suˈɲɐj/	/suˈɲaʃtɨ/	/suˈɲo/	/suˈɲɐmuʃ/	/suˈɲaɾɐ̃w̃/							Curso::2A2 Portugues::Verbos::-AR Portugues::Verbos::Passado-PPS Portugues::Verbos::Passado-PPS::-AR Portugues::Verbos::Tempo::Indicativo Vocabulary::My_Choice
Adormecer + Passado (PPS)	Adormecer	<span style="color: rgb(255, 0, 0);"><b>passado (PPS)</b></span>	adormeci	adormeceste	adormeceu	adormecemos	adormeceram						/ɐduɾmɨˈsi/	/ɐduɾmɨˈseʃtɨ/	/ɐduɾmɨˈsew/	/ɐduɾmɨˈsemuʃ/	/ɐduɾmɨˈseɾɐ̃w̃/							Curso::2A2 Portugues::Verbos::-ER Portugues::Verbos::Passado-PPS Portugues::Verbos::Passado-PPS::-ER Portugues::Verbos::Tempo::Indicativo Vocabulary::My_Choice