Abrir + Mais-que-Perfeito	Abrir	<b><span style="color: rgb(255, 85, 0);">Mais-que-Perfeito</span></b>	tinha aberto	tinhas aberto	tinha aberto	tínhamos aberto	tinham aberto						/ˈtiɲɐ ɐˈbɛɾtu/	/ˈtiɲɐz ɐˈbɛɾtu/	/ˈtiɲɐz ɐˈbɛɾtu/	/ˈtiɲɐmuz ɐˈbɛɾtu/	/ˈtiɲɐ̃w̃ ɐˈbɛɾtu/							Curso::2A2::U5-Eu-Ja-Tinha-Visto Portugues::Verbos::-IR Portugues::Verbos::Mas-Que-Perfeito Portugues::Verbos::Mas-Que-Perfeito::-IR Portugues::Verbos::Tempo::Indicativo
Descobrir + Mais-que-Perfeito	Descobrir	<b><span style="color: rgb(255, 85, 0);">Mais-que-Perfeito</span></b>	tinha descoberto	tinhas descoberto	tinha descoberto	tínhamos descoberto	tinham descoberto						/ˈtiɲɐ dɨʃkuˈbɛɾtu/	/ˈtiɲɐʒ dɨʃkuˈbɛɾtu/	/ˈtiɲɐʒ dɨʃkuˈbɛɾtu/	/ˈtiɲɐmuʒ dɨʃkuˈbɛɾtu/	/ˈtiɲɐ̃w̃ dɨʃkuˈbɛɾtu/							Curso::2A2::U5-Eu-Ja-Tinha-Visto Portugues::Verbos::-IR Portugues::Verbos::Mas-Que-Perfeito Portugues::Verbos::Mas-Que-Perfeito::-IR Portugues::Verbos::Mas-Que-Perfeito::Irregulares Portugues::Verbos::Tempo::Indicativo
Dizer + Mais-que-Perfeito	Dizer	<b><span style="color: rgb(255, 85, 0);">Mais-que-Perfeito</span></b>	tinha dito	tinhas dito	tinha dito	tínhamos dito	tinham dito						/ˈtiɲɐ ˈditu/	/ˈtiɲɐʒ ˈditu/	/ˈtiɲɐʒ ˈditu/	/ˈtiɲɐmuʒ ˈditu/	/ˈtiɲɐ̃w̃ ˈditu/							Curso::2A2::U5-Eu-Ja-Tinha-Visto Portugues::Verbos::Mas-Que-Perfeito Portugues::Verbos::Mas-Que-Perfeito::-AR Portugues::Verbos::Mas-Que-Perfeito::-ER Portugues::Verbos::Mas-Que-Perfeito::Irregulares Portugues::Verbos::Tempo::Indicativo
Escrever + Mais-que-Perfeito	Escrever	<b><span style="color: rgb(255, 85, 0);">Mais-que-Perfeito</span></b>	tinha escrito	tinhas escrito	tinha escrito	tínhamos escrito	tinham escrito						/ˈtiɲɐ ʃˈkɾitu/	/ˈtiɲɐʃ ʃˈkɾitu/	/ˈtiɲɐʃ ʃˈkɾitu/	/ˈtiɲɐmuʃ ʃˈkɾitu/	/ˈtiɲɐ̃w̃ ʃˈkɾitu/							Curso::2A2::U5-Eu-Ja-Tinha-Visto Portugues::Verbos::-ER Portugues::Verbos::Mas-Que-Perfeito Portugues::Verbos::Mas-Que-Perfeito::-ER Portugues::Verbos::Tempo::Indicativo
Fazer + Mais-que-Perfeito	Fazer	<b><span style="color: rgb(255, 85, 0);">Mais-que-Perfeito</span></b>	tinha feito	tinhas feito	tinha feito	tínhamos feito	tinham feito						/ˈtiɲɐ ˈfɐjtu/	/ˈtiɲɐʃ ˈfɐjtu/	/ˈtiɲɐʃ ˈfɐjtu/	/ˈtiɲɐmuʃ ˈfɐjtu/	/ˈtiɲɐ̃w̃ ˈfɐjtu/							Curso::2A2::U5-Eu-Ja-Tinha-Visto Portugues::Verbos::Mas-Que-Perfeito Portugues::Verbos::Mas-Que-Perfeito::-AR Portugues::Verbos::Mas-Que-Perfeito::-ER Portugues::Verbos::Mas-Que-Perfeito::Irregulares Portugues::Verbos::Tempo::Indicativo
Ganhar + Mais-que-Perfeito	Ganhar	<b><span style="color: rgb(255, 85, 0);">Mais-que-Perfeito</span></b>	tinha ganho	tinhas ganho	tinha ganho	tínhamos ganho	tinham ganho						/ˈtiɲɐ ˈɡɐɲu/	/ˈtiɲɐʒ ˈɡɐɲu/	/ˈtiɲɐʒ ˈɡɐɲu/	/ˈtiɲɐmuʒ ˈɡɐɲu/	/ˈtiɲɐ̃w̃ ˈɡɐɲu/							Curso::2A2::U5-Eu-Ja-Tinha-Visto Portugues::Verbos::Mas-Que-Perfeito Portugues::Verbos::Mas-Que-Perfeito::-AR Portugues::Verbos::Mas-Que-Perfeito::Irregulares Portugues::Verbos::Tempo::Indicativo
Gastar + Mais-que-Perfeito	Gastar	<b><span style="color: rgb(255, 85, 0);">Mais-que-Perfeito</span></b>	tinha gasto	tinhas gasto	tinha gasto	tínhamos gasto	tinham gasto						/ˈtiɲɐ ˈɡaʃtu/	/ˈtiɲɐʒ ˈɡaʃtu/	/ˈtiɲɐʒ ˈɡaʃtu/	/ˈtiɲɐmuʒ ˈɡaʃtu/	/ˈtiɲɐ̃w̃ ˈɡaʃtu/							Curso::2A2::U5-Eu-Ja-Tinha-Visto Portugues::Verbos::Mas-Que-Perfeito Portugues::Verbos::Mas-Que-Perfeito::-AR Portugues::Verbos::Mas-Que-Perfeito::Irregulares Portugues::Verbos::Tempo::Indicativo
Limpar + Mais-que-Perfeito	Limpar	<b><span style="color: rgb(255, 85, 0);">Mais-que-Perfeito</span></b>	tinha limpo	tinhas limpo	tinha limpo	tínhamos limpo	tinham limpo						/ˈtiɲɐ ˈlĩpu/	/ˈtiɲɐʒ ˈlĩpu/	/ˈtiɲɐʒ ˈlĩpu/	/ˈtiɲɐmuʒ ˈlĩpu/	/ˈtiɲɐ̃w̃ ˈlĩpu/							Curso::2A2::U5-Eu-Ja-Tinha-Visto Portugues::Verbos::Mas-Que-Perfeito Portugues::Verbos::Mas-Que-Perfeito::-AR Portugues::Verbos::Mas-Que-Perfeito::Irregulares Portugues::Verbos::Tempo::Indicativo
Pagar + Mais-que-Perfeito	Pagar	<b><span style="color: rgb(255, 85, 0);">Mais-que-Perfeito</span></b>	tinha pago	tinhas pago	tinha pago	tínhamos pago	tinham pago						/ˈtiɲɐ ˈpaɡu/	/ˈtiɲɐʃ ˈpaɡu/	/ˈtiɲɐʃ ˈpaɡu/	/ˈtiɲɐmuʃ ˈpaɡu/	/ˈtiɲɐ̃w̃ ˈpaɡu/							Curso::2A2::U5-Eu-Ja-Tinha-Visto Portugues::Verbos::Mas-Que-Perfeito Portugues::Verbos::Mas-Que-Perfeito::-AR Portugues::Verbos::Mas-Que-Perfeito::Irregulares Portugues::Verbos::Tempo::Indicativo
Pôr + Mais-que-Perfeito	Pôr	<b><span style="color: rgb(255, 85, 0);">Mais-que-Perfeito</span></b>	tinha posto	tinhas posto	tinha posto	tínhamos posto	tinham posto						/ˈtiɲɐ ˈpɔʃtu/	/ˈtiɲɐʃ ˈpɔʃtu/	/ˈtiɲɐʃ ˈpɔʃtu/	/ˈtiɲɐmuʃ ˈpɔʃtu/	/ˈtiɲɐ̃w̃ ˈpɔʃtu/							Curso::2A2::U5-Eu-Ja-Tinha-Visto Portugues::Verbos::Mas-Que-Perfeito Portugues::Verbos::Mas-Que-Perfeito::-AR Portugues::Verbos::Mas-Que-Perfeito::-OR Portugues::Verbos::Mas-Que-Perfeito::Irregulares Portugues::Verbos::Tempo::Indicativo
Ver + Mais-que-Perfeito	Ver	<b><span style="color: rgb(255, 85, 0);">Mais-que-Perfeito</span></b>	tinha visto	tinhas visto	tinha visto	tínhamos visto	tinham visto						/ˈtiɲɐ ˈviʃtu/	/ˈtiɲɐʒ ˈviʃtu/	/ˈtiɲɐʒ ˈviʃtu/	/ˈtiɲɐmuʒ ˈviʃtu/	/ˈtiɲɐ̃w̃ ˈviʃtu/							Curso::2A2::U5-Eu-Ja-Tinha-Visto Portugues::Verbos::Mas-Que-Perfeito Portugues::Verbos::Mas-Que-Perfeito::-AR Portugues::Verbos::Mas-Que-Perfeito::-ER Portugues::Verbos::Mas-Que-Perfeito::Irregulares Portugues::Verbos::Tempo::Indicativo
Vir + Mais-que-Perfeito	Vir	<b><span style="color: rgb(255, 85, 0);">Mais-que-Perfeito</span></b>	tinha vindo	tinhas vindo	tinha vindo	tínhamos vindo	tinham vindo						/ˈtiɲɐ ˈvĩdu/	/ˈtiɲɐʒ ˈvĩdu/	/ˈtiɲɐʒ ˈvĩdu/	/ˈtiɲɐmuʒ ˈvĩdu/	/ˈtiɲɐ̃w̃ ˈvĩdu/							Curso::2A2::U5-Eu-Ja-Tinha-Visto Portugues::Verbos::Mas-Que-Perfeito Portugues::Verbos::Mas-Que-Perfeito::-AR Portugues::Verbos::Mas-Que-Perfeito::-IR Portugues::Verbos::Mas-Que-Perfeito::Irregulares Portugues::Verbos::Tempo::Indicativo
Amar + Mais-que-Perfeito	Amar	<b><span style="color: rgb(255, 85, 0);">Mais-que-Perfeito</span></b>	tinha amado	tinhas amado	tinha amado	tínhamos amado	tinham amado						/ˈtiɲɐ ɐˈmadu/	/ˈtiɲɐz ɐˈmadu/	/ˈtiɲɐz ɐˈmadu/	/ˈtiɲɐmuz ɐˈmadu/	/ˈtiɲɐ̃w̃ ɐˈmadu/							Curso::2A2::U5-Eu-Ja-Tinha-Visto Portugues::Verbos::-AR Portugues::Verbos::Mas-Que-Perfeito Portugues::Verbos::Mas-Que-Perfeito::-AR Portugues::Verbos::Tempo::Indicativo
Andar + Mais-que-Perfeito	Andar	<b><span style="color: rgb(255, 85, 0);">Mais-que-Perfeito</span></b>	tinha andado	tinhas andado	tinha andado	tínhamos andado	tinham andado						/ˈtiɲɐ ɐ̃ˈdadu/	/ˈtiɲɐz ɐ̃ˈdadu/	/ˈtiɲɐz ɐ̃ˈdadu/	/ˈtiɲɐmuz ɐ̃ˈdadu/	/ˈtiɲɐ̃w̃ ɐ̃ˈdadu/							Curso::2A2::U5-Eu-Ja-Tinha-Visto Portugues::Verbos::-AR Portugues::Verbos::Mas-Que-Perfeito Portugues::Verbos::Mas-Que-Perfeito::-AR Portugues::Verbos::Tempo::Indicativo
Ajudar + Mais-que-Perfeito	Ajudar	<b><span style="color: rgb(255, 85, 0);">Mais-que-Perfeito</span></b>	tinha ajudado	tinhas ajudado	tinha ajudado	tínhamos ajudado	tinham ajudado						/ˈtiɲɐ ɐʒuˈdadu/	/ˈtiɲɐz ɐʒuˈdadu/	/ˈtiɲɐz ɐʒuˈdadu/	/ˈtiɲɐmuz ɐʒuˈdadu/	/ˈtiɲɐ̃w̃ ɐʒuˈdadu/							Curso::2A2::U5-Eu-Ja-Tinha-Visto Portugues::Verbos::-AR Portugues::Verbos::Mas-Que-Perfeito Portugues::Verbos::Mas-Que-Perfeito::-AR Portugues::Verbos::Tempo::Indicativo
Arrumar + Mais-que-Perfeito	Arrumar	<b><span style="color: rgb(255, 85, 0);">Mais-que-Perfeito</span></b>	tinha arrumado	tinhas arrumado	tinha arrumado	tínhamos arrumado	tinham arrumado						/ˈtiɲɐ ɐʁuˈmadu/	/ˈtiɲɐz ɐʁuˈmadu/	/ˈtiɲɐz ɐʁuˈmadu/	/ˈtiɲɐmuz ɐʁuˈmadu/	/ˈtiɲɐ̃w̃ ɐʁuˈmadu/							Curso::2A2::U5-Eu-Ja-Tinha-Visto Portugues::Verbos::-AR Portugues::Verbos::Mas-Que-Perfeito Portugues::Verbos::Mas-Que-Perfeito::-AR Portugues::Verbos::Tempo::Indicativo
Cantar + Mais-que-Perfeito	Cantar	<b><span style="color: rgb(255, 85, 0);">Mais-que-Perfeito</span></b>	tinha cantado	tinhas cantado	tinha cantado	tínhamos cantado	tinham cantado						/ˈtiɲɐ kɐ̃ˈtadu/	/ˈtiɲɐʃ kɐ̃ˈtadu/	/ˈtiɲɐʃ kɐ̃ˈtadu/	/ˈtiɲɐmuʃ kɐ̃ˈtadu/	/ˈtiɲɐ̃w̃ kɐ̃ˈtadu/							Curso::2A2::U5-Eu-Ja-Tinha-Visto Portugues::Verbos::-AR Portugues::Verbos::Mas-Que-Perfeito Portugues::Verbos::Mas-Que-Perfeito::-AR Portugues::Verbos::Tempo::Indicativo
Chamar + Mais-que-Perfeito	Chamar	<b><span style="color: rgb(255, 85, 0);">Mais-que-Perfeito</span></b>	tinha chamado	tinhas chamado	tinha chamado	tínhamos chamado	tinham chamado						/ˈtiɲɐ ʃɐˈmadu/	/ˈtiɲɐʃ ʃɐˈmadu/	/ˈtiɲɐʃ ʃɐˈmadu/	/ˈtiɲɐmuʃ ʃɐˈmadu/	/ˈtiɲɐ̃w̃ ʃɐˈmadu/							Curso::2A2::U5-Eu-Ja-Tinha-Visto Portugues::Verbos::-AR Portugues::Verbos::Mas-Que-Perfeito Portugues::Verbos::Mas-Que-Perfeito::-AR Portugues::Verbos::Tempo::Indicativo
Chegar + Mais-que-Perfeito	Chegar	<b><span style="color: rgb(255, 85, 0);">Mais-que-Perfeito</span></b>	tinha chegado	tinhas chegado	tinha chegado	tínhamos chegado	tinham chegado						/ˈtiɲɐ ʃɨˈɡadu/	/ˈtiɲɐʃ ʃɨˈɡadu/	/ˈtiɲɐʃ ʃɨˈɡadu/	/ˈtiɲɐmuʃ ʃɨˈɡadu/	/ˈtiɲɐ̃w̃ ʃɨˈɡadu/							Curso::2A2::U5-Eu-Ja-Tinha-Visto Portugues::Verbos::-AR Portugues::Verbos::Mas-Que-Perfeito Portugues::Verbos::Mas-Que-Perfeito::-AR Portugues::Verbos::Tempo::Indicativo
Comprar + Mais-que-Perfeito	Comprar	<b><span style="color: rgb(255, 85, 0);">Mais-que-Perfeito</span></b>	tinha comprado	tinhas comprado	tinha comprado	tínhamos comprado	tinham comprado						/ˈtiɲɐ kõˈpɾadu/	/ˈtiɲɐʃ kõˈpɾadu/	/ˈtiɲɐʃ kõˈpɾadu/	/ˈtiɲɐmuʃ kõˈpɾadu/	/ˈtiɲɐ̃w̃ kõˈpɾadu/							Curso::2A2::U5-Eu-Ja-Tinha-Visto Portugues::Verbos::-AR Portugues::Verbos::Mas-Que-Perfeito Portugues::Verbos::Mas-Que-Perfeito::-AR Portugues::Verbos::Tempo::Indicativo
Começar + Mais-que-Perfeito	Começar	<b><span style="color: rgb(255, 85, 0);">Mais-que-Perfeito</span></b>	tinha começado	tinhas começado	tinha começado	tínhamos começado	tinham começado						/ˈtiɲɐ kumɨˈsadu/	/ˈtiɲɐʃ kumɨˈsadu/	/ˈtiɲɐʃ kumɨˈsadu/	/ˈtiɲɐmuʃ kumɨˈsadu/	/ˈtiɲɐ̃w̃ kumɨˈsadu/							Curso::2A2::U5-Eu-Ja-Tinha-Visto Portugues::Verbos::-AR Portugues::Verbos::Mas-Que-Perfeito Portugues::Verbos::Mas-Que-Perfeito::-AR Portugues::Verbos::Tempo::Indicativo
Conversar + Mais-que-Perfeito	Conversar	<b><span style="color: rgb(255, 85, 0);">Mais-que-Perfeito</span></b>	tinha conversado	tinhas conversado	tinha conversado	tínhamos conversado	tinham conversado						/ˈtiɲɐ kõvɨɾˈsadu/	/ˈtiɲɐʃ kõvɨɾˈsadu/	/ˈtiɲɐʃ kõvɨɾˈsadu/	/ˈtiɲɐmuʃ kõvɨɾˈsadu/	/ˈtiɲɐ̃w̃ kõvɨɾˈsadu/							Curso::2A2::U5-Eu-Ja-Tinha-Visto Portugues::Verbos::-AR Portugues::Verbos::Mas-Que-Perfeito Portugues::Verbos::Mas-Que-Perfeito::-AR Portugues::Verbos::Tempo::Indicativo
Dançar + Mais-que-Perfeito	Dançar	<b><span style="color: rgb(255, 85, 0);">Mais-que-Perfeito</span></b>	tinha dançado	tinhas dançado	tinha dançado	tínhamos dançado	tinham dançado						/ˈtiɲɐ dɐ̃ˈsadu/	/ˈtiɲɐʒ dɐ̃ˈsadu/	/ˈtiɲɐʒ dɐ̃ˈsadu/	/ˈtiɲɐmuʒ dɐ̃ˈsadu/	/ˈtiɲɐ̃w̃ dɐ̃ˈsadu/							Curso::2A2::U5-Eu-Ja-Tinha-Visto Portugues::Verbos::-AR Portugues::Verbos::Mas-Que-Perfeito Portugues::Verbos::Mas-Que-Perfeito::-AR Portugues::Verbos::Tempo::Indicativo
Encontrar + Mais-que-Perfeito	Encontrar	<b><span style="color: rgb(255, 85, 0);">Mais-que-Perfeito</span></b>	tinha encontrado	tinhas encontrado	tinha encontrado	tínhamos encontrado	tinham encontrado						/ˈtiɲɐ ẽkõˈtɾadu/	/ˈtiɲɐʃ ẽkõˈtɾadu/	/ˈtiɲɐʃ ẽkõˈtɾadu/	/ˈtiɲɐmuʃ ẽkõˈtɾadu/	/ˈtiɲɐ̃w̃ ẽkõˈtɾadu/							Curso::2A2::U5-Eu-Ja-Tinha-Visto Portugues::Verbos::-AR Portugues::Verbos::Mas-Que-Perfeito Portugues::Verbos::Mas-Que-Perfeito::-AR Portugues::Verbos::Tempo::Indicativo
Estudar + Mais-que-Perfeito	Estudar	<b><span style="color: rgb(255, 85, 0);">Mais-que-Perfeito</span></b>	tinha estudado	tinhas estudado	tinha estudado	tínhamos estudado	tinham estudado						/ˈtiɲɐ ʃtuˈdadu/	/ˈtiɲɐʃ ʃtuˈdadu/	/ˈtiɲɐʃ ʃtuˈdadu/	/ˈtiɲɐmuʃ ʃtuˈdadu/	/ˈtiɲɐ̃w̃ ʃtuˈdadu/							Curso::2A2::U5-Eu-Ja-Tinha-Visto Portugues::Verbos::-AR Portugues::Verbos::Mas-Que-Perfeito Portugues::Verbos::Mas-Que-Perfeito::-AR Portugues::Verbos::Tempo::Indicativo
Falar + Mais-que-Perfeito	Falar	<b><span style="color: rgb(255, 85, 0);">Mais-que-Perfeito</span></b>	tinha falado	tinhas falado	tinha falado	tínhamos falado	tinham falado						/ˈtiɲɐ fɐˈladu/	/ˈtiɲɐʃ fɐˈladu/	/ˈtiɲɐʃ fɐˈladu/	/ˈtiɲɐmuʃ fɐˈladu/	/ˈtiɲɐ̃w̃ fɐˈladu/							Curso::2A2::U5-Eu-Ja-Tinha-Visto Portugues::Verbos::-AR Portugues::Verbos::Mas-Que-Perfeito Portugues::Verbos::Mas-Que-Perfeito::-AR Portugues::Verbos::Tempo::Indicativo
Gostar + Mais-que-Perfeito	Gostar	<b><span style="color: rgb(255, 85, 0);">Mais-que-Perfeito</span></b>	tinha gostado	tinhas gostado	tinha gostado	tínhamos gostado	tinham gostado						/ˈtiɲɐ ɡuˈʃtadu/	/ˈtiɲɐʒ ɡuˈʃtadu/	/ˈtiɲɐʒ ɡuˈʃtadu/	/ˈtiɲɐmuʒ ɡuˈʃtadu/	/ˈtiɲɐ̃w̃ ɡuˈʃtadu/							Curso::2A2::U5-Eu-Ja-Tinha-Visto Portugues::Verbos::-AR Portugues::Verbos::Mas-Que-Perfeito Portugues::Verbos::Mas-Que-Perfeito::-AR Portugues::Verbos::Tempo::Indicativo
Lembrar + Mais-que-Perfeito	Lembrar	<b><span style="color: rgb(255, 85, 0);">Mais-que-Perfeito</span></b>	tinha lembrado	tinhas lembrado	tinha lembrado	tínhamos lembrado	tinham lembrado						/ˈtiɲɐ lẽˈbɾadu/	/ˈtiɲɐʒ lẽˈbɾadu/	/ˈtiɲɐʒ lẽˈbɾadu/	/ˈtiɲɐmuʒ lẽˈbɾadu/	/ˈtiɲɐ̃w̃ lẽˈbɾadu/							Curso::2A2::U5-Eu-Ja-Tinha-Visto Portugues::Verbos::-AR Portugues::Verbos::Mas-Que-Perfeito Portugues::Verbos::Mas-Que-Perfeito::-AR Portugues::Verbos::Tempo::Indicativo
Mandar + Mais-que-Perfeito	Mandar	<b><span style="color: rgb(255, 85, 0);">Mais-que-Perfeito</span></b>	tinha mandado	tinhas mandado	tinha mandado	tínhamos mandado	tinham mandado						/ˈtiɲɐ mɐ̃ˈdadu/	/ˈtiɲɐʒ mɐ̃ˈdadu/	/ˈtiɲɐʒ mɐ̃ˈdadu/	/ˈtiɲɐmuʒ mɐ̃ˈdadu/	/ˈtiɲɐ̃w̃ mɐ̃ˈdadu/							Curso::2A2::U5-Eu-Ja-Tinha-Visto Portugues::Verbos::-AR Portugues::Verbos::Mas-Que-Perfeito Portugues::Verbos::Mas-Que-Perfeito::-AR Portugues::Verbos::Tempo::Indicativo
Morar + Mais-que-Perfeito	Morar	<b><span style="color: rgb(255, 85, 0);">Mais-que-Perfeito</span></b>	tinha morado	tinhas morado	tinha morado	tínhamos morado	tinham morado						/ˈtiɲɐ muˈɾadu/	/ˈtiɲɐʒ muˈɾadu/	/ˈtiɲɐʒ muˈɾadu/	/ˈtiɲɐmuʒ muˈɾadu/	/ˈtiɲɐ̃w̃ muˈɾadu/							Curso::2A2::U5-Eu-Ja-Tinha-Visto Portugues::Verbos::-AR Portugues::Verbos::Mas-Que-Perfeito Portugues::Verbos::Mas-Que-Perfeito::-AR Portugues::Verbos::Tempo::Indicativo
Olhar + Mais-que-Perfeito	Olhar	<b><span style="color: rgb(255, 85, 0);">Mais-que-Perfeito</span></b>	tinha olhado	tinhas olhado	tinha olhado	tínhamos olhado	tinham olhado						/ˈtiɲɐ oˈʎadu/	/ˈtiɲɐz oˈʎadu/	/ˈtiɲɐz oˈʎadu/	/ˈtiɲɐmuz oˈʎadu/	/ˈtiɲɐ̃w̃ oˈʎadu/							Curso::2A2::U5-Eu-Ja-Tinha-Visto Portugues::Verbos::-AR Portugues::Verbos::Mas-Que-Perfeito Portugues::Verbos::Mas-Que-Perfeito::-AR Portugues::Verbos::Tempo::Indicativo
Trabalhar + Mais-que-Perfeito	Trabalhar	<b><span style="color: rgb(255, 85, 0);">Mais-que-Perfeito</span></b>	tinha trabalhado	tinhas trabalhado	tinha trabalhado	tínhamos trabalhado	tinham trabalhado						/ˈtiɲɐ tɾɐbɐˈʎadu/	/ˈtiɲɐʃ tɾɐbɐˈʎadu/	/ˈtiɲɐʃ tɾɐbɐˈʎadu/	/ˈtiɲɐmuʃ tɾɐbɐˈʎadu/	/ˈtiɲɐ̃w̃ tɾɐbɐˈʎadu/							Curso::2A2::U5-Eu-Ja-Tinha-Visto Portugues::Verbos::-AR Portugues::Verbos::Mas-Que-Perfeito Portugues::Verbos::Mas-Que-Perfeito::-AR Portugues::Verbos::Tempo::Indicativo
Aprender + Mais-que-Perfeito	Aprender	<b><span style="color: rgb(255, 85, 0);">Mais-que-Perfeito</span></b>	tinha aprendido	tinhas aprendido	tinha aprendido	tínhamos aprendido	tinham aprendido						/ˈtiɲɐ ɐpɾẽˈdidu/	/ˈtiɲɐz ɐpɾẽˈdidu/	/ˈtiɲɐz ɐpɾẽˈdidu/	/ˈtiɲɐmuz ɐpɾẽˈdidu/	/ˈtiɲɐ̃w̃ ɐpɾẽˈdidu/							Curso::2A2::U5-Eu-Ja-Tinha-Visto Portugues::Verbos::-ER Portugues::Verbos::Mas-Que-Perfeito Portugues::Verbos::Mas-Que-Perfeito::-ER Portugues::Verbos::Tempo::Indicativo
Beber + Mais-que-Perfeito	Beber	<b><span style="color: rgb(255, 85, 0);">Mais-que-Perfeito</span></b>	tinha bebido	tinhas bebido	tinha bebido	tínhamos bebido	tinham bebido						/ˈtiɲɐ bɨˈbidu/	/ˈtiɲɐʒ bɨˈbidu/	/ˈtiɲɐʒ bɨˈbidu/	/ˈtiɲɐmuʒ bɨˈbidu/	/ˈtiɲɐ̃w̃ bɨˈbidu/							Curso::2A2::U5-Eu-Ja-Tinha-Visto Portugues::Verbos::-ER Portugues::Verbos::Mas-Que-Perfeito Portugues::Verbos::Mas-Que-Perfeito::-ER Portugues::Verbos::Tempo::Indicativo
Comer + Mais-que-Perfeito	Comer	<b><span style="color: rgb(255, 85, 0);">Mais-que-Perfeito</span></b>	tinha comido	tinhas comido	tinha comido	tínhamos comido	tinham comido						/ˈtiɲɐ kuˈmidu/	/ˈtiɲɐʃ kuˈmidu/	/ˈtiɲɐʃ kuˈmidu/	/ˈtiɲɐmuʃ kuˈmidu/	/ˈtiɲɐ̃w̃ kuˈmidu/							Curso::2A2::U5-Eu-Ja-Tinha-Visto Portugues::Verbos::-ER Portugues::Verbos::Mas-Que-Perfeito Portugues::Verbos::Mas-Que-Perfeito::-ER Portugues::Verbos::Tempo::Indicativo
Conhecer + Mais-que-Perfeito	Conhecer	<b><span style="color: rgb(255, 85, 0);">Mais-que-Perfeito</span></b>	tinha conhecido	tinhas conhecido	tinha conhecido	tínhamos conhecido	tinham conhecido						/ˈtiɲɐ kuɲɨˈsidu/	/ˈtiɲɐʃ kuɲɨˈsidu/	/ˈtiɲɐʃ kuɲɨˈsidu/	/ˈtiɲɐmuʃ kuɲɨˈsidu/	/ˈtiɲɐ̃w̃ kuɲɨˈsidu/							Curso::2A2::U5-Eu-Ja-Tinha-Visto Portugues::Verbos::-ER Portugues::Verbos::Mas-Que-Perfeito Portugues::Verbos::Mas-Que-Perfeito::-ER Portugues::Verbos::Tempo::Indicativo
Correr + Mais-que-Perfeito	Correr	<b><span style="color: rgb(255, 85, 0);">Mais-que-Perfeito</span></b>	tinha corrido	tinhas corrido	tinha corrido	tínhamos corrido	tinham corrido						/ˈtiɲɐ kuˈʁidu/	/ˈtiɲɐʃ kuˈʁidu/	/ˈtiɲɐʃ kuˈʁidu/	/ˈtiɲɐmuʃ kuˈʁidu/	/ˈtiɲɐ̃w̃ kuˈʁidu/							Curso::2A2::U5-Eu-Ja-Tinha-Visto Portugues::Verbos::-ER Portugues::Verbos::Mas-Que-Perfeito Portugues::Verbos::Mas-Que-Perfeito::-ER Portugues::Verbos::Tempo::Indicativo
Decidir + Mais-que-Perfeito	Decidir	<b><span style="color: rgb(255, 85, 0);">Mais-que-Perfeito</span></b>	tinha decidido	tinhas decidido	tinha decidido	tínhamos decidido	tinham decidido						/ˈtiɲɐ dɨsiˈdidu/	/ˈtiɲɐʒ dɨsiˈdidu/	/ˈtiɲɐʒ dɨsiˈdidu/	/ˈtiɲɐmuʒ dɨsiˈdidu/	/ˈtiɲɐ̃w̃ dɨsiˈdidu/							Curso::2A2::U5-Eu-Ja-Tinha-Visto Portugues::Verbos::-IR Portugues::Verbos::Mas-Que-Perfeito Portugues::Verbos::Mas-Que-Perfeito::-IR Portugues::Verbos::Tempo::Indicativo
Defender + Mais-que-Perfeito	Defender	<b><span style="color: rgb(255, 85, 0);">Mais-que-Perfeito</span></b>	tinha defendido	tinhas defendido	tinha defendido	tínhamos defendido	tinham defendido						/ˈtiɲɐ dɨfẽˈdidu/	/ˈtiɲɐʒ dɨfẽˈdidu/	/ˈtiɲɐʒ dɨfẽˈdidu/	/ˈtiɲɐmuʒ dɨfẽˈdidu/	/ˈtiɲɐ̃w̃ dɨfẽˈdidu/							Curso::2A2::U5-Eu-Ja-Tinha-Visto Portugues::Verbos::-ER Portugues::Verbos::Mas-Que-Perfeito Portugues::Verbos::Mas-Que-Perfeito::-ER Portugues::Verbos::Tempo::Indicativo
Depender + Mais-que-Perfeito	Depender	<b><span style="color: rgb(255, 85, 0);">Mais-que-Perfeito</span></b>	tinha dependido	tinhas dependido	tinha dependido	tínhamos dependido	tinham dependido						/ˈtiɲɐ dɨpẽˈdidu/	/ˈtiɲɐʒ dɨpẽˈdidu/	/ˈtiɲɐʒ dɨpẽˈdidu/	/ˈtiɲɐmuʒ dɨpẽˈdidu/	/ˈtiɲɐ̃w̃ dɨpẽˈdidu/							Curso::2A2::U5-Eu-Ja-Tinha-Visto Portugues::Verbos::-ER Portugues::Verbos::Mas-Que-Perfeito Portugues::Verbos::Mas-Que-Perfeito::-ER Portugues::Verbos::Tempo::Indicativo
Descer + Mais-que-Perfeito	Descer	<b><span style="color: rgb(255, 85, 0);">Mais-que-Perfeito</span></b>	tinha descido	tinhas descido	tinha descido	tínhamos descido	tinham descido						/ˈtiɲɐ dɨˈʃsidu/	/ˈtiɲɐʒ dɨˈʃsidu/	/ˈtiɲɐʒ dɨˈʃsidu/	/ˈtiɲɐmuʒ dɨˈʃsidu/	/ˈtiɲɐ̃w̃ dɨˈʃsidu/							Curso::2A2::U5-Eu-Ja-Tinha-Visto Portugues::Verbos::-ER Portugues::Verbos::Mas-Que-Perfeito Portugues::Verbos::Mas-Que-Perfeito::-ER Portugues::Verbos::Tempo::Indicativo
Esquecer + Mais-que-Perfeito	Esquecer	<b><span style="color: rgb(255, 85, 0);">Mais-que-Perfeito</span></b>	tinha esquecido	tinhas esquecido	tinha esquecido	tínhamos esquecido	tinham esquecido						/ˈtiɲɐ skɨˈsidu/	/ˈtiɲɐʃ skɨˈsidu/	/ˈtiɲɐʃ skɨˈsidu/	/ˈtiɲɐmuʃ skɨˈsidu/	/ˈtiɲɐ̃w̃ skɨˈsidu/							Curso::2A2::U5-Eu-Ja-Tinha-Visto Portugues::Verbos::-ER Portugues::Verbos::Mas-Que-Perfeito Portugues::Verbos::Mas-Que-Perfeito::-ER Portugues::Verbos::Tempo::Indicativo
Ler + Mais-que-Perfeito	Ler	<b><span style="color: rgb(255, 85, 0);">Mais-que-Perfeito</span></b>	tinha lido	tinhas lido	tinha lido	tínhamos lido	tinham lido						/ˈtiɲɐ ˈlidu/	/ˈtiɲɐʒ ˈlidu/	/ˈtiɲɐʒ ˈlidu/	/ˈtiɲɐmuʒ ˈlidu/	/ˈtiɲɐ̃w̃ ˈlidu/							Curso::2A2::U5-Eu-Ja-Tinha-Visto Portugues::Verbos::-ER Portugues::Verbos::Mas-Que-Perfeito Portugues::Verbos::Mas-Que-Perfeito::-ER Portugues::Verbos::Tempo::Indicativo
Merecer + Mais-que-Perfeito	Merecer	<b><span style="color: rgb(255, 85, 0);">Mais-que-Perfeito</span></b>	tinha merecido	tinhas merecido	tinha merecido	tínhamos merecido	tinham merecido						/ˈtiɲɐ mɨɾɨˈsidu/	/ˈtiɲɐʒ mɨɾɨˈsidu/	/ˈtiɲɐʒ mɨɾɨˈsidu/	/ˈtiɲɐmuʒ mɨɾɨˈsidu/	/ˈtiɲɐ̃w̃ mɨɾɨˈsidu/							Curso::2A2::U5-Eu-Ja-Tinha-Visto Portugues::Verbos::-ER Portugues::Verbos::Mas-Que-Perfeito Portugues::Verbos::Mas-Que-Perfeito::-ER Portugues::Verbos::Tempo::Indicativo
Oferecer + Mais-que-Perfeito	Oferecer	<b><span style="color: rgb(255, 85, 0);">Mais-que-Perfeito</span></b>	tinha oferecido	tinhas oferecido	tinha oferecido	tínhamos oferecido	tinham oferecido						/ˈtiɲɐ ofɨɾɨˈsidu/	/ˈtiɲɐz ofɨɾɨˈsidu/	/ˈtiɲɐz ofɨɾɨˈsidu/	/ˈtiɲɐmuz ofɨɾɨˈsidu/	/ˈtiɲɐ̃w̃ ofɨɾɨˈsidu/							Curso::2A2::U5-Eu-Ja-Tinha-Visto Portugues::Verbos::-ER Portugues::Verbos::Mas-Que-Perfeito Portugues::Verbos::Mas-Que-Perfeito::-ER Portugues::Verbos::Tempo::Indicativo
Perder + Mais-que-Perfeito	Perder	<b><span style="color: rgb(255, 85, 0);">Mais-que-Perfeito</span></b>	tinha perdido	tinhas perdido	tinha perdido	tínhamos perdido	tinham perdido						/ˈtiɲɐ pɨɾˈdidu/	/ˈtiɲɐʃ pɨɾˈdidu/	/ˈtiɲɐʃ pɨɾˈdidu/	/ˈtiɲɐmuʃ pɨɾˈdidu/	/ˈtiɲɐ̃w̃ pɨɾˈdidu/							Curso::2A2::U5-Eu-Ja-Tinha-Visto Portugues::Verbos::-ER Portugues::Verbos::Mas-Que-Perfeito Portugues::Verbos::Mas-Que-Perfeito::-ER Portugues::Verbos::Tempo::Indicativo
Prometer + Mais-que-Perfeito	Prometer	<b><span style="color: rgb(255, 85, 0);">Mais-que-Perfeito</span></b>	tinha prometido	tinhas prometido	tinha prometido	tínhamos prometido	tinham prometido						/ˈtiɲɐ pɾumɨˈtidu/	/ˈtiɲɐʃ pɾumɨˈtidu/	/ˈtiɲɐʃ pɾumɨˈtidu/	/ˈtiɲɐmuʃ pɾumɨˈtidu/	/ˈtiɲɐ̃w̃ pɾumɨˈtidu/							Curso::2A2::U5-Eu-Ja-Tinha-Visto Portugues::Verbos::-ER Portugues::Verbos::Mas-Que-Perfeito Portugues::Verbos::Mas-Que-Perfeito::-ER Portugues::Verbos::Tempo::Indicativo
Receber + Mais-que-Perfeito	Receber	<b><span style="color: rgb(255, 85, 0);">Mais-que-Perfeito</span></b>	tinha recebido	tinhas recebido	tinha recebido	tínhamos recebido	tinham recebido						/ˈtiɲɐ ʁɨsɨˈbidu/	/ˈtiɲɐʒ ʁɨsɨˈbidu/	/ˈtiɲɐʒ ʁɨsɨˈbidu/	/ˈtiɲɐmuʒ ʁɨsɨˈbidu/	/ˈtiɲɐ̃w̃ ʁɨsɨˈbidu/							Curso::2A2::U5-Eu-Ja-Tinha-Visto Portugues::Verbos::-ER Portugues::Verbos::Mas-Que-Perfeito Portugues::Verbos::Mas-Que-Perfeito::-ER Portugues::Verbos::Tempo::Indicativo
Responder + Mais-que-Perfeito	Responder	<b><span style="color: rgb(255, 85, 0);">Mais-que-Perfeito</span></b>	tinha respondido	tinhas respondido	tinha respondido	tínhamos respondido	tinham respondido						/ˈtiɲɐ ʁɨʃpõˈdidu/	/ˈtiɲɐʒ ʁɨʃpõˈdidu/	/ˈtiɲɐʒ ʁɨʃpõˈdidu/	/ˈtiɲɐmuʒ ʁɨʃpõˈdidu/	/ˈtiɲɐ̃w̃ ʁɨʃpõˈdidu/							Curso::2A2::U5-Eu-Ja-Tinha-Visto Portugues::Verbos::-ER Portugues::Verbos::Mas-Que-Perfeito Portugues::Verbos::Mas-Que-Perfeito::-ER Portugues::Verbos::Tempo::Indicativo
Vender + Mais-que-Perfeito	Vender	<b><span style="color: rgb(255, 85, 0);">Mais-que-Perfeito</span></b>	tinha vendido	tinhas vendido	tinha vendido	tínhamos vendido	tinham vendido						/ˈtiɲɐ vẽˈdidu/	/ˈtiɲɐʒ vẽˈdidu/	/ˈtiɲɐʒ vẽˈdidu/	/ˈtiɲɐmuʒ vẽˈdidu/	/ˈtiɲɐ̃w̃ vẽˈdidu/							Curso::2A2::U5-Eu-Ja-Tinha-Visto Portugues::Verbos::-ER Portugues::Verbos::Mas-Que-Perfeito Portugues::Verbos::Mas-Que-Perfeito::-ER Portugues::Verbos::Tempo::Indicativo
Viver + Mais-que-Perfeito	Viver	<b><span style="color: rgb(255, 85, 0);">Mais-que-Perfeito</span></b>	tinha vivido	tinhas vivido	tinha vivido	tínhamos vivido	tinham vivido						/ˈtiɲɐ viˈvidu/	/ˈtiɲɐʒ viˈvidu/	/ˈtiɲɐʒ viˈvidu/	/ˈtiɲɐmuʒ viˈvidu/	/ˈtiɲɐ̃w̃ viˈvidu/							Curso::2A2::U5-Eu-Ja-Tinha-Visto Portugues::Verbos::-ER Portugues::Verbos::Mas-Que-Perfeito Portugues::Verbos::Mas-Que-Perfeito::-ER Portugues::Verbos::Tempo::Indicativo
Assistir + Mais-que-Perfeito	Assistir	<b><span style="color: rgb(255, 85, 0);">Mais-que-Perfeito</span></b>	tinha assistido	tinhas assistido	tinha assistido	tínhamos assistido	tinham assistido						/ˈtiɲɐ ɐsiˈʃtidu/	/ˈtiɲɐz ɐsiˈʃtidu/	/ˈtiɲɐz ɐsiˈʃtidu/	/ˈtiɲɐmuz ɐsiˈʃtidu/	/ˈtiɲɐ̃w̃ ɐsiˈʃtidu/							Curso::2A2::U5-Eu-Ja-Tinha-Visto Portugues::Verbos::Mas-Que-Perfeito Portugues::Verbos::Mas-Que-Perfeito::-IR Portugues::Verbos::Tempo::Indicativo
Cobrir + Mais-que-Perfeito	Cobrir	<b><span style="color: rgb(255, 85, 0);">Mais-que-Perfeito</span></b>	tinha coberto	tinhas coberto	tinha coberto	tínhamos coberto	tinham coberto						/ˈtiɲɐ kuˈbɛɾtu/	/ˈtiɲɐʃ kuˈbɛɾtu/	/ˈtiɲɐʃ kuˈbɛɾtu/	/ˈtiɲɐmuʃ kuˈbɛɾtu/	/ˈtiɲɐ̃w̃ kuˈbɛɾtu/							Curso::2A2::U5-Eu-Ja-Tinha-Visto Portugues::Verbos::Mas-Que-Perfeito Portugues::Verbos::Mas-Que-Perfeito::-IR Portugues::Verbos::Tempo::Indicativo
Competir + Mais-que-Perfeito	Competir	<b><span style="color: rgb(255, 85, 0);">Mais-que-Perfeito</span></b>	tinha competido	tinhas competido	tinha competido	tínhamos competido	tinham competido						/ˈtiɲɐ kõpɨˈtidu/	/ˈtiɲɐʃ kõpɨˈtidu/	/ˈtiɲɐʃ kõpɨˈtidu/	/ˈtiɲɐmuʃ kõpɨˈtidu/	/ˈtiɲɐ̃w̃ kõpɨˈtidu/							Curso::2A2::U5-Eu-Ja-Tinha-Visto Portugues::Verbos::Mas-Que-Perfeito Portugues::Verbos::Mas-Que-Perfeito::-IR Portugues::Verbos::Tempo::Indicativo
Consentir + Mais-que-Perfeito	Consentir	<b><span style="color: rgb(255, 85, 0);">Mais-que-Perfeito</span></b>	tinha consentido	tinhas consentido	tinha consentido	tínhamos consentido	tinham consentido						/ˈtiɲɐ kõsẽˈtidu/	/ˈtiɲɐʃ kõsẽˈtidu/	/ˈtiɲɐʃ kõsẽˈtidu/	/ˈtiɲɐmuʃ kõsẽˈtidu/	/ˈtiɲɐ̃w̃ kõsẽˈtidu/							Curso::2A2::U5-Eu-Ja-Tinha-Visto Portugues::Verbos::Mas-Que-Perfeito Portugues::Verbos::Mas-Que-Perfeito::-IR Portugues::Verbos::Tempo::Indicativo
Construir + Mais-que-Perfeito	Construir	<b><span style="color: rgb(255, 85, 0);">Mais-que-Perfeito</span></b>	tinha construído	tinhas construído	tinha construído	tínhamos construído	tinham construído						/ˈtiɲɐ kõʃtɾuˈidu/	/ˈtiɲɐʃ kõʃtɾuˈidu/	/ˈtiɲɐʃ kõʃtɾuˈidu/	/ˈtiɲɐmuʃ kõʃtɾuˈidu/	/ˈtiɲɐ̃w̃ kõʃtɾuˈidu/							Curso::2A2::U5-Eu-Ja-Tinha-Visto Portugues::Verbos::Mas-Que-Perfeito Portugues::Verbos::Mas-Que-Perfeito::-IR Portugues::Verbos::Tempo::Indicativo
Corrigir + Mais-que-Perfeito	Corrigir	<b><span style="color: rgb(255, 85, 0);">Mais-que-Perfeito</span></b>	tinha corrigido	tinhas corrigido	tinha corrigido	tínhamos corrigido	tinham corrigido						/ˈtiɲɐ kuʁiˈʒidu/	/ˈtiɲɐʃ kuʁiˈʒidu/	/ˈtiɲɐʃ kuʁiˈʒidu/	/ˈtiɲɐmuʃ kuʁiˈʒidu/	/ˈtiɲɐ̃w̃ kuʁiˈʒidu/							Curso::2A2::U5-Eu-Ja-Tinha-Visto Portugues::Verbos::Mas-Que-Perfeito Portugues::Verbos::Mas-Que-Perfeito::-IR Portugues::Verbos::Tempo::Indicativo
Definir + Mais-que-Perfeito	Definir	<b><span style="color: rgb(255, 85, 0);">Mais-que-Perfeito</span></b>	tinha definido	tinhas definido	tinha definido	tínhamos definido	tinham definido						/ˈtiɲɐ dɨfiˈnidu/	/ˈtiɲɐʒ dɨfiˈnidu/	/ˈtiɲɐʒ dɨfiˈnidu/	/ˈtiɲɐmuʒ dɨfiˈnidu/	/ˈtiɲɐ̃w̃ dɨfiˈnidu/							Curso::2A2::U5-Eu-Ja-Tinha-Visto Portugues::Verbos::Mas-Que-Perfeito Portugues::Verbos::Mas-Que-Perfeito::-IR Portugues::Verbos::Tempo::Indicativo
Demolir + Mais-que-Perfeito	Demolir	<b><span style="color: rgb(255, 85, 0);">Mais-que-Perfeito</span></b>	tinha demolido	tinhas demolido	tinha demolido	tínhamos demolido	tinham demolido						/ˈtiɲɐ dɨmuˈlidu/	/ˈtiɲɐʒ dɨmuˈlidu/	/ˈtiɲɐʒ dɨmuˈlidu/	/ˈtiɲɐmuʒ dɨmuˈlidu/	/ˈtiɲɐ̃w̃ dɨmuˈlidu/							Curso::2A2::U5-Eu-Ja-Tinha-Visto Portugues::Verbos::Mas-Que-Perfeito Portugues::Verbos::Mas-Que-Perfeito::-IR Portugues::Verbos::Tempo::Indicativo
Desistir + Mais-que-Perfeito	Desistir	<b><span style="color: rgb(255, 85, 0);">Mais-que-Perfeito</span></b>	tinha desistido	tinhas desistido	tinha desistido	tínhamos desistido	tinham desistido						/ˈtiɲɐ dɨziˈʃtidu/	/ˈtiɲɐʒ dɨziˈʃtidu/	/ˈtiɲɐʒ dɨziˈʃtidu/	/ˈtiɲɐmuʒ dɨziˈʃtidu/	/ˈtiɲɐ̃w̃ dɨziˈʃtidu/							Curso::2A2::U5-Eu-Ja-Tinha-Visto Portugues::Verbos::Mas-Que-Perfeito Portugues::Verbos::Mas-Que-Perfeito::-IR Portugues::Verbos::Tempo::Indicativo
Dividir + Mais-que-Perfeito	Dividir	<b><span style="color: rgb(255, 85, 0);">Mais-que-Perfeito</span></b>	tinha dividido	tinhas dividido	tinha dividido	tínhamos dividido	tinham dividido						/ˈtiɲɐ diviˈdidu/	/ˈtiɲɐʒ diviˈdidu/	/ˈtiɲɐʒ diviˈdidu/	/ˈtiɲɐmuʒ diviˈdidu/	/ˈtiɲɐ̃w̃ diviˈdidu/							Curso::2A2::U5-Eu-Ja-Tinha-Visto Portugues::Verbos::Mas-Que-Perfeito Portugues::Verbos::Mas-Que-Perfeito::-IR Portugues::Verbos::Tempo::Indicativo
Imprimir + Mais-que-Perfeito	Imprimir	<b><span style="color: rgb(255, 85, 0);">Mais-que-Perfeito</span></b>	tinha imprimido/tinha impresso	tinhas imprimido/tinhas impresso	tinha imprimido/tinha impresso	tínhamos imprimido/tínhamos impresso	tinham imprimido/tinham impresso						/ˈtiɲɐ ĩpɾimiduˈtiɲɐ ĩˈpɾɛsu/	/ˈtiɲɐʃ ĩpɾimiduˈtiɲɐʃ ĩˈpɾɛsu/	/ˈtiɲɐʃ ĩpɾimiduˈtiɲɐʃ ĩˈpɾɛsu/	/ˈtiɲɐmuʃ ĩpɾimiduˈtiɲɐmuʃ ĩˈpɾɛsu/	/ˈtiɲɐ̃w̃ ĩpɾimiduˈtiɲɐ̃w̃ ĩˈpɾɛsu/							Curso::2A2::U5-Eu-Ja-Tinha-Visto Portugues::Verbos::Mas-Que-Perfeito Portugues::Verbos::Mas-Que-Perfeito::-IR Portugues::Verbos::Tempo::Indicativo
Incluir + Mais-que-Perfeito	Incluir	<b><span style="color: rgb(255, 85, 0);">Mais-que-Perfeito</span></b>	tinha incluído	tinhas incluído	tinha incluído	tínhamos incluído	tinham incluído						/ˈtiɲɐ ĩkluˈidu/	/ˈtiɲɐʃ ĩkluˈidu/	/ˈtiɲɐʃ ĩkluˈidu/	/ˈtiɲɐmuʃ ĩkluˈidu/	/ˈtiɲɐ̃w̃ ĩkluˈidu/							Curso::2A2::U5-Eu-Ja-Tinha-Visto Portugues::Verbos::Mas-Que-Perfeito Portugues::Verbos::Mas-Que-Perfeito::-IR Portugues::Verbos::Tempo::Indicativo
Omitir + Mais-que-Perfeito	Omitir	<b><span style="color: rgb(255, 85, 0);">Mais-que-Perfeito</span></b>	tinha omitido	tinhas omitido	tinha omitido	tínhamos omitido	tinham omitido						/ˈtiɲɐ omiˈtidu/	/ˈtiɲɐz omiˈtidu/	/ˈtiɲɐz omiˈtidu/	/ˈtiɲɐmuz omiˈtidu/	/ˈtiɲɐ̃w̃ omiˈtidu/							Curso::2A2::U5-Eu-Ja-Tinha-Visto Portugues::Verbos::Mas-Que-Perfeito Portugues::Verbos::Mas-Que-Perfeito::-IR Portugues::Verbos::Tempo::Indicativo
Partir + Mais-que-Perfeito	Partir	<b><span style="color: rgb(255, 85, 0);">Mais-que-Perfeito</span></b>	tinha partido	tinhas partido	tinha partido	tínhamos partido	tinham partido						/ˈtiɲɐ pɐɾˈtidu/	/ˈtiɲɐʃ pɐɾˈtidu/	/ˈtiɲɐʃ pɐɾˈtidu/	/ˈtiɲɐmuʃ pɐɾˈtidu/	/ˈtiɲɐ̃w̃ pɐɾˈtidu/							Curso::2A2::U5-Eu-Ja-Tinha-Visto Portugues::Verbos::Mas-Que-Perfeito Portugues::Verbos::Mas-Que-Perfeito::-IR Portugues::Verbos::Tempo::Indicativo
Permitir + Mais-que-Perfeito	Permitir	<b><span style="color: rgb(255, 85, 0);">Mais-que-Perfeito</span></b>	tinha permitido	tinhas permitido	tinha permitido	tínhamos permitido	tinham permitido						/ˈtiɲɐ pɨɾmiˈtidu/	/ˈtiɲɐʃ pɨɾmiˈtidu/	/ˈtiɲɐʃ pɨɾmiˈtidu/	/ˈtiɲɐmuʃ pɨɾmiˈtidu/	/ˈtiɲɐ̃w̃ pɨɾmiˈtidu/							Curso::2A2::U5-Eu-Ja-Tinha-Visto Portugues::Verbos::Mas-Que-Perfeito Portugues::Verbos::Mas-Que-Perfeito::-IR Portugues::Verbos::Tempo::Indicativo
Repetir + Mais-que-Perfeito	Repetir	<b><span style="color: rgb(255, 85, 0);">Mais-que-Perfeito</span></b>	tinha repetido	tinhas repetido	tinha repetido	tínhamos repetido	tinham repetido						/ˈtiɲɐ ʁɨpɨˈtidu/	/ˈtiɲɐʒ ʁɨpɨˈtidu/	/ˈtiɲɐʒ ʁɨpɨˈtidu/	/ˈtiɲɐmuʒ ʁɨpɨˈtidu/	/ˈtiɲɐ̃w̃ ʁɨpɨˈtidu/							Curso::2A2::U5-Eu-Ja-Tinha-Visto Portugues::Verbos::Mas-Que-Perfeito Portugues::Verbos::Mas-Que-Perfeito::-IR Portugues::Verbos::Tempo::Indicativo
Servir + Mais-que-Perfeito	Servir	<b><span style="color: rgb(255, 85, 0);">Mais-que-Perfeito</span></b>	tinha servido	tinhas servido	tinha servido	tínhamos servido	tinham servido						/ˈtiɲɐ sɨɾˈvidu/	/ˈtiɲɐʃ sɨɾˈvidu/	/ˈtiɲɐʃ sɨɾˈvidu/	/ˈtiɲɐmuʃ sɨɾˈvidu/	/ˈtiɲɐ̃w̃ sɨɾˈvidu/							Curso::2A2::U5-Eu-Ja-Tinha-Visto Portugues::Verbos::Mas-Que-Perfeito Portugues::Verbos::Mas-Que-Perfeito::-IR Portugues::Verbos::Tempo::Indicativo
Lembrar-se + Mais-que-Perfeito	Lembrar-se	<b><span style="color: rgb(255, 85, 0);">Mais-que-Perfeito</span></b>	tinha me lembrado	tinhas te lembrado	tinha se lembrado	tínhamos nos lembrado	tinham se lembrado						/ˈtiɲɐ ˈmɛ lẽˈbɾadu/	/ˈtiɲɐʃ ˈtɛ lẽˈbɾadu/	/ˈtiɲɐʃ ˈtɛ lẽˈbɾadu/	/ˈtiɲɐmuʒ ˈnɔʒ lẽˈbɾadu/	/ˈtiɲɐ̃w̃ sɨ lẽˈbɾadu/							Curso::2A2::U5-Eu-Ja-Tinha-Visto Portugues::Verbos::Mas-Que-Perfeito Portugues::Verbos::Mas-Que-Perfeito::-AR Portugues::Verbos::Mas-Que-Perfeito::Reflexos Portugues::Verbos::Reflexos Portugues::Verbos::Tempo::Indicativo
Levantar-se + Mais-que-Perfeito	Levantar-se	<b><span style="color: rgb(255, 85, 0);">Mais-que-Perfeito</span></b>	tinha me levantado	tinhas te levantado	tinha se levantado	tínhamos nos levantado	tinham se levantado						/ˈtiɲɐ ˈmɛ lɨvɐ̃ˈtadu/	/ˈtiɲɐʃ ˈtɛ lɨvɐ̃ˈtadu/	/ˈtiɲɐʃ ˈtɛ lɨvɐ̃ˈtadu/	/ˈtiɲɐmuʒ ˈnɔʒ lɨvɐ̃ˈtadu/	/ˈtiɲɐ̃w̃ sɨ lɨvɐ̃ˈtadu/							Curso::2A2::U5-Eu-Ja-Tinha-Visto Portugues::Verbos::Mas-Que-Perfeito Portugues::Verbos::Mas-Que-Perfeito::-AR Portugues::Verbos::Mas-Que-Perfeito::Reflexos Portugues::Verbos::Reflexos Portugues::Verbos::Tempo::Indicativo
Sentar-se + Mais-que-Perfeito	Sentar-se	<b><span style="color: rgb(255, 85, 0);">Mais-que-Perfeito</span></b>	tinha me sentado	tinhas te sentado	tinha se sentado	tínhamos nos sentado	tinham se sentado						/ˈtiɲɐ ˈmɛ sẽˈtadu/	/ˈtiɲɐʃ ˈtɛ sẽˈtadu/	/ˈtiɲɐʃ ˈtɛ sẽˈtadu/	/ˈtiɲɐmuʒ ˈnɔʃ sẽˈtadu/	/ˈtiɲɐ̃w̃ sɨ sẽˈtadu/							Curso::2A2::U5-Eu-Ja-Tinha-Visto Portugues::Verbos::Mas-Que-Perfeito Portugues::Verbos::Mas-Que-Perfeito::-AR Portugues::Verbos::Mas-Que-Perfeito::Reflexos Portugues::Verbos::Reflexos Portugues::Verbos::Tempo::Indicativo
Vestir-se + Mais-que-Perfeito	Vestir-se	<b><span style="color: rgb(255, 85, 0);">Mais-que-Perfeito</span></b>	tinha me vestido	tinhas te vestido	tinha se vestido	tínhamos nos vestido	tinham se vestido						/ˈtiɲɐ ˈmɛ vɨˈʃtidu/	/ˈtiɲɐʃ ˈtɛ vɨˈʃtidu/	/ˈtiɲɐʃ ˈtɛ vɨˈʃtidu/	/ˈtiɲɐmuʒ ˈnɔʒ vɨˈʃtidu/	/ˈtiɲɐ̃w̃ sɨ vɨˈʃtidu/							Curso::2A2::U5-Eu-Ja-Tinha-Visto Portugues::Verbos::Mas-Que-Perfeito Portugues::Verbos::Mas-Que-Perfeito::-IR Portugues::Verbos::Mas-Que-Perfeito::Reflexos Portugues::Verbos::Reflexos Portugues::Verbos::Tempo::Indicativo
Esquecer-se + Mais-que-Perfeito	Esquecer-se	<b><span style="color: rgb(255, 85, 0);">Mais-que-Perfeito</span></b>	tinha me esquecido/tinha me esquecido	tinhas te esquecido/tinhas te esquecido	tinha se esquecido/tinha se esquecido	tínhamos nos esquecido/tínhamos nos esquecido	tinham se esquecido/tinham se esquecido						/ˈtiɲɐ ˈmɛ skɨsiduˈtiɲɐ ˈmɛ skɨˈsidu/	/ˈtiɲɐʃ ˈtɛ skɨsiduˈtiɲɐʃ ˈtɛ skɨˈsidu/	/ˈtiɲɐʃ ˈtɛ skɨsiduˈtiɲɐʃ ˈtɛ skɨˈsidu/	/ˈtiɲɐmuʒ ˈnɔʃ skɨsiduˈtiɲɐmuʒ ˈnɔʃ skɨˈsidu/	/ˈtiɲɐ̃w̃ sɨ skɨsiduˈtiɲɐ̃w̃ sɨ skɨˈsidu/							Curso::2A2::U5-Eu-Ja-Tinha-Visto Portugues::Verbos::Mas-Que-Perfeito Portugues::Verbos::Mas-Que-Perfeito::-ER Portugues::Verbos::Mas-Que-Perfeito::Reflexos Portugues::Verbos::Reflexos Portugues::Verbos::Tempo::Indicativo
Machucar-se + Mais-que-Perfeito	Machucar-se	<b><span style="color: rgb(255, 85, 0);">Mais-que-Perfeito</span></b>	tinha me machucado	tinhas te machucado	tinha se machucado	tínhamos nos machucado	tinham se machucado						/ˈtiɲɐ ˈmɛ mɐʃuˈkadu/	/ˈtiɲɐʃ ˈtɛ mɐʃuˈkadu/	/ˈtiɲɐʃ ˈtɛ mɐʃuˈkadu/	/ˈtiɲɐmuʒ ˈnɔʒ mɐʃuˈkadu/	/ˈtiɲɐ̃w̃ sɨ mɐʃuˈkadu/							Curso::2A2::U5-Eu-Ja-Tinha-Visto Portugues::Verbos::Mas-Que-Perfeito Portugues::Verbos::Mas-Que-Perfeito::-AR Portugues::Verbos::Mas-Que-Perfeito::Reflexos Portugues::Verbos::Reflexos Portugues::Verbos::Tempo::Indicativo
Arrepender-se + Mais-que-Perfeito	Arrepender-se	<b><span style="color: rgb(255, 85, 0);">Mais-que-Perfeito</span></b>	tinha me arrependido	tinhas te arrependido	tinha se arrependido	tínhamos nos arrependido	tinham se arrependido						/ˈtiɲɐ ˈmɛ ɐʁɨpẽˈdidu/	/ˈtiɲɐʃ ˈtɛ ɐʁɨpẽˈdidu/	/ˈtiɲɐʃ ˈtɛ ɐʁɨpẽˈdidu/	/ˈtiɲɐmuʒ ˈnɔz ɐʁɨpẽˈdidu/	/ˈtiɲɐ̃w̃ sɨ ɐʁɨpẽˈdidu/							Curso::2A2::U5-Eu-Ja-Tinha-Visto Portugues::Verbos::Mas-Que-Perfeito Portugues::Verbos::Mas-Que-Perfeito::-ER Portugues::Verbos::Mas-Que-Perfeito::Reflexos Portugues::Verbos::Reflexos Portugues::Verbos::Tempo::Indicativo
Despedir-se + Mais-que-Perfeito	Despedir-se	<b><span style="color: rgb(255, 85, 0);">Mais-que-Perfeito</span></b>	tinha me despedido	tinhas te despedido	tinha se despedido	tínhamos nos despedido	tinham se despedido						/ˈtiɲɐ ˈmɛ dɨʃpɨˈdidu/	/ˈtiɲɐʃ ˈtɛ dɨʃpɨˈdidu/	/ˈtiɲɐʃ ˈtɛ dɨʃpɨˈdidu/	/ˈtiɲɐmuʒ ˈnɔʒ dɨʃpɨˈdidu/	/ˈtiɲɐ̃w̃ sɨ dɨʃpɨˈdidu/							Curso::2A2::U5-Eu-Ja-Tinha-Visto Portugues::Verbos::Mas-Que-Perfeito Portugues::Verbos::Mas-Que-Perfeito::Reflexos Portugues::Verbos::Reflexos Portugues::Verbos::Tempo::Indicativo
Divertir-se + Mais-que-Perfeito	Divertir-se	<b><span style="color: rgb(255, 85, 0);">Mais-que-Perfeito</span></b>	tinha me divertido	tinhas te divertido	tinha se divertido	tínhamos nos divertido	tinham se divertido						/ˈtiɲɐ ˈmɛ divɨɾˈtidu/	/ˈtiɲɐʃ ˈtɛ divɨɾˈtidu/	/ˈtiɲɐʃ ˈtɛ divɨɾˈtidu/	/ˈtiɲɐmuʒ ˈnɔʒ divɨɾˈtidu/	/ˈtiɲɐ̃w̃ sɨ divɨɾˈtidu/							Curso::2A2::U5-Eu-Ja-Tinha-Visto Portugues::Verbos::Mas-Que-Perfeito Portugues::Verbos::Mas-Que-Perfeito::-IR Portugues::Verbos::Mas-Que-Perfeito::Reflexos Portugues::Verbos::Reflexos Portugues::Verbos::Tempo::Indicativo
Enganar-se + Mais-que-Perfeito	Enganar-se	<b><span style="color: rgb(255, 85, 0);">Mais-que-Perfeito</span></b>	tinha me enganado	tinhas te enganado	tinha se enganado	tínhamos nos enganado	tinham se enganado						/ˈtiɲɐ ˈmɛ ẽɡɐˈnadu/	/ˈtiɲɐʃ ˈtɛ ẽɡɐˈnadu/	/ˈtiɲɐʃ ˈtɛ ẽɡɐˈnadu/	/ˈtiɲɐmuʒ ˈnɔʃ ẽɡɐˈnadu/	/ˈtiɲɐ̃w̃ sɨ ẽɡɐˈnadu/							Curso::2A2::U5-Eu-Ja-Tinha-Visto Portugues::Verbos::Mas-Que-Perfeito Portugues::Verbos::Mas-Que-Perfeito::-AR Portugues::Verbos::Mas-Que-Perfeito::Reflexos Portugues::Verbos::Reflexos Portugues::Verbos::Tempo::Indicativo
Chamar-se + Mais-que-Perfeito	Chamar-se	<b><span style="color: rgb(255, 85, 0);">Mais-que-Perfeito</span></b>	tinha me chamado	tinhas te chamado	tinha se chamado	tínhamos nos chamado	tinham se chamado						/ˈtiɲɐ ˈmɛ ʃɐˈmadu/	/ˈtiɲɐʃ ˈtɛ ʃɐˈmadu/	/ˈtiɲɐʃ ˈtɛ ʃɐˈmadu/	/ˈtiɲɐmuʒ ˈnɔʃ ʃɐˈmadu/	/ˈtiɲɐ̃w̃ sɨ ʃɐˈmadu/							Curso::2A2::U5-Eu-Ja-Tinha-Visto Portugues::Verbos::Mas-Que-Perfeito Portugues::Verbos::Mas-Que-Perfeito::-AR Portugues::Verbos::Mas-Que-Perfeito::Reflexos Portugues::Verbos::Reflexos Portugues::Verbos::Tempo::Indicativo
Compôr + Mais-que-Perfeito	Compôr	<b><span style="color: rgb(255, 85, 0);">Mais-que-Perfeito</span></b>	tinha composto	tinhas composto	tinha composto	tínhamos composto	tinham composto						/ˈtiɲɐ kõˈpɔʃtu/	/ˈtiɲɐʃ kõˈpɔʃtu/	/ˈtiɲɐʃ kõˈpɔʃtu/	/ˈtiɲɐmuʃ kõˈpɔʃtu/	/ˈtiɲɐ̃w̃ kõˈpɔʃtu/							Curso::2A2::U5-Eu-Ja-Tinha-Visto Portugues::Verbos::Irregulares Portugues::Verbos::Mas-Que-Perfeito Portugues::Verbos::Mas-Que-Perfeito::Derivados Portugues::Verbos::Tempo::Indicativo
Depôr + Mais-que-Perfeito	Depôr	<b><span style="color: rgb(255, 85, 0);">Mais-que-Perfeito</span></b>	tinha deposto	tinhas deposto	tinha deposto	tínhamos deposto	tinham deposto						/ˈtiɲɐ dɨˈpɔʃtu/	/ˈtiɲɐʒ dɨˈpɔʃtu/	/ˈtiɲɐʒ dɨˈpɔʃtu/	/ˈtiɲɐmuʒ dɨˈpɔʃtu/	/ˈtiɲɐ̃w̃ dɨˈpɔʃtu/							Curso::2A2::U5-Eu-Ja-Tinha-Visto Portugues::Verbos::Irregulares Portugues::Verbos::Mas-Que-Perfeito Portugues::Verbos::Mas-Que-Perfeito::Derivados Portugues::Verbos::Tempo::Indicativo
Expor + Mais-que-Perfeito	Expor	<b><span style="color: rgb(255, 85, 0);">Mais-que-Perfeito</span></b>	tinha exposto	tinhas exposto	tinha exposto	tínhamos exposto	tinham exposto						/ˈtiɲɐ iˈʃpɔʃtu/	/ˈtiɲɐz iˈʃpɔʃtu/	/ˈtiɲɐz iˈʃpɔʃtu/	/ˈtiɲɐmuz iˈʃpɔʃtu/	/ˈtiɲɐ̃w̃ iˈʃpɔʃtu/							Curso::2A2::U5-Eu-Ja-Tinha-Visto Portugues::Verbos::-OR Portugues::Verbos::Derivados Portugues::Verbos::Derivados::POR Portugues::Verbos::Irregulares Portugues::Verbos::Mas-Que-Perfeito Portugues::Verbos::Mas-Que-Perfeito::-OR Portugues::Verbos::Mas-Que-Perfeito::Derivados Portugues::Verbos::Tempo::Indicativo
Impor + Mais-que-Perfeito	Impor	<b><span style="color: rgb(255, 85, 0);">Mais-que-Perfeito</span></b>	tinha imposto	tinhas imposto	tinha imposto	tínhamos imposto	tinham imposto						/ˈtiɲɐ ĩˈpoʃtu/	/ˈtiɲɐʃ ĩˈpoʃtu/	/ˈtiɲɐʃ ĩˈpoʃtu/	/ˈtiɲɐmuʃ ĩˈpoʃtu/	/ˈtiɲɐ̃w̃ ĩˈpoʃtu/							Curso::2A2::U5-Eu-Ja-Tinha-Visto Portugues::Verbos::-OR Portugues::Verbos::Derivados Portugues::Verbos::Derivados::POR Portugues::Verbos::Irregulares Portugues::Verbos::Mas-Que-Perfeito Portugues::Verbos::Mas-Que-Perfeito::-OR Portugues::Verbos::Mas-Que-Perfeito::Derivados Portugues::Verbos::Tempo::Indicativo
Opor + Mais-que-Perfeito	Opor	<b><span style="color: rgb(255, 85, 0);">Mais-que-Perfeito</span></b>	tinha oposto	tinhas oposto	tinha oposto	tínhamos oposto	tinham oposto						/ˈtiɲɐ oˈpɔʃtu/	/ˈtiɲɐz oˈpɔʃtu/	/ˈtiɲɐz oˈpɔʃtu/	/ˈtiɲɐmuz oˈpɔʃtu/	/ˈtiɲɐ̃w̃ oˈpɔʃtu/							Curso::2A2::U5-Eu-Ja-Tinha-Visto Portugues::Verbos::-OR Portugues::Verbos::Derivados Portugues::Verbos::Derivados::POR Portugues::Verbos::Irregulares Portugues::Verbos::Mas-Que-Perfeito Portugues::Verbos::Mas-Que-Perfeito::-OR Portugues::Verbos::Mas-Que-Perfeito::Derivados Portugues::Verbos::Tempo::Indicativo
Propor + Mais-que-Perfeito	Propor	<b><span style="color: rgb(255, 85, 0);">Mais-que-Perfeito</span></b>	tinha proposto	tinhas proposto	tinha proposto	tínhamos proposto	tinham proposto						/ˈtiɲɐ pɾuˈpɔʃtu/	/ˈtiɲɐʃ pɾuˈpɔʃtu/	/ˈtiɲɐʃ pɾuˈpɔʃtu/	/ˈtiɲɐmuʃ pɾuˈpɔʃtu/	/ˈtiɲɐ̃w̃ pɾuˈpɔʃtu/							Curso::2A2::U5-Eu-Ja-Tinha-Visto Portugues::Verbos::-OR Portugues::Verbos::Derivados Portugues::Verbos::Derivados::POR Portugues::Verbos::Irregulares Portugues::Verbos::Mas-Que-Perfeito Portugues::Verbos::Mas-Que-Perfeito::-OR Portugues::Verbos::Mas-Que-Perfeito::Derivados Portugues::Verbos::Tempo::Indicativo
Repor + Mais-que-Perfeito	Repor	<b><span style="color: rgb(255, 85, 0);">Mais-que-Perfeito</span></b>	tinha reposto	tinhas reposto	tinha reposto	tínhamos reposto	tinham reposto						/ˈtiɲɐ ʁɨˈpɔʃtu/	/ˈtiɲɐʒ ʁɨˈpɔʃtu/	/ˈtiɲɐʒ ʁɨˈpɔʃtu/	/ˈtiɲɐmuʒ ʁɨˈpɔʃtu/	/ˈtiɲɐ̃w̃ ʁɨˈpɔʃtu/							Curso::2A2::U5-Eu-Ja-Tinha-Visto Portugues::Verbos::-OR Portugues::Verbos::Derivados Portugues::Verbos::Derivados::POR Portugues::Verbos::Irregulares Portugues::Verbos::Mas-Que-Perfeito Portugues::Verbos::Mas-Que-Perfeito::-OR Portugues::Verbos::Mas-Que-Perfeito::Derivados Portugues::Verbos::Tempo::Indicativo
Supor + Mais-que-Perfeito	Supor	<b><span style="color: rgb(255, 85, 0);">Mais-que-Perfeito</span></b>	tinha suposto	tinhas suposto	tinha suposto	tínhamos suposto	tinham suposto						/ˈtiɲɐ suˈpɔʃtu/	/ˈtiɲɐʃ suˈpɔʃtu/	/ˈtiɲɐʃ suˈpɔʃtu/	/ˈtiɲɐmuʃ suˈpɔʃtu/	/ˈtiɲɐ̃w̃ suˈpɔʃtu/							Curso::2A2::U5-Eu-Ja-Tinha-Visto Portugues::Verbos::-OR Portugues::Verbos::Derivados Portugues::Verbos::Derivados::POR Portugues::Verbos::Irregulares Portugues::Verbos::Mas-Que-Perfeito Portugues::Verbos::Mas-Que-Perfeito::-OR Portugues::Verbos::Mas-Que-Perfeito::Derivados Portugues::Verbos::Tempo::Indicativo
Antever + Mais-que-Perfeito	Antever	<b><span style="color: rgb(255, 85, 0);">Mais-que-Perfeito</span></b>	tinha antevisto	tinhas antevisto	tinha antevisto	tínhamos antevisto	tinham antevisto						/ˈtiɲɐ ɐ̃tɨˈviʃtu/	/ˈtiɲɐz ɐ̃tɨˈviʃtu/	/ˈtiɲɐz ɐ̃tɨˈviʃtu/	/ˈtiɲɐmuz ɐ̃tɨˈviʃtu/	/ˈtiɲɐ̃w̃ ɐ̃tɨˈviʃtu/							Curso::2A2::U5-Eu-Ja-Tinha-Visto Portugues::Verbos::-ER Portugues::Verbos::Derivados Portugues::Verbos::Derivados::VER Portugues::Verbos::Irregulares Portugues::Verbos::Mas-Que-Perfeito Portugues::Verbos::Mas-Que-Perfeito::-ER Portugues::Verbos::Mas-Que-Perfeito::Derivados Portugues::Verbos::Tempo::Indicativo
Prever + Mais-que-Perfeito	Prever	<b><span style="color: rgb(255, 85, 0);">Mais-que-Perfeito</span></b>	tinha previsto	tinhas previsto	tinha previsto	tínhamos previsto	tinham previsto						/ˈtiɲɐ pɾɨˈviʃtu/	/ˈtiɲɐʃ pɾɨˈviʃtu/	/ˈtiɲɐʃ pɾɨˈviʃtu/	/ˈtiɲɐmuʃ pɾɨˈviʃtu/	/ˈtiɲɐ̃w̃ pɾɨˈviʃtu/							Curso::2A2::U5-Eu-Ja-Tinha-Visto Portugues::Verbos::-ER Portugues::Verbos::Derivados Portugues::Verbos::Derivados::VER Portugues::Verbos::Irregulares Portugues::Verbos::Mas-Que-Perfeito Portugues::Verbos::Mas-Que-Perfeito::-ER Portugues::Verbos::Mas-Que-Perfeito::Derivados Portugues::Verbos::Tempo::Indicativo
Rever + Mais-que-Perfeito	Rever	<b><span style="color: rgb(255, 85, 0);">Mais-que-Perfeito</span></b>	tinha revisto	tinhas revisto	tinha revisto	tínhamos revisto	tinham revisto						/ˈtiɲɐ ʁɨˈviʃtu/	/ˈtiɲɐʒ ʁɨˈviʃtu/	/ˈtiɲɐʒ ʁɨˈviʃtu/	/ˈtiɲɐmuʒ ʁɨˈviʃtu/	/ˈtiɲɐ̃w̃ ʁɨˈviʃtu/							Curso::2A2::U5-Eu-Ja-Tinha-Visto Portugues::Verbos::-ER Portugues::Verbos::Derivados Portugues::Verbos::Derivados::VER Portugues::Verbos::Irregulares Portugues::Verbos::Mas-Que-Perfeito Portugues::Verbos::Mas-Que-Perfeito::-ER Portugues::Verbos::Mas-Que-Perfeito::Derivados Portugues::Verbos::Tempo::Indicativo
Desfazer + Mais-que-Perfeito	Desfazer	<b><span style="color: rgb(255, 85, 0);">Mais-que-Perfeito</span></b>	tinha desfeito	tinhas desfeito	tinha desfeito	tínhamos desfeito	tinham desfeito						/ˈtiɲɐ dɨˈʃfɐjtu/	/ˈtiɲɐʒ dɨˈʃfɐjtu/	/ˈtiɲɐʒ dɨˈʃfɐjtu/	/ˈtiɲɐmuʒ dɨˈʃfɐjtu/	/ˈtiɲɐ̃w̃ dɨˈʃfɐjtu/							Curso::2A2::U5-Eu-Ja-Tinha-Visto Portugues::Verbos::-ER Portugues::Verbos::Derivados Portugues::Verbos::Derivados::FAZER Portugues::Verbos::Irregulares Portugues::Verbos::Mas-Que-Perfeito Portugues::Verbos::Mas-Que-Perfeito::-ER Portugues::Verbos::Mas-Que-Perfeito::Derivados Portugues::Verbos::Tempo::Indicativo
Refazer + Mais-que-Perfeito	Refazer	<b><span style="color: rgb(255, 85, 0);">Mais-que-Perfeito</span></b>	tinha refeito	tinhas refeito	tinha refeito	tínhamos refeito	tinham refeito						/ˈtiɲɐ ʁɨˈfɐjtu/	/ˈtiɲɐʒ ʁɨˈfɐjtu/	/ˈtiɲɐʒ ʁɨˈfɐjtu/	/ˈtiɲɐmuʒ ʁɨˈfɐjtu/	/ˈtiɲɐ̃w̃ ʁɨˈfɐjtu/							Curso::2A2::U5-Eu-Ja-Tinha-Visto Portugues::Verbos::-ER Portugues::Verbos::Derivados Portugues::Verbos::Derivados::FAZER Portugues::Verbos::Irregulares Portugues::Verbos::Mas-Que-Perfeito Portugues::Verbos::Mas-Que-Perfeito::-ER Portugues::Verbos::Mas-Que-Perfeito::Derivados Portugues::Verbos::Tempo::Indicativo
Satisfazer + Mais-que-Perfeito	Satisfazer	<b><span style="color: rgb(255, 85, 0);">Mais-que-Perfeito</span></b>	tinha satisfeito	tinhas satisfeito	tinha satisfeito	tínhamos satisfeito	tinham satisfeito						/ˈtiɲɐ sɐtiˈʃfɐjtu/	/ˈtiɲɐʃ sɐtiˈʃfɐjtu/	/ˈtiɲɐʃ sɐtiˈʃfɐjtu/	/ˈtiɲɐmuʃ sɐtiˈʃfɐjtu/	/ˈtiɲɐ̃w̃ sɐtiˈʃfɐjtu/							Curso::2A2::U5-Eu-Ja-Tinha-Visto Portugues::Verbos::-ER Portugues::Verbos::Derivados Portugues::Verbos::Derivados::FAZER Portugues::Verbos::Irregulares Portugues::Verbos::Mas-Que-Perfeito Portugues::Verbos::Mas-Que-Perfeito::-ER Portugues::Verbos::Mas-Que-Perfeito::Derivados Portugues::Verbos::Tempo::Indicativo
Abster-se + Mais-que-Perfeito	Abster-se	<b><span style="color: rgb(255, 85, 0);">Mais-que-Perfeito</span></b>	tinha me abstido	tinhas te abstido	tinha se abstido	tínhamos nos abstido	tinham se abstido						/ˈtiɲɐ ˈmɛ ɐbˈʃtidu/	/ˈtiɲɐʃ ˈtɛ ɐbˈʃtidu/	/ˈtiɲɐʃ ˈtɛ ɐbˈʃtidu/	/ˈtiɲɐmuʒ ˈnɔz ɐbˈʃtidu/	/ˈtiɲɐ̃w̃ sɨ ɐbˈʃtidu/							Curso::2A2::U5-Eu-Ja-Tinha-Visto Portugues::Verbos::-ER Portugues::Verbos::Derivados::TER Portugues::Verbos::Irregulares Portugues::Verbos::Mas-Que-Perfeito Portugues::Verbos::Mas-Que-Perfeito::-ER Portugues::Verbos::Mas-Que-Perfeito::Derivados Portugues::Verbos::Tempo::Indicativo
Manter + Mais-que-Perfeito	Manter	<b><span style="color: rgb(255, 85, 0);">Mais-que-Perfeito</span></b>	tinha mantido	tinhas mantido	tinha mantido	tínhamos mantido	tinham mantido						/ˈtiɲɐ mɐ̃ˈtidu/	/ˈtiɲɐʒ mɐ̃ˈtidu/	/ˈtiɲɐʒ mɐ̃ˈtidu/	/ˈtiɲɐmuʒ mɐ̃ˈtidu/	/ˈtiɲɐ̃w̃ mɐ̃ˈtidu/							Curso::2A2::U5-Eu-Ja-Tinha-Visto Portugues::Verbos::-ER Portugues::Verbos::Derivados::TER Portugues::Verbos::Irregulares Portugues::Verbos::Mas-Que-Perfeito Portugues::Verbos::Mas-Que-Perfeito::-ER Portugues::Verbos::Mas-Que-Perfeito::Derivados Portugues::Verbos::Tempo::Indicativo
Reter + Mais-que-Perfeito	Reter	<b><span style="color: rgb(255, 85, 0);">Mais-que-Perfeito</span></b>	tinha retido	tinhas retido	tinha retido	tínhamos retido	tinham retido						/ˈtiɲɐ ʁɨˈtidu/	/ˈtiɲɐʒ ʁɨˈtidu/	/ˈtiɲɐʒ ʁɨˈtidu/	/ˈtiɲɐmuʒ ʁɨˈtidu/	/ˈtiɲɐ̃w̃ ʁɨˈtidu/							Curso::2A2::U5-Eu-Ja-Tinha-Visto Portugues::Verbos::-ER Portugues::Verbos::Derivados::TER Portugues::Verbos::Irregulares Portugues::Verbos::Mas-Que-Perfeito Portugues::Verbos::Mas-Que-Perfeito::-ER Portugues::Verbos::Mas-Que-Perfeito::Derivados Portugues::Verbos::Tempo::Indicativo
Suster + Mais-que-Perfeito	Suster	<b><span style="color: rgb(255, 85, 0);">Mais-que-Perfeito</span></b>	tinha sustido	tinhas sustido	tinha sustido	tínhamos sustido	tinham sustido						/ˈtiɲɐ suˈʃtidu/	/ˈtiɲɐʃ suˈʃtidu/	/ˈtiɲɐʃ suˈʃtidu/	/ˈtiɲɐmuʃ suˈʃtidu/	/ˈtiɲɐ̃w̃ suˈʃtidu/							Curso::2A2::U5-Eu-Ja-Tinha-Visto Portugues::Verbos::-ER Portugues::Verbos::Derivados::TER Portugues::Verbos::Irregulares Portugues::Verbos::Mas-Que-Perfeito Portugues::Verbos::Mas-Que-Perfeito::-ER Portugues::Verbos::Mas-Que-Perfeito::Derivados Portugues::Verbos::Tempo::Indicativo