abrir + imperativo	abrir	imperativo	Abre	Abra	Abramos	Abram	Não abras	Não abra	Não abramos	Não abram	/ˈabɾɨ/	/ˈabɾɐ/	/ɐˈbɾɐmuʃ/	/ˈabɾɐ̃w/	/ˈnɐ̃w ˈabɾɐʃ/	/ˈnɐ̃w ˈabɾɐ/	/ˈnɐ̃w̃ ɐˈbɾɐmuʃ/	/ˈnɐ̃w ˈabɾɐ̃w/		Portugues::Curso::1A2 Portugues::Verbos::-IR Portugues::Conjugacao Portugues::Verbos::Dificiles Portugues::Verbos::Imperativo(Pres) Portugues::Verbos::Imperativo(Pres)::-IR Portugues::Verbos::Tempo::Imperativo
admitir + imperativo	admitir	imperativo	Admite	Admita	Admitamos	Admitam	Não admitas	Não admita	Não admitamos	Não admitam	/ɐdˈmitɨ/	/ɐdˈmitɐ/	/ɐdmiˈtɐmuʃ/	/ɐdˈmitɐ̃w/	/ˈnɐ̃w ɐdˈmitɐʃ/	/ˈnɐ̃w ɐdˈmitɐ/	/ˈnɐ̃w̃ ɐdmiˈtɐmuʃ/	/ˈnɐ̃w ɐdˈmitɐ̃w/		Portugues::Curso::1A2 Portugues::Verbos::-IR Portugues::Conjugacao Portugues::Verbos::Dificiles Portugues::Verbos::Imperativo(Pres) Portugues::Verbos::Imperativo(Pres)::-IR Portugues::Verbos::Tempo::Imperativo
aquecer + imperativo	aquecer (calentar)	imperativo	Aquece	Aqueça	Aqueçamos	Aqueçam	Não aqueças	Não aqueça	Não aqueçamos	Não aqueçam	/ɐˈkesɨ/	/ɐˈkesɐ/	/ɐkɨˈsɐmuʃ/	/ɐˈkesɐ̃w/	/ˈnɐ̃w ɐˈkesɐʃ/	/ˈnɐ̃w ɐˈkesɐ/	/ˈnɐ̃w̃ ɐkɨˈsɐmuʃ/	/ˈnɐ̃w ɐˈkesɐ̃w/		Portugues::Curso::1A2 Portugues::Conjugacao Portugues::Verbos::Dificiles Portugues::Verbos::Imperativo(Pres) Portugues::Verbos::Imperativo(Pres)::-ER Portugues::Verbos::Tempo::Imperativo
dar + imperativo	dar	imperativo	Dá	Dê	Demos	Dêem	Não dês	Não dê	Não demos	Não dêem	/ˈda/	/ˈde/	/ˈdɛmuʃ/	/ˈdeɐ̃j/	/ˈnɐ̃w ˈdeʃ/	/ˈnɐ̃w ˈde/	/ˈnɐ̃w̃ ˈdɛmuʃ/	/ˈnɐ̃w ˈdeɐ̃j/		Portugues::Curso::1A2 Portugues::Curso::2A2 Portugues::Verbos::-AR Portugues::Verbos::Basicos Portugues::Conjugacao Portugues::Verbos::Imperativo(Pres) Portugues::Verbos::Imperativo(Pres)::Irregulares Portugues::Verbos::Irregulares Portugues::Verbos::Presente Portugues::Verbos::Presente::Irregulares Portugues::Verbos::Tempo::Imperativo
deitar-se + imperativo	deitar-se	imperativo	Deita-te	Deite-se	Deitemo-nos	Deitem-se	Não te deites	Não se deite	Não nos deitemos	Não se deitem	/ˈdɐjtɐ-tɨ/	/ˈdɐjtɨ-sɨ/	/dɐjtɨˈmɔnuʃ/	/ˈdɐjtɐ̃j-sɨ/	/ˈnɐ̃w tɨ ˈdɐjtɨʃ/	/ˈnɐ̃w sɨ ˈdɐjtɨ/	/ˈnɐ̃w̃ ˈnɔʒ dɐjˈtemuʃ/	/ˈnɐ̃w sɨ ˈdɐjtɐ̃j/		Portugues::Curso::1A2 Portugues::Verbos::-AR Portugues::Conjugacao Portugues::Verbos::Dificiles Portugues::Verbos::Imperativo(Pres) Portugues::Verbos::Imperativo(Pres)::-AR Portugues::Verbos::Reflexos Portugues::Verbos::Tempo::Imperativo
destruir + imperativo	destruir	imperativo	Destrói	Destrua	Destruamos	Destruam	Não destruas	Não destrua	Não destruamos	Não destruam	/dɨʃˈtɾɔj/	/dɨʃˈtɾuɐ/	/dɨʃtɾuˈɐmuʃ/	/dɨʃˈtɾuɐ̃w/	/ˈnɐ̃w dɨʃˈtɾuɐʃ/	/ˈnɐ̃w dɨʃˈtɾuɐ/	/ˈnɐ̃w̃ dɨʃtɾuˈɐmuʃ/	/ˈnɐ̃w dɨʃˈtɾuɐ̃w/		Portugues::Curso::1A2 Portugues::Verbos::-IR Portugues::Conjugacao Portugues::Verbos::Dificiles Portugues::Verbos::Imperativo(Pres) Portugues::Verbos::Imperativo(Pres)::-IR Portugues::Verbos::Tempo::Imperativo
dirigir + imperativo	dirigir	imperativo	Dirige	Dirija	Dirijamos	Dirijam	Não dirijas	Não dirija	Não dirijamos	Não dirijam	/dɨˈɾiʒɨ/	/dɨˈɾiʒɐ/	/diɾiˈʒɐmuʃ/	/dɨˈɾiʒɐ̃w/	/ˈnɐ̃w dɨˈɾiʒɐʃ/	/ˈnɐ̃w dɨˈɾiʒɐ/	/ˈnɐ̃w̃ diɾiˈʒɐmuʃ/	/ˈnɐ̃w dɨˈɾiʒɐ̃w/		Portugues::Curso::1A2 Portugues::Verbos::-IR Portugues::Conjugacao Portugues::Verbos::Dificiles Portugues::Verbos::Imperativo(Pres) Portugues::Verbos::Imperativo(Pres)::-IR Portugues::Verbos::Tempo::Imperativo
discutir + imperativo	discutir	imperativo	Discute	Discuta	Discutamos	Discutam	Não discutas	Não discuta	Não discutamos	Não discutam	/dɨʃˈkutɨ/	/dɨʃˈkutɐ/	/diʃkuˈtɐmuʃ/	/dɨʃˈkutɐ̃w/	/ˈnɐ̃w dɨʃˈkutɐʃ/	/ˈnɐ̃w dɨʃˈkutɐ/	/ˈnɐ̃w̃ diʃkuˈtɐmuʃ/	/ˈnɐ̃w dɨʃˈkutɐ̃w/		Portugues::Curso::1A2 Portugues::Verbos::-IR Portugues::Conjugacao Portugues::Verbos::Dificiles Portugues::Verbos::Imperativo(Pres) Portugues::Verbos::Imperativo(Pres)::-IR Portugues::Verbos::Tempo::Imperativo
distribuir + imperativo	distribuir	imperativo	Distribui	Distribua	Distribuamos	Distribuam	Não distribuas	Não distribua	Não distribuamos	Não distribuam	/dɨʃtɾiˈbuj/	/dɨʃtɾiˈbuɐ/	/diʃtɾibuˈɐmuʃ/	/dɨʃtɾiˈbuɐ̃w/	/ˈnɐ̃w dɨʃtɾiˈbuɐʃ/	/ˈnɐ̃w dɨʃtɾiˈbuɐ/	/ˈnɐ̃w̃ diʃtɾibuˈɐmuʃ/	/ˈnɐ̃w dɨʃtɾiˈbuɐ̃w/		Portugues::Curso::1A2 Portugues::Verbos::-IR Portugues::Conjugacao Portugues::Verbos::Dificiles Portugues::Verbos::Imperativo(Pres) Portugues::Verbos::Imperativo(Pres)::-IR Portugues::Verbos::Tempo::Imperativo
dormir + imperativo	dormir	imperativo	Dorme	Durma	Durmamos	Durmam	Não durmas	Não durma	Não durmamos	Não durmam	/ˈdoɾmɨ/	/ˈduɾmɐ/	/duɾˈmɐmuʃ/	/ˈduɾmɐ̃w/	/ˈnɐ̃w ˈduɾmɐʃ/	/ˈnɐ̃w ˈduɾmɐ/	/ˈnɐ̃w̃ duɾˈmɐmuʃ/	/ˈnɐ̃w ˈduɾmɐ̃w/		Portugues::Curso::1A2 Portugues::Verbos::-IR Portugues::Conjugacao Portugues::Verbos::Dificiles Portugues::Verbos::Imperativo(Pres) Portugues::Verbos::Imperativo(Pres)::-IR Portugues::Verbos::Tempo::Imperativo
esquecer-se + imperativo	esquecer-se	imperativo	Esquece-te	Esqueça-se	Esqueçamo-nos	Esqueçam-se	Não te esqueças	Não se esqueça	Não nos esqueçamos	Não se esqueçam	/ʃˈkesɨ-tɨ/	/ʃˈkesɐ-sɨ/	/skɨsɐˈmɔnuʃ/	/ʃˈkesɐ̃w-sɨ/	/ˈnɐ̃w tɨ ʃˈkesɐʃ/	/ˈnɐ̃w sɨ ʃˈkesɐ/	/ˈnɐ̃w̃ ˈnɔʃ skɨˈsɐmuʃ/	/ˈnɐ̃w sɨ ʃˈkesɐ̃w/		Portugues::Curso::1A2 Portugues::Conjugacao Portugues::Verbos::Dificiles Portugues::Verbos::Imperativo(Pres) Portugues::Verbos::Imperativo(Pres)::-ER Portugues::Verbos::Reflexos Portugues::Verbos::Tempo::Imperativo
estar + imperativo	estar	imperativo	Está	Esteja	Estejamos	Estejam	Não estejas	Não esteja	Não estejamos	Não estejam	/ʃˈta/	/ʃˈtɐjʒɐ/	/ʃtɨˈʒɐmuʃ/	/ʃˈtɐjʒɐ̃w/	/ˈnɐ̃w ʃˈtɐjʒɐʃ/	/ˈnɐ̃w ʃˈtɐjʒɐ/	/ˈnɐ̃w̃ ʃtɨˈʒɐmuʃ/	/ˈnɐ̃w ʃˈtɐjʒɐ̃w/		Portugues::Conjugacao Portugues::Curso::1A2 Portugues::Curso::2A2 Portugues::Verbos::Dificiles Portugues::Verbos::Imperativo(Pres)::Irregulares Portugues::Verbos::Irregulares Portugues::Verbos::Passado(PPS) Portugues::Verbos::Tempo::Imperativo Portugues::Verbos::Tempo::Indicativo
fugir + imperativo	fugir	imperativo	Foge	Fuja	Fujamos	Fujam	Não fujas	Não fuja	Não fujamos	Não fujam	/ˈfoʒɨ/	/ˈfuʒɐ/	/fuˈʒɐmuʃ/	/ˈfuʒɐ̃w/	/ˈnɐ̃w ˈfuʒɐʃ/	/ˈnɐ̃w ˈfuʒɐ/	/ˈnɐ̃w̃ fuˈʒɐmuʃ/	/ˈnɐ̃w ˈfuʒɐ̃w/		Portugues::Curso::1A2 Portugues::Verbos::-IR Portugues::Conjugacao Portugues::Verbos::Dificiles Portugues::Verbos::Imperativo(Pres) Portugues::Verbos::Imperativo(Pres)::-IR Portugues::Verbos::Tempo::Imperativo
introduzir + imperativo	introduzir	imperativo	Introduz	Introduza	Introduzamos	Introduzam	Não introduzas	Não introduza	Não introduzamos	Não introduzam	/ĩtɾuˈduʃ/	/ĩtɾuˈduzɐ/	/ĩtɾuduˈzɐmuʃ/	/ĩtɾuˈduzɐ̃w/	/ˈnɐ̃w ĩtɾuˈduzɐʃ/	/ˈnɐ̃w ĩtɾuˈduzɐ/	/ˈnɐ̃w̃ ĩtɾuduˈzɐmuʃ/	/ˈnɐ̃w ĩtɾuˈduzɐ̃w/		Portugues::Curso::1A2 Portugues::Verbos::-IR Portugues::Conjugacao Portugues::Verbos::Dificiles Portugues::Verbos::Imperativo(Pres) Portugues::Verbos::Imperativo(Pres)::-IR Portugues::Verbos::Tempo::Imperativo
ir + imperativo	ir	imperativo	Vai	Vá	Vamos	Vão	Não vás	Não vá	Não vamos	Não vão	/ˈvaj/	/ˈva/	/ˈvɐmuʃ/	/ˈvɐ̃w/	/ˈnɐ̃w ˈvaʃ/	/ˈnɐ̃w ˈva/	/ˈnɐ̃w̃ ˈvɐmuʃ/	/ˈnɐ̃w ˈvɐ̃w/		Portugues::Curso::1A2 Portugues::Curso::2A2 Portugues::Conjugacao Portugues::Verbos::Dificiles Portugues::Verbos::Imperativo(Pres)::Irregulares Portugues::Verbos::Irregulares Portugues::Verbos::Tempo::Imperativo
medir + imperativo	medir	imperativo	Mede	Meça	Meçamos	Meçam	Não meças	Não meça	Não meçamos	Não meçam	/ˈmedɨ/	/ˈmesɐ/	/mɨˈsɐmuʃ/	/ˈmesɐ̃w/	/ˈnɐ̃w ˈmesɐʃ/	/ˈnɐ̃w ˈmesɐ/	/ˈnɐ̃w̃ mɨˈsɐmuʃ/	/ˈnɐ̃w ˈmesɐ̃w/		Portugues::Curso::1A2 Portugues::Verbos::-IR Portugues::Conjugacao Portugues::Verbos::Dificiles Portugues::Verbos::Imperativo(Pres) Portugues::Verbos::Imperativo(Pres)::-IR Portugues::Verbos::Tempo::Imperativo
ouvir + imperativo	ouvir	imperativo	Ouve	Ouça	Ouvamos	Ouçam	Não ouças	Não ouça	Não ouçamos	Não ouçam	/ˈovɨ/	/ˈosɐ/	/oˈvɐmuʃ/	/ˈosɐ̃w/	/ˈnɐ̃w ˈosɐʃ/	/ˈnɐ̃w ˈosɐ/	/ˈnɐ̃w̃ oˈsɐmuʃ/	/ˈnɐ̃w ˈosɐ̃w/		Portugues::Curso::1A2 Portugues::Verbos::-IR Portugues::Conjugacao Portugues::Verbos::Dificiles Portugues::Verbos::Imperativo(Pres) Portugues::Verbos::Imperativo(Pres)::-IR Portugues::Verbos::Tempo::Imperativo
parecer + imperativo	parecer	imperativo	Parece	Pareça	Pareçamos	Pareçam	Não pareças	Não pareça	Não pareçamos	Não pareçam	/pɐˈɾesɨ/	/pɐˈɾesɐ/	/pɐɾɨˈsɐmuʃ/	/pɐˈɾesɐ̃w/	/ˈnɐ̃w pɐˈɾesɐʃ/	/ˈnɐ̃w pɐˈɾesɐ/	/ˈnɐ̃w̃ pɐɾɨˈsɐmuʃ/	/ˈnɐ̃w pɐˈɾesɐ̃w/		Portugues::Curso::1A2 Portugues::Conjugacao Portugues::Verbos::Dificiles Portugues::Verbos::Imperativo(Pres) Portugues::Verbos::Imperativo(Pres)::-ER Portugues::Verbos::Tempo::Imperativo
partir + imperativo	partir	imperativo	Parte	Parta	Partamos	Partam	Não partas	Não parta	Não partamos	Não partam	/ˈpaɾtɨ/	/ˈpaɾtɐ/	/pɐɾˈtɐmuʃ/	/ˈpaɾtɐ̃w/	/ˈnɐ̃w ˈpaɾtɐʃ/	/ˈnɐ̃w ˈpaɾtɐ/	/ˈnɐ̃w̃ pɐɾˈtɐmuʃ/	/ˈnɐ̃w ˈpaɾtɐ̃w/		Portugues::Curso::1A2 Portugues::Verbos::-IR Portugues::Conjugacao Portugues::Verbos::Dificiles Portugues::Verbos::Imperativo(Pres) Portugues::Verbos::Imperativo(Pres)::-IR Portugues::Verbos::Tempo::Imperativo
pedir + imperativo	pedir	imperativo	Pede	Peça	Peçamos	Peçam	Não peças	Não peça	Não peçamos	Não peçam	/ˈpedɨ/	/ˈpesɐ/	/pɨˈsɐmuʃ/	/ˈpesɐ̃w/	/ˈnɐ̃w ˈpesɐʃ/	/ˈnɐ̃w ˈpesɐ/	/ˈnɐ̃w̃ pɨˈsɐmuʃ/	/ˈnɐ̃w ˈpesɐ̃w/		Portugues::Curso::1A2 Portugues::Verbos::-IR Portugues::Conjugacao Portugues::Verbos::Dificiles Portugues::Verbos::Imperativo(Pres) Portugues::Verbos::Imperativo(Pres)::-IR Portugues::Verbos::Tempo::Imperativo
permitir + imperativo	permitir	imperativo	Permite	Permita	Permitamos	Permitam	Não permits	Não permita	Não permitamos	Não permitam	/pɨɾˈmitɨ/	/pɨɾˈmitɐ/	/pɨɾmiˈtɐmuʃ/	/pɨɾˈmitɐ̃w/	/ˈnɐ̃w pɨɾˈmitʃ/	/ˈnɐ̃w pɨɾˈmitɐ/	/ˈnɐ̃w̃ pɨɾmiˈtɐmuʃ/	/ˈnɐ̃w pɨɾˈmitɐ̃w/		Portugues::Curso::1A2 Portugues::Verbos::-IR Portugues::Conjugacao Portugues::Verbos::Dificiles Portugues::Verbos::Imperativo(Pres) Portugues::Verbos::Imperativo(Pres)::-IR Portugues::Verbos::Tempo::Imperativo
preferir + imperativo	preferir	imperativo	Prefere	Prefira	Prefiramos	Prefiram	Não prefiras	Não prefira	Não prefiramos	Não prefiram	/pɾɨˈfeɾɨ/	/pɾɨˈfiɾɐ/	/pɾɨfiˈɾɐmuʃ/	/pɾɨˈfiɾɐ̃w/	/ˈnɐ̃w pɾɨˈfiɾɐʃ/	/ˈnɐ̃w pɾɨˈfiɾɐ/	/ˈnɐ̃w̃ pɾɨfiˈɾɐmuʃ/	/ˈnɐ̃w pɾɨˈfiɾɐ̃w/		Portugues::Curso::1A2 Portugues::Verbos::-IR Portugues::Conjugacao Portugues::Verbos::Dificiles Portugues::Verbos::Imperativo(Pres) Portugues::Verbos::Imperativo(Pres)::-IR Portugues::Verbos::Tempo::Imperativo
querer + imperativo	querer	imperativo	Quer	Queira	Queiramos	Queiram	Não queiras	Não queira	Não queiramos	Não queiram	/ˈkeɾ/	/ˈkɐjɾɐ/	/kɐjˈɾɐmuʃ/	/ˈkɐjɾɐ̃w/	/ˈnɐ̃w ˈkɐjɾɐʃ/	/ˈnɐ̃w ˈkɐjɾɐ/	/ˈnɐ̃w̃ kɐjˈɾɐmuʃ/	/ˈnɐ̃w ˈkɐjɾɐ̃w/		Portugues::Curso::1A2 Portugues::Conjugacao Portugues::Verbos::Dificiles Portugues::Verbos::Imperativo(Pres) Portugues::Verbos::Imperativo(Pres)::-ER Portugues::Verbos::Tempo::Imperativo
repetir + imperativo	repetir	imperativo	Repete	Repita	Repitamos	Repitam	Não repitas	Não repita	Não repitamos	Não repitam	/ʁɨˈpetɨ/	/ʁɨˈpitɐ/	/ʁɨpiˈtɐmuʃ/	/ʁɨˈpitɐ̃w/	/ˈnɐ̃w ʁɨˈpitɐʃ/	/ˈnɐ̃w ʁɨˈpitɐ/	/ˈnɐ̃w̃ ʁɨpiˈtɐmuʃ/	/ˈnɐ̃w ʁɨˈpitɐ̃w/		Portugues::Curso::1A2 Portugues::Verbos::-IR Portugues::Conjugacao Portugues::Verbos::Dificiles Portugues::Verbos::Imperativo(Pres) Portugues::Verbos::Imperativo(Pres)::-IR Portugues::Verbos::Tempo::Imperativo
retribuir + imperativo	retribuir	imperativo	Retribui	Retribua	Retribuamos	Retribuam	Não retribuas	Não retribua	Não retribuamos	Não retribuam	/ʁɨtɾiˈbuj/	/ʁɨtɾiˈbuɐ/	/ʁɨtɾibuˈɐmuʃ/	/ʁɨtɾiˈbuɐ̃w/	/ˈnɐ̃w ʁɨtɾiˈbuɐʃ/	/ˈnɐ̃w ʁɨtɾiˈbuɐ/	/ˈnɐ̃w̃ ʁɨtɾibuˈɐmuʃ/	/ˈnɐ̃w ʁɨtɾiˈbuɐ̃w/		Portugues::Curso::1A2 Portugues::Verbos::-IR Portugues::Conjugacao Portugues::Verbos::Dificiles Portugues::Verbos::Imperativo(Pres) Portugues::Verbos::Imperativo(Pres)::-IR Portugues::Verbos::Tempo::Imperativo
reunir + imperativo	reunir	imperativo	Reúne	Reúna	Reunamos	Reúnam	Não reúnas	Não reúna	Não reunamos	Não reúnam	/ʁiˈunɨ/	/ʁiˈunɐ/	/ʁewˈnɐmuʃ/	/ʁiˈunɐ̃w/	/ˈnɐ̃w ʁiˈunɐʃ/	/ˈnɐ̃w ʁiˈunɐ/	/ˈnɐ̃w̃ ʁewˈnɐmuʃ/	/ˈnɐ̃w ʁiˈunɐ̃w/		Portugues::Curso::1A2 Portugues::Verbos::-IR Portugues::Conjugacao Portugues::Verbos::Dificiles Portugues::Verbos::Imperativo(Pres) Portugues::Verbos::Imperativo(Pres)::-IR Portugues::Verbos::Tempo::Imperativo
rir + imperativo	rir	imperativo	Ri	Ria	Riamos	Riam	Não rias	Não ria	Não riamos	Não riam	/ˈʁi/	/ˈʁiɐ/	/ʁiˈɐmuʃ/	/ˈʁiɐ̃w/	/ˈnɐ̃w ˈʁiɐʃ/	/ˈnɐ̃w ˈʁiɐ/	/ˈnɐ̃w̃ ʁiˈɐmuʃ/	/ˈnɐ̃w ˈʁiɐ̃w/		Portugues::Curso::1A2 Portugues::Verbos::-IR Portugues::Conjugacao Portugues::Verbos::Dificiles Portugues::Verbos::Imperativo(Pres) Portugues::Verbos::Imperativo(Pres)::-IR Portugues::Verbos::Tempo::Imperativo
sair + imperativo	sair (salir)	imperativo	Sai	Saia	Saiamos	Saiam	Não saias	Não saia	Não saiamos	Não saiam	/ˈsaj/	/ˈsajɐ/	/sɐjˈɐmuʃ/	/ˈsajɐ̃w/	/ˈnɐ̃w ˈsajɐʃ/	/ˈnɐ̃w ˈsajɐ/	/ˈnɐ̃w̃ sɐjˈɐmuʃ/	/ˈnɐ̃w ˈsajɐ̃w/		Portugues::Curso::1A2 Portugues::Verbos::-IR Portugues::Conjugacao Portugues::Verbos::Dificiles Portugues::Verbos::Imperativo(Pres) Portugues::Verbos::Imperativo(Pres)::-IR Portugues::Verbos::Tempo::Imperativo
seguir + imperativo	seguir	imperativo	Segue	Siga	Sigamos	Sigam	Não sigas	Não siga	Não sigamos	Não sigam	/ˈsegɨ/	/ˈsigɐ/	/siˈɡɐmuʃ/	/ˈsigɐ̃w/	/ˈnɐ̃w ˈsigɐʃ/	/ˈnɐ̃w ˈsigɐ/	/ˈnɐ̃w̃ siˈɡɐmuʃ/	/ˈnɐ̃w ˈsigɐ̃w/		Portugues::Curso::1A2 Portugues::Verbos::-IR Portugues::Conjugacao Portugues::Verbos::Dificiles Portugues::Verbos::Imperativo(Pres) Portugues::Verbos::Imperativo(Pres)::-IR Portugues::Verbos::Tempo::Imperativo
sentir + imperativo	sentir	imperativo	Sente	Sinta	Sintamos	Sintam	Não sintas	Não sinta	Não sintamos	Não sintam	/ˈsẽtɨ/	/ˈsĩtɐ/	/sĩˈtɐmuʃ/	/ˈsĩtɐ̃w/	/ˈnɐ̃w ˈsĩtɐʃ/	/ˈnɐ̃w ˈsĩtɐ/	/ˈnɐ̃w̃ sĩˈtɐmuʃ/	/ˈnɐ̃w ˈsĩtɐ̃w/		Portugues::Curso::1A2 Portugues::Verbos::-IR Portugues::Conjugacao Portugues::Verbos::Dificiles Portugues::Verbos::Imperativo(Pres) Portugues::Verbos::Imperativo(Pres)::-IR Portugues::Verbos::Tempo::Imperativo
sentir-se + imperativo	sentir-se	imperativo	Sente-Te	Sinta-Se	Sintamo-nos	Sintam-Se	Não te sintas	Não se sinta	Não nos sintamos	Não se sintam	/ˈsẽtɨ-tɨ/	/ˈsĩtɐ-sɨ/	/sĩtɐˈmɔnuʃ/	/ˈsĩtɐ̃w-sɨ/	/ˈnɐ̃w tɨ ˈsĩtɐʃ/	/ˈnɐ̃w sɨ ˈsĩtɐ/	/ˈnɐ̃w̃ ˈnɔʃ sĩˈtɐmuʃ/	/ˈnɐ̃w sɨ ˈsĩtɐ̃w/		Portugues::Curso::1A2 Portugues::Verbos::-IR Portugues::Conjugacao Portugues::Verbos::Dificiles Portugues::Verbos::Imperativo(Pres) Portugues::Verbos::Imperativo(Pres)::-IR Portugues::Verbos::Reflexos Portugues::Verbos::Tempo::Imperativo
ser + imperativo	ser	imperativo	Sê	Seja	Sejamos	Sejam	Não sejas	Não seja	Não sejamos	Não sejam	/ˈse/	/ˈsɐjʒɐ/	/sɨˈʒɐmuʃ/	/ˈsɐjʒɐ̃w/	/ˈnɐ̃w ˈsɐjʒɐʃ/	/ˈnɐ̃w ˈsɐjʒɐ/	/ˈnɐ̃w̃ sɨˈʒɐmuʃ/	/ˈnɐ̃w ˈsɐjʒɐ̃w/		Portugues::Curso::1A2 Portugues::Curso::2A2 Portugues::Conjugacao Portugues::Verbos::Dificiles Portugues::Verbos::Imperativo(Pres)::Irregulares Portugues::Verbos::Irregulares Portugues::Verbos::Tempo::Imperativo
servir + imperativo	servir	imperativo	Serve	Sirva	Sirvamos	Sirvam	Não sirvas	Não sirva	Não sirvamos	Não sirvam	/ˈseɾvɨ/	/ˈsiɾvɐ/	/siɾˈvɐmuʃ/	/ˈsiɾvɐ̃w/	/ˈnɐ̃w ˈsiɾvɐʃ/	/ˈnɐ̃w ˈsiɾvɐ/	/ˈnɐ̃w̃ siɾˈvɐmuʃ/	/ˈnɐ̃w ˈsiɾvɐ̃w/		Portugues::Curso::1A2 Portugues::Verbos::-IR Portugues::Conjugacao Portugues::Verbos::Dificiles Portugues::Verbos::Imperativo(Pres) Portugues::Verbos::Imperativo(Pres)::-IR Portugues::Verbos::Tempo::Imperativo
subir + imperativo	subir	imperativo	Sobe	Suba	Subamos	Subam	Não subas	Não suba	Não subamos	Não subam	/ˈsobɨ/	/ˈsubɐ/	/suˈbɐmuʃ/	/ˈsubɐ̃w/	/ˈnɐ̃w ˈsubɐʃ/	/ˈnɐ̃w ˈsubɐ/	/ˈnɐ̃w̃ suˈbɐmuʃ/	/ˈnɐ̃w ˈsubɐ̃w/		Portugues::Curso::1A2 Portugues::Verbos::-IR Portugues::Conjugacao Portugues::Verbos::Dificiles Portugues::Verbos::Imperativo(Pres) Portugues::Verbos::Imperativo(Pres)::-IR Portugues::Verbos::Tempo::Imperativo
substituir + imperativo	substituir	imperativo	Substitui	Substitua	Substituamos	Substituam	Não substituas	Não substitua	Não substituamos	Não substituam	/subʃtiˈtuj/	/subʃtiˈtuɐ/	/subʃtituˈɐmuʃ/	/subʃtiˈtuɐ̃w/	/ˈnɐ̃w subʃtiˈtuɐʃ/	/ˈnɐ̃w subʃtiˈtuɐ/	/ˈnɐ̃w̃ subʃtituˈɐmuʃ/	/ˈnɐ̃w subʃtiˈtuɐ̃w/		Portugues::Curso::1A2 Portugues::Verbos::-IR Portugues::Conjugacao Portugues::Verbos::Dificiles Portugues::Verbos::Imperativo(Pres) Portugues::Verbos::Imperativo(Pres)::-IR Portugues::Verbos::Tempo::Imperativo
traduzir + imperativo	traduzir	imperativo	Traduz	Traduza	Traduçamos	Traduzam	Não traduzas	Não traduza	Não traduçamos	Não traduzam	/tɾɐˈduʃ/	/tɾɐˈduzɐ/	/tɾɐduˈsɐmuʃ/	/tɾɐˈduzɐ̃w/	/ˈnɐ̃w tɾɐˈduzɐʃ/	/ˈnɐ̃w tɾɐˈduzɐ/	/ˈnɐ̃w̃ tɾɐduˈsɐmuʃ/	/ˈnɐ̃w tɾɐˈduzɐ̃w/		Portugues::Curso::1A2 Portugues::Verbos::-IR Portugues::Conjugacao Portugues::Verbos::Dificiles Portugues::Verbos::Imperativo(Pres) Portugues::Verbos::Imperativo(Pres)::-IR Portugues::Verbos::Tempo::Imperativo
trazer + imperativo	trazer (llevar, traer)	imperativo	Traz	Traga	Tragamos	Tragam	Não tragas	Não traga	Não tragamos	Não tragam	/ˈtɾaʃ/	/ˈtɾagɐ/	/tɾɐˈɡɐmuʃ/	/ˈtɾagɐ̃w/	/ˈnɐ̃w ˈtɾagɐʃ/	/ˈnɐ̃w ˈtɾagɐ/	/ˈnɐ̃w̃ tɾɐˈɡɐmuʃ/	/ˈnɐ̃w ˈtɾagɐ̃w/		Portugues::Curso::1A2 Portugues::Conjugacao Portugues::Verbos::Dificiles Portugues::Verbos::Imperativo(Pres) Portugues::Verbos::Imperativo(Pres)::-ER Portugues::Verbos::Tempo::Imperativo
vestir + imperativo	vestir	imperativo	Veste	Vista	Vistamos	Vistam	Não vistas	Não vista	Não vistamos	Não vistam	/ˈveʃtɨ/	/ˈviʃtɐ/	/viˈʃtɐmuʃ/	/ˈviʃtɐ̃w/	/ˈnɐ̃w ˈviʃtɐʃ/	/ˈnɐ̃w ˈviʃtɐ/	/ˈnɐ̃w̃ viˈʃtɐmuʃ/	/ˈnɐ̃w ˈviʃtɐ̃w/		Portugues::Curso::1A2 Portugues::Verbos::-IR Portugues::Conjugacao Portugues::Verbos::Dificiles Portugues::Verbos::Imperativo(Pres) Portugues::Verbos::Imperativo(Pres)::-IR Portugues::Verbos::Tempo::Imperativo
vestir-se + imperativo	vestir-se	imperativo	Veste-te	Vista-se	Vistamo-nos	Vistam-se	Não te vistas	Não se vista	Não nos vistamos	Não se vistam	/ˈveʃtɨ-tɨ/	/ˈviʃtɐ-sɨ/	/viʃtɐˈmɔnuʃ/	/ˈviʃtɐ̃w-sɨ/	/ˈnɐ̃w tɨ ˈviʃtɐʃ/	/ˈnɐ̃w sɨ ˈviʃtɐ/	/ˈnɐ̃w̃ ˈnɔʒ viˈʃtɐmuʃ/	/ˈnɐ̃w sɨ ˈviʃtɐ̃w/		Portugues::Curso::1A2 Portugues::Verbos::-IR Portugues::Conjugacao Portugues::Verbos::Dificiles Portugues::Verbos::Imperativo(Pres) Portugues::Verbos::Imperativo(Pres)::-IR Portugues::Verbos::Reflexos Portugues::Verbos::Tempo::Imperativo
vir + imperativo	vir	imperativo	Vem	Venha	Venhamos	Venham	Não venhas	Não venha	Não venhamos	Não venham	/vɐ̃j/	/ˈvɐɲɐ/	/vɨˈɲɐmuʃ/	/ˈvɐɲɐ̃w/	/ˈnɐ̃w ˈvɐɲɐʃ/	/ˈnɐ̃w ˈvɐɲɐ/	/ˈnɐ̃w̃ vɨˈɲɐmuʃ/	/ˈnɐ̃w ˈvɐɲɐ̃w/		Portugues::Curso::1A2 Portugues::Verbos::-IR Portugues::Conjugacao Portugues::Verbos::Dificiles Portugues::Verbos::Imperativo(Pres) Portugues::Verbos::Imperativo(Pres)::-IR Portugues::Verbos::Tempo::Imperativo
viver + imperativo	viver	imperativo	Vive	Viva	Vivamos	Vivam	Não vivas	Não viva	Não vivamos	Não vivam	/ˈvivɨ/	/ˈvivɐ/	/viˈvɐmuʃ/	/ˈvivɐ̃w/	/ˈnɐ̃w ˈvivɐʃ/	/ˈnɐ̃w ˈvivɐ/	/ˈnɐ̃w̃ viˈvɐmuʃ/	/ˈnɐ̃w ˈvivɐ̃w/		Portugues::Curso::1A2 Portugues::Conjugacao Portugues::Verbos::Dificiles Portugues::Verbos::Imperativo(Pres) Portugues::Verbos::Imperativo(Pres)::-ER Portugues::Verbos::Tempo::Imperativo
falar + imperativo (pres)	falar	imperativo	Fala	Fale	Falemos	Falem	Não fales	Não fale	Falemos	Não falem	/ˈfaɫɐ/	/ˈfaɫɨ/	/fɐˈlemuʃ/	/ˈfaɫɐ̃j/	/ˈnɐ̃w ˈfaɫɨʃ/	/ˈnɐ̃w ˈfaɫɨ/	/fɐˈlemuʃ/	/ˈnɐ̃w ˈfaɫɐ̃j/		Portugues::Curso::1A2 Portugues::Verbos::-AR Portugues::Conjugacao Portugues::Verbos::Imperativo(Pres) Portugues::Verbos::Imperativo(Pres)::-AR Portugues::Verbos::Tempo::Imperativo
morar + imperativo (pres)	morar	imperativo	Mora	More	Moremos	Morem	Não more	Não more	Moremos	Não morem	/ˈmoɾɐ/	/ˈmoɾɨ/	/muˈɾemuʃ/	/ˈmoɾɐ̃j/	/ˈnɐ̃w ˈmoɾɨ/	/ˈnɐ̃w ˈmoɾɨ/	/muˈɾemuʃ/	/ˈnɐ̃w ˈmoɾɐ̃j/		Portugues::Curso::1A2 Portugues::Verbos::-AR Portugues::Conjugacao Portugues::Verbos::Imperativo(Pres) Portugues::Verbos::Imperativo(Pres)::-AR Portugues::Verbos::Tempo::Imperativo
jogar + imperativo (pres)	jogar	imperativo	Joga	Jogue	Joguemos	Joguem	Não jogues	Não jogue	Joguemos	Não joguem	/ˈʒogɐ/	/ˈʒogɨ/	/ʒuˈɡemuʃ/	/ˈʒogɐ̃j/	/ˈnɐ̃w ˈʒogɨʃ/	/ˈnɐ̃w ˈʒogɨ/	/ʒuˈɡemuʃ/	/ˈnɐ̃w ˈʒogɐ̃j/		Portugues::Curso::1A2 Portugues::Verbos::-AR Portugues::Conjugacao Portugues::Verbos::Imperativo(Pres) Portugues::Verbos::Imperativo(Pres)::-AR Portugues::Verbos::Tempo::Imperativo
brincar + imperativo (pres)	brincar	imperativo	Brinca	Brinque	Brinquemos	Brinquem	Não brinques	Não brinque	Brinquemos	Não brinquem	/ˈbɾĩkɐ/	/ˈbɾĩkɨ/	/bɾĩˈkɛmuʃ/	/ˈbɾĩkɐ̃j/	/ˈnɐ̃w ˈbɾĩkɨʃ/	/ˈnɐ̃w ˈbɾĩkɨ/	/bɾĩˈkɛmuʃ/	/ˈnɐ̃w ˈbɾĩkɐ̃j/		Portugues::Curso::1A2 Portugues::Verbos::-AR Portugues::Conjugacao Portugues::Verbos::Imperativo(Pres) Portugues::Verbos::Imperativo(Pres)::-AR Portugues::Verbos::Tempo::Imperativo
almoçar + imperativo (pres)	almoçar	imperativo	Almoça	Almoce	Almocemos	Almoçem	Não almoçes	Não almoce	Almocemos	Não almoçem	/aɫˈmosɐ/	/aɫˈmosɨ/	/aɫmuˈsemuʃ/	/aɫˈmosɐ̃j/	/ˈnɐ̃w aɫˈmosɨʃ/	/ˈnɐ̃w aɫˈmosɨ/	/aɫmuˈsemuʃ/	/ˈnɐ̃w aɫˈmosɐ̃j/		Portugues::Curso::1A2 Portugues::Verbos::-AR Portugues::Conjugacao Portugues::Verbos::Imperativo(Pres) Portugues::Verbos::Imperativo(Pres)::-AR Portugues::Verbos::Tempo::Imperativo
jantar + imperativo (pres)	jantar	imperativo	Janta	Jante	Jantemos	Jantem	Não jantes	Não jante	Jantemos	Não jantem	/ˈʒɐ̃tɐ/	/ˈʒɐ̃tɨ/	/ʒɐ̃ˈtemuʃ/	/ˈʒɐ̃tɐ̃j/	/ˈnɐ̃w ˈʒɐ̃tɨʃ/	/ˈnɐ̃w ˈʒɐ̃tɨ/	/ʒɐ̃ˈtemuʃ/	/ˈnɐ̃w ˈʒɐ̃tɐ̃j/		Portugues::Curso::1A2 Portugues::Verbos::-AR Portugues::Conjugacao Portugues::Verbos::Imperativo(Pres) Portugues::Verbos::Imperativo(Pres)::-AR Portugues::Verbos::Tempo::Imperativo
fechar + imperativo (pres)	fechar	imperativo	Fecha	Feche	Fechemos	Fechem	Não feches	Não feche	Fechemos	Não fechem	/ˈfɐjʃɐ/	/ˈfɐjʃɨ/	/fɨˈʃemuʃ/	/ˈfɐjʃɐ̃j/	/ˈnɐ̃w ˈfɐjʃɨʃ/	/ˈnɐ̃w ˈfɐjʃɨ/	/fɨˈʃemuʃ/	/ˈnɐ̃w ˈfɐjʃɐ̃j/		Portugues::Curso::1A2 Portugues::Verbos::-AR Portugues::Conjugacao Portugues::Verbos::Imperativo(Pres) Portugues::Verbos::Imperativo(Pres)::-AR Portugues::Verbos::Tempo::Imperativo
trabalhar + imperativo (pres)	trabalhar	imperativo	Trabalha	Trabalhe	Trabalhemos	Trabalhem	Não trabalhes	Não trabalhe	Trabalhemos	Não trabalhem	/tɾɐˈbaʎɐ/	/tɾɐˈbaʎɨ/	/tɾɐbɐˈʎemuʃ/	/tɾɐˈbaʎɐ̃j/	/ˈnɐ̃w tɾɐˈbaʎɨʃ/	/ˈnɐ̃w tɾɐˈbaʎɨ/	/tɾɐbɐˈʎemuʃ/	/ˈnɐ̃w tɾɐˈbaʎɐ̃j/		Portugues::Curso::1A2 Portugues::Verbos::-AR Portugues::Conjugacao Portugues::Verbos::Imperativo(Pres) Portugues::Verbos::Imperativo(Pres)::-AR Portugues::Verbos::Tempo::Imperativo
praticar + imperativo (pres)	praticar	imperativo	Pratica	Pratique	Pratiquemos	Pratiquem	Não pratiques	Não pratique	Pratiquemos	Não pratiquem	/pɾɐˈtikɐ/	/pɾɐˈtikɨ/	/pɾɐtiˈkemuʃ/	/pɾɐˈtikɐ̃j/	/ˈnɐ̃w pɾɐˈtikɨʃ/	/ˈnɐ̃w pɾɐˈtikɨ/	/pɾɐtiˈkemuʃ/	/ˈnɐ̃w pɾɐˈtikɐ̃j/		Portugues::Curso::1A2 Portugues::Verbos::-AR Portugues::Conjugacao Portugues::Verbos::Imperativo(Pres) Portugues::Verbos::Imperativo(Pres)::-AR Portugues::Verbos::Tempo::Imperativo
ganhar + imperativo (pres)	ganhar	imperativo	Ganha	Ganhe	Ganhemos	Ganhem	Não ganhes	Não ganhe	Ganhemos	Não ganhem	/ˈgɐɲɐ/	/ˈgɐɲɨ/	/ɡɐˈɲemuʃ/	/ˈgɐɲɐ̃j/	/ˈnɐ̃w ˈgɐɲɨʃ/	/ˈnɐ̃w ˈgɐɲɨ/	/ɡɐˈɲemuʃ/	/ˈnɐ̃w ˈgɐɲɐ̃j/		Portugues::Curso::1A2 Portugues::Verbos::-AR Portugues::Conjugacao Portugues::Verbos::Imperativo(Pres) Portugues::Verbos::Imperativo(Pres)::-AR Portugues::Verbos::Tempo::Imperativo
acordar + imperativo (pres)	acordar	imperativo	Acorda	Acorde	Acordemos	Acordeem	Não acordes	Não acorde	Acordemos	Não acordeem	/ɐˈkoɾdɐ/	/ɐˈkoɾdɨ/	/ɐkuɾˈdemuʃ/	/ɐkuɾˈdeɐ̃j/	/ˈnɐ̃w ɐˈkoɾdɨʃ/	/ˈnɐ̃w ɐˈkoɾdɨ/	/ɐkuɾˈdemuʃ/	/ˈnɐ̃w ɐkuɾˈdeɐ̃j/		Portugues::Curso::1A2 Portugues::Verbos::-AR Portugues::Conjugacao Portugues::Verbos::Imperativo(Pres) Portugues::Verbos::Imperativo(Pres)::-AR Portugues::Verbos::Tempo::Imperativo
apanhar + imperativo (pres)	apanhar	imperativo	Apanha	Apanhe	Apanhemos	Apanhem	Não apanhes	Não apanhe	Apanhemos	Não apanhem	/ɐˈpɐɲɐ/	/ɐˈpɐɲɨ/	/ɐpɐˈɲemuʃ/	/ɐˈpɐɲɐ̃j/	/ˈnɐ̃w ɐˈpɐɲɨʃ/	/ˈnɐ̃w ɐˈpɐɲɨ/	/ɐpɐˈɲemuʃ/	/ˈnɐ̃w ɐˈpɐɲɐ̃j/		Portugues::Curso::1A2 Portugues::Verbos::-AR Portugues::Conjugacao Portugues::Verbos::Imperativo(Pres) Portugues::Verbos::Imperativo(Pres)::-AR Portugues::Verbos::Tempo::Imperativo
ficar + imperativo (pres)	ficar	imperativo	Fica	Fique	Fiquemos	Fiquem	Não fiques	Não fique	Fiquemos	Não fiquem	/ˈfikɐ/	/ˈfikɨ/	/fiˈkemuʃ/	/ˈfikɐ̃j/	/ˈnɐ̃w ˈfikɨʃ/	/ˈnɐ̃w ˈfikɨ/	/fiˈkemuʃ/	/ˈnɐ̃w ˈfikɐ̃j/		Portugues::Curso::1A2 Portugues::Verbos::-AR Portugues::Conjugacao Portugues::Verbos::Imperativo(Pres) Portugues::Verbos::Imperativo(Pres)::-AR Portugues::Verbos::Tempo::Imperativo
telefonar + imperativo (pres)	telefonar	imperativo	Telefona	Telefone	Telefonemos	Telefonem	Não telefonas	Não telefone	Telefonemos	Não telefonem	/tɨɫɨˈfonɐ/	/tɨɫɨˈfonɨ/	/tɨlɨfuˈnemuʃ/	/tɨɫɨˈfonɐ̃j/	/ˈnɐ̃w tɨɫɨˈfonɐʃ/	/ˈnɐ̃w tɨɫɨˈfonɨ/	/tɨlɨfuˈnemuʃ/	/ˈnɐ̃w tɨɫɨˈfonɐ̃j/		Portugues::Curso::1A2 Portugues::Verbos::-AR Portugues::Conjugacao Portugues::Verbos::Imperativo(Pres) Portugues::Verbos::Imperativo(Pres)::-AR Portugues::Verbos::Tempo::Imperativo
começar + imperativo (pres)	começar	imperativo	Começa	Comece	Comecemos	Comecem	Não comeces	Não comece	Comecemos	Não comecem	/kuˈmesɐ/	/kuˈmesɨ/	/kumɨˈsemuʃ/	/kuˈmesɐ̃j/	/ˈnɐ̃w kuˈmesɨʃ/	/ˈnɐ̃w kuˈmesɨ/	/kumɨˈsemuʃ/	/ˈnɐ̃w kuˈmesɐ̃j/		Portugues::Curso::1A2 Portugues::Verbos::-AR Portugues::Conjugacao Portugues::Verbos::Imperativo(Pres) Portugues::Verbos::Imperativo(Pres)::-AR Portugues::Verbos::Tempo::Imperativo
girar + imperativo (pres)	girar	imperativo	Gira	Gire	Giremos	Girem	Não gires	Não gire	Giremos	Não girem	/ˈʒiɾɐ/	/ˈʒiɾɨ/	/ʒiˈɾemuʃ/	/ˈʒiɾɐ̃j/	/ˈnɐ̃w ˈʒiɾɨʃ/	/ˈnɐ̃w ˈʒiɾɨ/	/ʒiˈɾemuʃ/	/ˈnɐ̃w ˈʒiɾɐ̃j/		Portugues::Curso::1A2 Portugues::Verbos::-AR Portugues::Conjugacao Portugues::Verbos::Imperativo(Pres) Portugues::Verbos::Imperativo(Pres)::-AR Portugues::Verbos::Tempo::Imperativo
usar + imperativo (pres)	usar	imperativo	Usa	Use	Usemos	Usem	Não uses	Não use	Usemos	Não usem	/ˈuzɐ/	/ˈuzɨ/	/uˈzemuʃ/	/ˈuzɐ̃j/	/ˈnɐ̃w ˈuzɨʃ/	/ˈnɐ̃w ˈuzɨ/	/uˈzemuʃ/	/ˈnɐ̃w ˈuzɐ̃j/		Portugues::Curso::1A2 Portugues::Verbos::-AR Portugues::Conjugacao Portugues::Verbos::Imperativo(Pres) Portugues::Verbos::Imperativo(Pres)::-AR Portugues::Verbos::Tempo::Imperativo
pagar + imperativo (pres)	pagar	imperativo	Paga	Pague	Paguemos	Paguem	Não pagues	Não pague	Paguemos	Não paguem	/ˈpagɐ/	/ˈpagɨ/	/pɐˈɡemuʃ/	/ˈpagɐ̃j/	/ˈnɐ̃w ˈpagɨʃ/	/ˈnɐ̃w ˈpagɨ/	/pɐˈɡemuʃ/	/ˈnɐ̃w ˈpagɐ̃j/		Portugues::Curso::1A2 Portugues::Verbos::-AR Portugues::Conjugacao Portugues::Verbos::Imperativo(Pres) Portugues::Verbos::Imperativo(Pres)::-AR Portugues::Verbos::Tempo::Imperativo
pegar + imperativo (pres)	pegar	imperativo	Pega	Pegue	Peguemos	Peguem	Não pegues	Não pegue	Peguemos	Não peguem	/ˈpegɐ/	/ˈpegɨ/	/pɨˈɡemuʃ/	/ˈpegɐ̃j/	/ˈnɐ̃w ˈpegɨʃ/	/ˈnɐ̃w ˈpegɨ/	/pɨˈɡemuʃ/	/ˈnɐ̃w ˈpegɐ̃j/		Portugues::Curso::1A2 Portugues::Verbos::-AR Portugues::Conjugacao Portugues::Verbos::Imperativo(Pres) Portugues::Verbos::Imperativo(Pres)::-AR Portugues::Verbos::Tempo::Imperativo
ensinar + imperativo (pres)	ensinar	imperativo	Ensina	Ensine	Ensinem	Ensinem	Não ensines	Não ensine	Ensinem	Não ensinem	/ẽˈsinɐ/	/ẽˈsinɨ/	/ẽˈsinɐ̃j̃/	/ẽˈsinɐ̃j/	/ˈnɐ̃w ẽˈsinɨʃ/	/ˈnɐ̃w ẽˈsinɨ/	/ẽˈsinɐ̃j̃/	/ˈnɐ̃w ẽˈsinɐ̃j/		Portugues::Curso::1A2 Portugues::Verbos::-AR Portugues::Conjugacao Portugues::Verbos::Imperativo(Pres) Portugues::Verbos::Imperativo(Pres)::-AR Portugues::Verbos::Tempo::Imperativo
levantar + imperativo (pres)	levantar	imperativo	Levanta	Levante	Levantemos	Levantem	Não levantes	Não levante	Levantemos	Não levantem	/ɫɨˈvɐ̃tɐ/	/ɫɨˈvɐ̃tɨ/	/lɨvɐ̃ˈtemuʃ/	/ɫɨˈvɐ̃tɐ̃j/	/ˈnɐ̃w ɫɨˈvɐ̃tɨʃ/	/ˈnɐ̃w ɫɨˈvɐ̃tɨ/	/lɨvɐ̃ˈtemuʃ/	/ˈnɐ̃w ɫɨˈvɐ̃tɐ̃j/		Portugues::Curso::1A2 Portugues::Verbos::-AR Portugues::Conjugacao Portugues::Verbos::Imperativo(Pres) Portugues::Verbos::Imperativo(Pres)::-AR Portugues::Verbos::Tempo::Imperativo
tocar + imperativo (pres)	tocar	imperativo	Toca	Toque	Toquemos	Toquem	Não toques	Não toque	Toquemos	Não toquem	/ˈtokɐ/	/ˈtokɨ/	/tuˈkemuʃ/	/ˈtokɐ̃j/	/ˈnɐ̃w ˈtokɨʃ/	/ˈnɐ̃w ˈtokɨ/	/tuˈkemuʃ/	/ˈnɐ̃w ˈtokɐ̃j/		Portugues::Curso::1A2 Portugues::Verbos::-AR Portugues::Conjugacao Portugues::Verbos::Imperativo(Pres) Portugues::Verbos::Imperativo(Pres)::-AR Portugues::Verbos::Tempo::Imperativo
andar + imperativo (pres)	andar	imperativo	Anda	Ande	Andemos	Andem	Não andes	Não ande	Andemos	Não andem	/ˈɐ̃dɐ/	/ˈɐ̃dɨ/	/ɐ̃ˈdemuʃ/	/ˈɐ̃dɐ̃j/	/ˈnɐ̃w ˈɐ̃dɨʃ/	/ˈnɐ̃w ˈɐ̃dɨ/	/ɐ̃ˈdemuʃ/	/ˈnɐ̃w ˈɐ̃dɐ̃j/		Portugues::Curso::1A2 Portugues::Verbos::-AR Portugues::Conjugacao Portugues::Verbos::Imperativo(Pres) Portugues::Verbos::Imperativo(Pres)::-AR Portugues::Verbos::Tempo::Imperativo
lavar + imperativo (pres)	lavar	imperativo	lava	lave	Lavemos	lavem	Não laves	Não lave	Lavemos	Não lavem	/ˈɫavɐ/	/ˈɫavɨ/	/lɐˈvemuʃ/	/ˈɫavɐ̃j/	/ˈnɐ̃w ˈɫavɨʃ/	/ˈnɐ̃w ˈɫavɨ/	/lɐˈvemuʃ/	/ˈnɐ̃w ˈɫavɐ̃j/		Portugues::Curso::1A2 Portugues::Verbos::-AR Portugues::Conjugacao Portugues::Verbos::Imperativo(Pres) Portugues::Verbos::Imperativo(Pres)::-AR Portugues::Verbos::Tempo::Imperativo
acabar + imperativo (pres)	acabar	imperativo	Acaba	Acabe	Acabemos	Acabem	Não acabes	Não acabe	Acabemos	Não acabem	/ɐˈkabɐ/	/ɐˈkabɨ/	/ɐkɐˈbemuʃ/	/ɐˈkabɐ̃j/	/ˈnɐ̃w ɐˈkabɨʃ/	/ˈnɐ̃w ɐˈkabɨ/	/ɐkɐˈbemuʃ/	/ˈnɐ̃w ɐˈkabɐ̃j/		Portugues::Curso::1A2 Portugues::Verbos::-AR Portugues::Conjugacao Portugues::Verbos::Imperativo(Pres) Portugues::Verbos::Imperativo(Pres)::-AR Portugues::Verbos::Tempo::Imperativo
encontrar + imperativo (pres)	encontrar	imperativo	Encontra	Encontre	Encontremos	Encontrem	Não encontres	Não encontre	Encontremos	Não encontrem	/ẽˈkõtɾɐ/	/ẽˈkõtɾɨ/	/ẽkõˈtɾɛmuʃ/	/ẽˈkõtɾɐ̃j/	/ˈnɐ̃w ẽˈkõtɾɨʃ/	/ˈnɐ̃w ẽˈkõtɾɨ/	/ẽkõˈtɾɛmuʃ/	/ˈnɐ̃w ẽˈkõtɾɐ̃j/		Portugues::Curso::1A2 Portugues::Verbos::-AR Portugues::Conjugacao Portugues::Verbos::Imperativo(Pres) Portugues::Verbos::Imperativo(Pres)::-AR Portugues::Verbos::Tempo::Imperativo
pensar + imperativo (pres)	pensar	imperativo	Pensa	Pense	Pensemos	Pensem	Não penses	Não pense	Pensemos	Não pensem	/ˈpẽsɐ/	/ˈpẽsɨ/	/pẽˈsɛmuʃ/	/ˈpẽsɐ̃j/	/ˈnɐ̃w ˈpẽsɨʃ/	/ˈnɐ̃w ˈpẽsɨ/	/pẽˈsɛmuʃ/	/ˈnɐ̃w ˈpẽsɐ̃j/		Portugues::Curso::1A2 Portugues::Verbos::-AR Portugues::Conjugacao Portugues::Verbos::Imperativo(Pres) Portugues::Verbos::Imperativo(Pres)::-AR Portugues::Verbos::Tempo::Imperativo
viajar + imperativo (pres)	viajar	imperativo	Viaja	Viaje	Viajemos	Viajem	Não viajes	Não viaje	Viajemos	Não viajem	/viˈaʒɐ/	/viˈaʒɨ/	/viɐˈʒemuʃ/	/viˈaʒɐ̃j/	/ˈnɐ̃w viˈaʒɨʃ/	/ˈnɐ̃w viˈaʒɨ/	/viɐˈʒemuʃ/	/ˈnɐ̃w viˈaʒɐ̃j/		Portugues::Curso::1A2 Portugues::Verbos::-AR Portugues::Conjugacao Portugues::Verbos::Imperativo(Pres) Portugues::Verbos::Imperativo(Pres)::-AR Portugues::Verbos::Tempo::Imperativo
beijar + imperativo (pres)	beijar	imperativo	Beija	Beije	Beijemos	Beijem	Não beijes	Não beije	Beijemos	Não beijem	/ˈbɐjʒɐ/	/ˈbɐjʒɨ/	/bɐjˈʒemuʃ/	/ˈbɐjʒɐ̃j/	/ˈnɐ̃w ˈbɐjʒɨʃ/	/ˈnɐ̃w ˈbɐjʒɨ/	/bɐjˈʒemuʃ/	/ˈnɐ̃w ˈbɐjʒɐ̃j/		Portugues::Curso::1A2 Portugues::Verbos::-AR Portugues::Conjugacao Portugues::Verbos::Imperativo(Pres) Portugues::Verbos::Imperativo(Pres)::-AR Portugues::Verbos::Tempo::Imperativo
cantar + imperativo (pres)	cantar	imperativo	Canta	Cante	Cantemos	Cantem	Não cantes	Não cante	Cantemos	Não cantem	/ˈkɐ̃tɐ/	/ˈkɐ̃tɨ/	/kɐ̃ˈtemuʃ/	/ˈkɐ̃tɐ̃j/	/ˈnɐ̃w ˈkɐ̃tɨʃ/	/ˈnɐ̃w ˈkɐ̃tɨ/	/kɐ̃ˈtemuʃ/	/ˈnɐ̃w ˈkɐ̃tɐ̃j/		Portugues::Curso::1A2 Portugues::Verbos::-AR Portugues::Conjugacao Portugues::Verbos::Imperativo(Pres) Portugues::Verbos::Imperativo(Pres)::-AR Portugues::Verbos::Tempo::Imperativo
chamar + imperativo (pres)	chamar	imperativo	Chama	Chame	Chamemos	Chamem	Não chames	Não chame	Chamemos	Não chamem	/ˈʃɐmɐ/	/ˈʃɐmɨ/	/ʃɐˈmemuʃ/	/ˈʃɐmɐ̃j/	/ˈnɐ̃w ˈʃɐmɨʃ/	/ˈnɐ̃w ˈʃɐmɨ/	/ʃɐˈmemuʃ/	/ˈnɐ̃w ˈʃɐmɐ̃j/		Portugues::Curso::1A2 Portugues::Verbos::-AR Portugues::Conjugacao Portugues::Verbos::Imperativo(Pres) Portugues::Verbos::Imperativo(Pres)::-AR Portugues::Verbos::Tempo::Imperativo
costumar + imperativo (pres)	costumar	imperativo	Costuma	Costume	Costumemos	Costumem	Não costumes	Não costume	Costumemos	Não costumem	/kuʃˈtumɐ/	/kuʃˈtumɨ/	/kuʃtuˈmemuʃ/	/kuʃˈtumɐ̃j/	/ˈnɐ̃w kuʃˈtumɨʃ/	/ˈnɐ̃w kuʃˈtumɨ/	/kuʃtuˈmemuʃ/	/ˈnɐ̃w kuʃˈtumɐ̃j/		Portugues::Curso::1A2 Portugues::Verbos::-AR Portugues::Conjugacao Portugues::Verbos::Imperativo(Pres) Portugues::Verbos::Imperativo(Pres)::-AR Portugues::Verbos::Tempo::Imperativo
dançar + imperativo (pres)	dançar	imperativo	Dança	Dançe	Dancemos	Dançem	Não danças	Não dançe	Dancemos	Não dançem	/ˈdɐ̃sɐ/	/ˈdɐ̃sɨ/	/dɐ̃ˈsemuʃ/	/ˈdɐ̃sɐ̃j/	/ˈnɐ̃w ˈdɐ̃sɐʃ/	/ˈnɐ̃w ˈdɐ̃sɨ/	/dɐ̃ˈsemuʃ/	/ˈnɐ̃w ˈdɐ̃sɐ̃j/		Portugues::Curso::1A2 Portugues::Verbos::-AR Portugues::Conjugacao Portugues::Verbos::Imperativo(Pres) Portugues::Verbos::Imperativo(Pres)::-AR Portugues::Verbos::Tempo::Imperativo
deixar + imperativo (pres)	deixar	imperativo	Deixa	Deixe	Deixemos	Deixem	Não deixes	Não deixe	Deixemos	Não deixem	/ˈdɐjʃɐ/	/ˈdɐjʃɨ/	/dɐjˈʃemuʃ/	/ˈdɐjʃɐ̃j/	/ˈnɐ̃w ˈdɐjʃɨʃ/	/ˈnɐ̃w ˈdɐjʃɨ/	/dɐjˈʃemuʃ/	/ˈnɐ̃w ˈdɐjʃɐ̃j/		Portugues::Curso::1A2 Portugues::Verbos::-AR Portugues::Conjugacao Portugues::Verbos::Imperativo(Pres) Portugues::Verbos::Imperativo(Pres)::-AR Portugues::Verbos::Tempo::Imperativo
ligar + imperativo (pres)	ligar	imperativo	Liga	Ligue	Liguemos	Liguem	Não ligu es	Não ligue	Liguemos	Não liguem	/ˈɫigɐ/	/ˈɫigɨ/	/liˈɡemuʃ/	/ˈɫigɐ̃j/	/ˈnɐ̃w ɫiˈgu ʃ/	/ˈnɐ̃w ˈɫigɨ/	/liˈɡemuʃ/	/ˈnɐ̃w ˈɫigɐ̃j/		Portugues::Curso::1A2 Portugues::Verbos::-AR Portugues::Conjugacao Portugues::Verbos::Imperativo(Pres) Portugues::Verbos::Imperativo(Pres)::-AR Portugues::Verbos::Tempo::Imperativo
marcar + imperativo (pres)	marcar	imperativo	Marca	Marque	Marquemos	Marquem	Não marques	Não marque	Marquemos	Não marquem	/ˈmaɾkɐ/	/ˈmaɾkɨ/	/mɐɾˈkemuʃ/	/ˈmaɾkɐ̃j/	/ˈnɐ̃w ˈmaɾkɨʃ/	/ˈnɐ̃w ˈmaɾkɨ/	/mɐɾˈkemuʃ/	/ˈnɐ̃w ˈmaɾkɐ̃j/		Portugues::Curso::1A2 Portugues::Verbos::-AR Portugues::Conjugacao Portugues::Verbos::Imperativo(Pres) Portugues::Verbos::Imperativo(Pres)::-AR Portugues::Verbos::Tempo::Imperativo
ID (Verbo + Imperativo)	Verbo	Tiempo	tu	voce	nos	voces	tu_neg	voce_neg	nos_neg	voces_neg	tu_IPA	voce_IPA	nos_IPA	voces_IPA	tu_neg_IPA	voce_neg_IPA	nos_neg_IPA	voces_neg_IPA		Tags
fazer + imperativo	fazer	imperativo	Faz	Faça	Façamos	Façam	Não faças	Não faça	Não façamos	Não façam	/ˈfaʃ/	/ˈfasɐ/	/fɐˈsɐmuʃ/	/ˈfasɐ̃w̃/	/ˈnɐ̃w̃ ˈfasɐʃ/	/ˈnɐ̃w̃ ˈfasɐ/	/ˈnɐ̃w̃ fɐˈsɐmuʃ/	/ˈnɐ̃w̃ ˈfasɐ̃w̃/		Portugues::Curso::2A2 Portugues::Verbos::-ER Portugues::Conjugacao Portugues::Verbos::Imperativo(Pres) Portugues::Verbos::Imperativo(Pres)::-ER Portugues::Verbos::Tempo::Imperativo
incluir + imperativo	incluir	imperativo	Inclui	Inclua	Incluamos	Incluam	Não incluas	Não inclua	Não incluamos	Não incluam	/ĩˈkluj/	/ĩˈkluɐ/	/ĩkluˈɐmuʃ/	/ĩˈkluɐ̃w̃/	/ˈnɐ̃w̃ ĩˈkluɐʃ/	/ˈnɐ̃w̃ ĩˈkluɐ/	/ˈnɐ̃w̃ ĩkluˈɐmuʃ/	/ˈnɐ̃w̃ ĩˈkluɐ̃w̃/		Portugues::Curso::2A2 Portugues::Verbos::-IR Portugues::Conjugacao Portugues::Verbos::Imperativo(Pres) Portugues::Verbos::Imperativo(Pres)::-IR Portugues::Verbos::Tempo::Imperativo
beber + imperativo	beber	imperativo	Bebe	Beba	Bebamos	Bebam	Não bebas	Não beba	Não bebamos	Não bebam	/ˈbɛbɨ/	/ˈbɛbɐ/	/bɨˈbɐmuʃ/	/ˈbɛbɐ̃w̃/	/ˈnɐ̃w̃ ˈbɛbɐʃ/	/ˈnɐ̃w̃ ˈbɛbɐ/	/ˈnɐ̃w̃ bɨˈbɐmuʃ/	/ˈnɐ̃w̃ ˈbɛbɐ̃w̃/		Portugues::Curso::2A2 Portugues::Verbos::-ER Portugues::Conjugacao Portugues::Verbos::Imperativo(Pres) Portugues::Verbos::Imperativo(Pres)::-ER Portugues::Verbos::Tempo::Imperativo
comer + imperativo	comer	imperativo	Come	Coma	Comamos	Comam	Não comas	Não coma	Não comamos	Não comam	/ˈkɔmɨ/	/ˈkɔmɐ/	/kuˈmɐmuʃ/	/ˈkɔmɐ̃w̃/	/ˈnɐ̃w̃ ˈkɔmɐʃ/	/ˈnɐ̃w̃ ˈkɔmɐ/	/ˈnɐ̃w̃ kuˈmɐmuʃ/	/ˈnɐ̃w̃ ˈkɔmɐ̃w̃/		Portugues::Curso::2A2 Portugues::Verbos::-ER Portugues::Conjugacao Portugues::Verbos::Imperativo(Pres) Portugues::Verbos::Imperativo(Pres)::-ER Portugues::Verbos::Tempo::Imperativo
manter + imperativo	manter	imperativo	Mantem	Mantenha	Mantenhamos	Mantenham	Não mantenhas	Não mantenha	Não mantenhamos	Não mantenham	/ˈmɐ̃tɐ̃j̃/	/mɐ̃ˈtɐɲɐ/	/mɐ̃tɨˈɲɐmuʃ/	/mɐ̃ˈtɐɲɐ̃w̃/	/ˈnɐ̃w̃ mɐ̃ˈtɐɲɐʃ/	/ˈnɐ̃w̃ mɐ̃ˈtɐɲɐ/	/ˈnɐ̃w̃ mɐ̃tɨˈɲɐmuʃ/	/ˈnɐ̃w̃ mɐ̃ˈtɐɲɐ̃w̃/		Portugues::Curso::2A2 Portugues::Verbos::-ER Portugues::Conjugacao Portugues::Verbos::Imperativo(Pres) Portugues::Verbos::Imperativo(Pres)::-ER Portugues::Verbos::Tempo::Imperativo
definir + imperativo	definir	imperativo	Define	Defina	Definamos	Definam	Não definas	Não defina	Não definamos	Não definam	/dɨˈfinɨ/	/dɨˈfinɐ/	/dɨfiˈnɐmuʃ/	/dɨˈfinɐ̃w̃/	/ˈnɐ̃w̃ dɨˈfinɐʃ/	/ˈnɐ̃w̃ dɨˈfinɐ/	/ˈnɐ̃w̃ dɨfiˈnɐmuʃ/	/ˈnɐ̃w̃ dɨˈfinɐ̃w̃/		Portugues::Curso::2A2 Portugues::Verbos::-IR Portugues::Conjugacao Portugues::Verbos::Imperativo(Pres) Portugues::Verbos::Imperativo(Pres)::-IR Portugues::Verbos::Tempo::Imperativo
ler + imperativo	ler	imperativo	Lê	Leia	Leiamos	Leiam	Não leias	Não leias	Não leiamos	Não leiam	/ˈle/	/ˈlɐjɐ/	/lɐjˈɐmuʃ/	/ˈlɐjɐ̃w̃/	/ˈnɐ̃w̃ ˈlɐjɐʃ/	/ˈnɐ̃w̃ ˈlɐjɐʃ/	/ˈnɐ̃w̃ lɐjˈɐmuʃ/	/ˈnɐ̃w̃ ˈlɐjɐ̃w̃/		Portugues::Curso::2A2 Portugues::Verbos::-ER Portugues::Conjugacao Portugues::Verbos::Imperativo(Pres) Portugues::Verbos::Imperativo(Pres)::-ER Portugues::Verbos::Tempo::Imperativo
consumir + imperativo	consumir	imperativo	Consome	Consuma	Consumamos	Consumam	Não consumas	Não consuma	Não consumamos	Não consumam	/kõˈsɔmɨ/	/kõˈsumɐ/	/kõsuˈmɐmuʃ/	/kõˈsumɐ̃w̃/	/ˈnɐ̃w̃ kõˈsumɐʃ/	/ˈnɐ̃w̃ kõˈsumɐ/	/ˈnɐ̃w̃ kõsuˈmɐmuʃ/	/ˈnɐ̃w̃ kõˈsumɐ̃w̃/		Portugues::Curso::2A2 Portugues::Verbos::-IR Portugues::Conjugacao Portugues::Verbos::Imperativo(Pres) Portugues::Verbos::Imperativo(Pres)::-IR Portugues::Verbos::Tempo::Imperativo
poupar + imperativo	poupar	imperativo	Poupa	Poupe	Poupemos	Poupem	Não poupes	Não poupe	Não poupemos	Não poupem	/ˈpopɐ/	/ˈpopɨ/	/poˈpemuʃ/	/ˈpopɐ̃j̃/	/ˈnɐ̃w̃ ˈpopɨʃ/	/ˈnɐ̃w̃ ˈpopɨ/	/ˈnɐ̃w̃ poˈpemuʃ/	/ˈnɐ̃w̃ ˈpopɐ̃j̃/		Portugues::Curso::2A2 Portugues::Verbos::-AR Portugues::Conjugacao Portugues::Verbos::Imperativo(Pres) Portugues::Verbos::Imperativo(Pres)::-AR Portugues::Verbos::Tempo::Imperativo
reciclar + imperativo	reciclar	imperativo	Recicla	Recicle	Reciclemos	Reciclem	Não recicles	Não recicle	Não reciclemos	Não reciclem	/ʁɨˈsiklɐ/	/ʁɨˈsiklɨ/	/ʁɨsiˈklemuʃ/	/ʁɨˈsiklɐ̃j̃/	/ˈnɐ̃w̃ ʁɨˈsiklɨʃ/	/ˈnɐ̃w̃ ʁɨˈsiklɨ/	/ˈnɐ̃w̃ ʁɨsiˈklemuʃ/	/ˈnɐ̃w̃ ʁɨˈsiklɐ̃j̃/		Portugues::Curso::2A2 Portugues::Verbos::-AR Portugues::Conjugacao Portugues::Verbos::Imperativo(Pres) Portugues::Verbos::Imperativo(Pres)::-AR Portugues::Verbos::Tempo::Imperativo
ajudar + imperativo	ajudar	imperativo	Ajuda	Ajude	Ajudemos	Ajudem	Não ajudes	Não ajude	Não ajudemos	Não ajudem	/ɐˈʒudɐ/	/ɐˈʒudɨ/	/ɐʒuˈdemuʃ/	/ɐˈʒudɐ̃j̃/	/ˈnɐ̃w̃ ɐˈʒudɨʃ/	/ˈnɐ̃w̃ ɐˈʒudɨ/	/ˈnɐ̃w̃ ɐʒuˈdemuʃ/	/ˈnɐ̃w̃ ɐˈʒudɐ̃j̃/		Portugues::Curso::2A2 Portugues::Verbos::-AR Portugues::Conjugacao Portugues::Verbos::Imperativo(Pres) Portugues::Verbos::Imperativo(Pres)::-AR Portugues::Verbos::Tempo::Imperativo