vestir + presente	vestir	presente	Visto	Vestes	Veste	Vestimos	Vestem	/ˈviʃ.tu/	/ˈveʃ.tɐʃ/	/ˈveʃ.ti/	/veʃˈti.muʃ/	/ˈveʃ.tẽj̃/		Português::Curso::A1 Português::Termina::-ir Português::Verbos::Presente Português::Verbos::Dificiles Português::Verbos::Presente::Irregulares
despir + presente	despir (desvestir)	presente	Dispo	Despes	Despe	Despimos	Despem	/ˈdiʃ.pu/	/ˈdeʃ.pɨʃ/	/ˈdɛʃ.pɨ/	/dɨʃˈpimuʃ/	/ˈdɛʃ.pẽj/		Português::Curso::A1 Português::Termina::-ir Português::Verbos::Presente Português::Verbos::Dificiles Português::Verbos::Presente::Irregulares
sentir + presente	sentir	presente	Sinto	Sentes	Sente	Sentimos	Sentem	/ˈsẽ.ti/	/ˈsẽ.tɐʃ/	/ˈsẽ.ti/	/sẽˈti.muʃ/	/ˈsẽ.tẽj̃/		Português::Curso::A1 Português::Termina::-ir Português::Verbos::Presente Português::Verbos::Dificiles Português::Verbos::Presente::Irregulares
preferir + presente	preferir	presente	Prefiro	Preferes	Prefere	Preferimos	Preferem	/pɾeˈfi.ɾu/	/pɾɨˈfe.ɾɨʃ/	/pɾɨˈfe.ɾɨ/	/pɾɨˈfe.ɾi.muʃ/	/pɾɨˈfe.ɾẽj̃/		Português::Curso::A1 Português::Termina::-ir Português::Verbos::Presente Português::Verbos::Dificiles Português::Verbos::Presente::Irregulares
conseguir + presente	conseguir	presente	Consigo	Consegues	Consegue	Conseguimos	Conseguem	/kõˈse.giʁ/	/kõˈse.ɡɐʃ/	/kõˈse.ɡi/	/kõ.seˈɡi.muʃ/	/kõˈse.ɡẽj̃/		Português::Curso::A1 Português::Termina::-ir Português::Termina::-ir::-seguir Português::Verbos::Presente Português::Verbos::Dificiles Português::Verbos::Presente::Irregulares
seguir + presente	seguir	presente	Sigo	Segues	Segue	Seguimos	Seguem	/ˈsi.ɡu/	/sɛ.'ɡɛʃ/	/ˈsi.ɡi/	/siˈɡi.muʃ/	/ˈsi.ɡẽj̃/		Português::Curso::A1 Português::Termina::-ir Português::Termina::-ir::-seguir Português::Verbos::Presente Português::Verbos::Dificiles Português::Verbos::Presente::Irregulares
corrigir + presente	corrigir	presente	Corrijo	Corriges	Corrige	Corrigimos	Corrigem	/koˈʁi.ʒu/	/koˈʁi.ʒɨʃ/	/koˈʁi.ʒɨ/	/ko.ʁi.ʒiˈmuʃ/	/ko.ʁiˈʒẽj/		Português::Curso::A1 Português::Termina::-ir Português::Termina::-ir::-gir Português::Verbos::Presente Português::Verbos::Dificiles
dirigir + presente	dirigir	presente	Dirijo	Diriges	Dirige	Dirigimos	Dirigem	/di.ɾiˈʒiɾ/	/di.ɾiˈʒiɾʃ/	/di.ɾiˈʒi/	/di.ɾiˈʒi.muʃ/	/di.ɾiˈʒẽj̃/		Português::Curso::A1 Português::Termina::-ir Português::Termina::-ir::-gir Português::Verbos::Presente Português::Verbos::Dificiles
partir + presente	partir	presente	Parto	Partes	Parte	Partimos	Partem	/ˈpaɾ.tu/	/ˈpaɾ.tɨʃ/	/ˈpaɾ.tɨ/	/paɾˈti.muʃ/	/ˈpaɾ.tẽj̃/		Português::Curso::A1 Português::Termina::-ir Português::Termina::-ir::-tir Português::Verbos::Presente
servir + presente	servir	presente	Sirvo	Serves	Serve	Servimos	Servem	/ˈsiɾ.vu/	/ˈsiɾ.vuʃ/	/ˈsiɾ.vɐ/	/ˈsiɾ.vɐ.muʃ/	/ˈsiɾ.vɐ̃w̃/		Português::Curso::A1 Português::Termina::-ir Português::Verbos::Presente Português::Verbos::Dificiles Português::Verbos::Presente::Irregulares
discutir + presente	discutir	presente	Discuto	Discutes	Discute	Discutimos	Discutem	/diʃ.ˈku.tu/	/diʃ.ˈku.tɨʃ/	/diʃ.ˈku.tɨ/	/diʃ.ˈku.ti.muʃ/	/diʃ.ˈku.tẽj̃/		Português::Curso::A1 Português::Termina::-ir Português::Verbos::Presente
admitir + presente	admitir	presente	Admito	Admites	Admite	Admitimos	Admitem	/ɐdˈmi.tu/	/ɐdˈmi.tɨʃ/	/ɐdˈmi.tɨ/	/ɐdˈmi.ti.muʃ/	/ɐdˈmi.tẽj̃/		Português::Curso::A1 Português::Termina::-ir::-tir Português::Verbos::Presente
traduzir + presente	traduzir	presente	Traduzo	Traduzes	Traduz	Traduzimos	Traduzem	/tɾɐˈdu.zu/	/tɾɐˈdu.zɨʃ/	/tɾɐˈduz/	/tɾɐˈduzi.muʃ/	/tɾɐˈduzẽj̃/		Português::Curso::A1 Português::Termina::-ir Português::Termina::-ir::-uzir Português::Verbos::Presente Português::Verbos::Dificiles
introduzir + presente	introduzir	presente	Introduzo	Introduzes	Introduz	Introduzimos	Introduzem	/ĩ.tɾu.ˈdu.zu/	/ĩ.tɾu.duˈzɨʃ/	/ĩ.tɾuˈduz/	/ĩ.tɾuˈduzi.muʃ/	/ĩ.tɾuˈduzẽj̃/		Português::Curso::A1 Português::Termina::-ir::-uzir Português::Verbos::Presente Português::Verbos::Dificiles
reunir + presente	reunir	presente	Reúno	Reúnes	Reúne	Reunimos	Reúnem	/ʁɨˈu.nu/	/ʁɨˈu.nɨʃ/	/ʁɨˈu.nɨ/	/ʁɨ.uˈni.muʃ/	/ʁɨˈu.nẽj/		Português::Curso::A1 Português::Termina::-ir Português::Verbos::Presente Português::Verbos::Dificiles
permitir + presente	permitir	presente	Permito	Permites	Permite	Permitimos	Permitem	/pɛɾˈmi.tu/	/pɛɾ.miˈtiʃ/	/pɛɾˈmi.tɨ/	/pɛɾmiˈti.muʃ/	/pɛɾmiˈtẽj̃/		Português::Curso::A1 Português::Termina::-ir Português::Verbos::Presente Português::Verbos::Dificiles
repetir + presente	repetir	presente	Repito	Repetes	Repete	Repetimos	Repetem	/ʁɨ.ˈpi.tu/	/ʁɨ.ˈpi.tɨʃ/	/ʁɨ.ˈpi.tɨ/	/ʁɨ.ˈpi.ti.muʃ/	/ʁɨ.ˈpi.tẽj̃/		Português::Curso::A1 Português::Termina::-ir Português::Verbos::Presente Português::Verbos::Dificiles Português::Verbos::Presente::Irregulares
assistir + presente	assistir	presente	Assisto	Assistes	Assiste	Assistimos	Assistem	/ɐ.ˈsiʃ.tu/	/ɐ.ˈsiʃ.tɨʃ/	/ɐ.ˈsiʃ.tɨ/	/ɐ.ˈsiʃ.ti.muʃ/	/ɐ.ˈsiʃ.tẽj̃/		Português::Curso::A1 Português::Termina::-ir::-tir Português::Verbos::Presente
cumprir + presente	cumprir (cumplir e.g. años)	presente	Cumpro	Cumpres	Cumpre	Cumprimos	Cumprem	/kũ.ˈpɾu/	/kũ.ˈpɾɨʃ/	/kũ.ˈpɾɨ/	/kũ.ˈpɾi.muʃ/	/kũ.ˈpɾẽj̃/		Português::Curso::A1 Português::Verbos::Presente
desistir + presente	desistir	presente	Desisto	Desistes	Desiste	Desistimos	Desistem	/dɨ.ˈziʃ.tu/	/dɨ.ˈziʃ.tɨʃ/	/dɨ.ˈziʃ.tɨ/	/dɨ.ˈziʃ.ti.muʃ/	/dɨ.ˈziʃ.tẽj̃/		Português::Curso::A1 Português::Verbos::Presente
discutir + presente	discutir	presente	Discuto	Discutes	Discute	Discutimos	Discutem	/diʃ.ˈku.tu/	/diʃ.ˈku.tɨʃ/	/diʃ.ˈku.tɨ/	/diʃ.ˈku.ti.muʃ/	/diʃ.ˈku.tẽj̃/		Português::Curso::A1 Português::Termina::-ir Português::Verbos::Presente
imprimir + presente	imprimir	presente	Imprimo	Imprimes	Imprime	Imprimimos	Imprimem	/ĩ.ˈpɾi.mu/	/ĩ.ˈpɾi.miʃ/	/ĩ.ˈpɾi.mi/	/ĩ.ˈpɾi.mi.muʃ/	/ĩ.ˈpɾi.mẽj̃/		Português::Curso::A1 Português::Termina::-ir::-mir Português::Verbos::Presente
abrir + presente	abrir	presente	Abro	Abres	Abre	Abrimos	Abrem	/ˈa.bɾu/	/ˈa.bɾɨʃ/	/ˈa.bɾɨ/	/ɐ.ˈbɾi.muʃ/	/ˈa.bɾẽj̃/		Português::Curso::A1 Português::Termina::-ir Português::Verbos::Presente
resumir + presente	resumir	presente	Resumo	Resumes	Resume	Resumimos	Resumem	/ʁɨˈzu.mu/	/ʁɨˈzu.muʃ/	/ʁɨˈzu.mi/	/ʁɨzuˈmi.muʃ/	/ʁɨzuˈmẽj̃/		Português::Curso::A1 Português::Termina::-ir Português::Verbos::Presente
decidir + presente	decidir	presente	Decido	Decides	Decide	Decidimos	Decidem	/dɨˈsi.du/	/dɨ.siˈdiʃ/	/dɨˈsi.dɨ/	/dɨsiˈdi.muʃ/	/dɨˈsi.dẽj̃/		Português::Curso::A1 Português::Verbos::Presente
dividir + presente	dividir	presente	Divido	Divides	Divide	Dividimos	Dividem	/diˈvi.du/	/di.viˈdiʃ/	/diˈvi.dɨ/	/di.viˈdi.muʃ/	/di.viˈdẽj̃/		Português::Curso::A1 Português::Termina::-ir Português::Verbos::Presente Português::Verbos::Dificiles
conhecer + presente	conhecer	presente	Conheço	Conheces	Conhece	Conhecemos	Conhecem	/ˈkõ.ɛsu/	/kõˈɛʃiʃ/	/kõˈɛ.si/	/kõˈɛʃi.muʃ/	/kõˈɛʃẽj̃/		Português::Curso::A1 Português::Verbos::Presente
descer + presente	descer	presente	Desço	Desces	Desce	Descemos	Descem	/ˈdeʃu/	/ˈdeʃiʃ/	/ˈdeʃi/	/ˈdeʃi.muʃ/	/ˈdeʃẽj̃/		Português::Curso::A1 Português::Verbos::Presente
esquecer + presente	esquecer	presente	Esqueço	Esqueces	Esquece	Esquecemos	Esquecem	/ɨʃˈkɛsu/	/ɨʃ.kɛˈseʃ/	/ɨʃˈkɛ.si/	/ɨʃkɛˈse.muʃ/	/ɨʃ.kɛˈsẽj̃/		Português::Curso::A1 Português::Verbos::Presente
aquecer + presente	aquecer (calentar)	presente	Aqueço	Aqueces	Aquece	Aquecemos	Aquecem	/ɐˈkɛsu/	/ɐ.kɛˈseʃ/	/ɐ.kɛˈsi/	/ɐkɛˈse.muʃ/	/ɐkɛˈsẽj̃/		Português::Curso::A1 Português::Termina::-er::-ecer Português::Verbos::Presente
parecer + presente	parecer	presente	Pareço	Pareces	Parece	Parecemos	Parecem	/pɐˈɾɛsu/	/pɐˈɾɛʃiʃ/	/pɐˈɾɛ.si/	/paˈɾɛ.si.muʃ/	/paˈɾɛ.sẽj̃/		Português::Curso::A1 Português::Termina::-er::-ecer Português::Verbos::Presente
abranger + presente	abranger (cubrir, abarcar)	presente	Abranjo	Abranges	Abrange	Abrangemos	Abrangem	/ɐˈbɾɐ̃ʒu/	/ɐˈbɾɐ̃ʒɨʃ/	/ɐˈbɾɐ̃ʒɨ/	/ɐˈbɾɐ̃ʒɨmuʃ/	/ɐˈbɾɐ̃ʒɐ̃j/		Português::Curso::A1 Português::Termina::-er Português::Verbos::Presente Português::Verbos::Dificiles
proteger + presente	proteger	presente	Protejo	Proteges	Protege	Protegemos	Protegem	/pɾuˈtɛʒu/	/pɾuˈtɛʒiʃ/	/pɾuˈtɛ.ʒɨ/	/pɾuˈtɛʒi.muʃ/	/pɾuˈtɛʒẽj̃/		Português::Curso::A1 Português::Verbos::Presente
entender + presente	entender	presente	Entendo	Entendes	Entende	Entendemos	Entendem	/ẽˈtẽdu/	/ẽˈtẽdiʃ/	/ẽˈtẽ.dɨ/	/ẽˈtẽ.di.muʃ/	/ẽˈtẽ.dẽj̃/		Português::Curso::A1 Português::Verbos::Presente
morrer + presente	morrer	presente	Morro	Morres	Morre	Morremos	Morrem	/ˈmoʁu/	/ˈmoʁiʃ/	/ˈmo.ʁɨ/	/muˈʁe.muʃ/	/muˈʁẽj̃/		Português::Curso::A1 Português::Verbos::Presente
perceber + presente	perceber	presente	Percebo	Percebes	Percebe	Percebemos	Percebem	/pɨɾˈsɛbu/	/pɨɾˈsɛbɨʃ/	/pɨɾˈsɛ.bɨ/	/pɨɾˈsɛbɨ.muʃ/	/pɨɾˈsɛ.bẽj̃/		Português::Curso::A1 Português::Verbos::Presente
beber + presente	beber	presente	Bebo	Bebes	Bebe	Bebemos	Bebem	/ˈbebu/	/ˈbɛbiʃ/	/ˈbɛ.bɨ/	/ˈbɛ.be.muʃ/	/ˈbɛ.bẽj̃/		Português::Curso::A1 Português::Verbos::Presente
compreender + presente	compreender	presente	Compreendo	Compreendes	Compreende	Compreendemos	Compreendem	/kõpɾẽˈẽdu/	/kõpɾẽˈẽdiʃ/	/kõ.pɾẽˈẽ.dɨ/	/kõpɾẽˈẽ.di.muʃ/	/kõ.pɾẽˈẽ.dẽj̃/		Português::Curso::A1 Português::Verbos::Presente
aprender + presente	aprender	presente	Aprendo	Aprendes	Aprende	Aprendemos	Aprendem	/apˈɾẽdu/	/apˈɾẽdiʃ/	/apˈɾẽ.dɨ/	/apˈɾẽ.di.muʃ/	/apˈɾẽ.dẽj̃/		Português::Curso::A1 Português::Termina::-er::-ender Português::Verbos::Presente
viver + presente	viver	presente	Vivo	Vives	Vive	Vivemos	Vivem	/ˈvivu/	/ˈviviʃ/	/ˈvi.vɨ/	/ˈvi.vi.muʃ/	/ˈvi.vẽj̃/		Português::Curso::A1 Português::Termina::-er Português::Verbos::Presente
escrever + presente	escrever	presente	Escrevo	Escreves	Escreve	Escrevemos	Escrevem	/ɨʃˈkɾɛvu/	/ɨʃˈkɾɛviʃ/	/ɨʃˈkɾɨ.vɨ/	/ɨʃkɾɨˈve.muʃ/	/ɨʃ.kɾɨˈvẽj̃/		Português::Curso::A1 Português::Verbos::Presente
resolver + presente	resolver	presente	Resolvo	Resolves	Resolve	Resolvemos	Resolvem	/ʁɨˈzolvu/	/ʁɨˈzolvɨʃ/	/ʁɨˈzɔlvɨ/	/ʁɨ.zuˈlvɨ.muʃ/	/ʁɨ.zuˈlvẽj̃/		Português::Curso::A1 Português::Verbos::Presente
atender + presente	atender	presente	Atendo	Atendes	Atende	Atendemos	Atendem	/aˈtẽdu/	/aˈtẽdɨʃ/	/aˈtẽdɨ/	/aˈtẽdɨ.muʃ/	/aˈtẽdẽj̃/		Português::Curso::A1 Português::Termina::-er::-ender Português::Verbos::Presente
responder + presente	responder	presente	Respondo	Respondes	Responde	Respondemos	Respondem	/ʁɨˈʃpõdu/	/ʁɨˈʃpõdɨʃ/	/ʁɨˈʃpõdɨ/	/ʁɨʃˈpõdɨ.muʃ/	/ʁɨˈʃpõdẽj̃/		Português::Curso::A1 Português::Verbos::Presente
receber + presente	receber	presente	Recebo	Recebes	Recebe	Recebemos	Recebem	/ʁɨˈsɛbu/	/ʁɨˈsɛbɨʃ/	/ʁɨˈsɛbɨ/	/ʁɨʃˈsɛbɨ.muʃ/	/ʁɨˈsɛbẽj̃/		Português::Curso::A1 Português::Verbos::Presente
debater + presente	debater	presente	Debato	Debates	Debate	Debatemos	Debatem	/dɨˈbatu/	/dɨˈbatɨʃ/	/dɨˈbatɨ/	/dɨbɐˈtɛ.muʃ/	/dɨˈbatẽj̃/		Português::Curso::A1 Português::Verbos::Presente
dever + presente	dever	presente	Devo	Deves	Deve	Devemos	Devem	/ˈdɛvu/	/ˈdɛvɨʃ/	/ˈdɛvɨ/	/ˈdɛvɨ.muʃ/	/ˈdɛvẽj̃/		Português::Curso::A1 Português::Verbos::Presente
construir + presente	construir	presente	Construo	Constróis	Constrói	Construímos	Constroem	/kõʃ.ˈtɾu.o/	/kõʃ.ˈtɾɔjʃ/	/kõʃ.ˈtɾɔj/	/kõʃ.tɾu.ˈi.muʃ/	/kõʃ.ˈtɾo.ẽj/		Português::Curso::A1 Português::Termina::-ir Português::Termina::-ir::-uir Português::Verbos::Presente Português::Verbos::Dificiles
destruir + presente	destruir	presente	Destruo	Destróis	Destrói	Destruímos	Destroem	/dɨʃˈtɾu.u/	/dɨʃˈtɾɔjʃ/	/dɨʃˈtɾɔj/	/dɨʃ.tɾuˈi.muʃ/	/dɨʃˈtɾu.ẽj/		Português::Curso::A1 Português::Termina::-ir Português::Termina::-ir::-uir Português::Verbos::Presente Português::Verbos::Dificiles
substituir + presente	substituir	presente	Substituo	Substituis	Substitui	Substituímos	Substituem	/suʃbɨʃˈtuj.u/	/suʃbɨʃˈtu.ɨʃ/	/suʃbɨʃˈtu.ɨ/	/suʃbɨʃtuˈɨ.muʃ/	/suʃbɨʃˈtu.ẽj̃/		Português::Curso::A1 Português::Termina::-ir Português::Termina::-ir::-uir Português::Verbos::Presente Português::Verbos::Dificiles
distribuir + presente	distribuir	presente	Distribuo	Distribuis	Distribui	Distribuímos	Distribuem	/diʃtɾiˈbuj.u/	/diʃtɾiˈbu.ɨʃ/	/diʃtɾiˈbu.ɨ/	/diʃtɾiˈbɨ.muʃ/	/diʃtɾiˈbu.ẽj̃/		Português::Curso::A1 Português::Termina::-ir Português::Termina::-ir::-uir Português::Verbos::Presente Português::Verbos::Dificiles
atribuir + presente	atribuir	presente	Atribuo	Atribuis	Atribui	Atribuímos	Atribuem	/ɐtɾiˈbuj.u/	/ɐtɾiˈbu.ɨʃ/	/ɐtɾiˈbu.ɨ/	/ɐtɾiˈbɨ.muʃ/	/ɐtɾiˈbu.ẽj̃/		Português::Curso::A1 Português::Termina::-ir Português::Termina::-ir::-uir Português::Verbos::Presente Português::Verbos::Dificiles
constituir + presente	constituir	presente	Constituo	Constituís	Constitui	Constituímos	Constituem	/kõʃtiˈtuj.u/	/kõʃtiˈtu.ɨʃ/	/kõʃtiˈtu.ɨ/	/kõʃtiˈtu.ɨ.muʃ/	/kõʃtiˈtu.ẽj̃/		Português::Curso::A1 Português::Verbos::Presente
retribuir + presente	retribuir	presente	Retribuo	Retribuis	Retribui	Retribuímos	Retribuem	/ʁɨtɾiˈbuj.u/	/ʁɨtɾiˈbu.ɨʃ/	/ʁɨtɾiˈbu.ɨ/	/ʁɨtɾiˈbɨ.muʃ/	/ʁɨtɾiˈbu.ẽj̃/		Português::Curso::A1 Português::Termina::-ir Português::Termina::-ir::-uir Português::Verbos::Presente Português::Verbos::Dificiles
sair + presente	sair (salir)	presente	Saio	Sais	Sai	Saímos	Saem	/ˈsaju/	/ˈsajʃ/	/ˈsaj/	/ˈsajmuʃ/	/ˈsaj̃/		Português::Curso::A1 Português::Termina::-ir Português::Verbos::Presente Português::Verbos::Dificiles
cair + presente	cair (caer)	presente	Caio	Cais	Cai	Caímos	Caem	/ˈkaju/	/ˈkajʃ/	/ˈkaj/	/kɐˈjmuʃ/	/ˈkaj̃/		Português::Curso::A1 Português::Termina::-ir Português::Verbos::Presente Português::Verbos::Dificiles
falar + presente	falar	presente	Falo	Falas	Fala	Falamos	Falam	/ˈfalʊ/	/ˈfalɔʃ/	/ˈfalʊ/	/ˈfalɔmuʃ/	/ˈfalõj̃/		Português::Curso::A1 Português::Termina::-ar::-alar Português::Verbos::Presente
morar + presente	morar (residir)	presente	Moro	Moras	Mora	Moramos	Moram	/ˈmɔɾu/	/ˈmɔɾuʃ/	/ˈmɔɾu/	/ˈmɔɾumuʃ/	/ˈmɔɾũj̃/		Português::Curso::A1 Português::Termina::-ar::-rar::-orar Português::Verbos::Presente
jogar + presente	jogar (jugar c/reglas e.g. fútbol, ajedrez)	presente	Jogo	Jogas	Joga	Jogamos	Jogam	/ˈʒɔɡu/	/ˈʒɔɡuʃ/	/ˈʒɔɡu/	/ˈʒɔɡumuʃ/	/ˈʒɔɡũj̃/		Português::Curso::A1 Português::Termina::-ar Português::Termina::-ar::-gar Português::Verbos::Presente
tomar + presente	tomar	presente	Tomo	Tomas	Toma	Tomamos	Tomam	/ˈtɔmu/	/ˈtɔmuʃ/	/ˈtɔmu/	/ˈtɔmu.muʃ/	/ˈtɔmũj̃/		Português::Curso::A1 Português::Termina::-ar::-mar Português::Verbos::Presente
brincar + presente	brincar (jugar s/reglas, e.g. a las muñecas)	presente	Brinco	Brincas	Brinca	Brincamos	Brincam	/ˈbɾĩku/	/ˈbɾĩkuʃ/	/ˈbɾĩku/	/ˈbɾĩkumuʃ/	/ˈbɾĩkũj̃/		Português::Curso::A1 Português::Termina::-ar::-car Português::Verbos::Presente
almoçar + presente	almoçar	presente	Almoço	Almoças	Almoça	Almoçamos	Almoçam	/ɐˈlmu.su/	/ɐˈlmuʃ/	/ɐˈlmu.su/	/ɐˈlmu.muʃ/	/ɐˈlmu.sũj̃/		Português::Curso::A1 Português::Termina::-ar::-çar Português::Verbos::Presente
lanchar + presente	lanchar	presente	Lanço	Lanças	Lança	Lançamos	Lançam	/lɐ̃ˈsu/	/lɐ̃ʃuʃ/	/lɐ̃ˈsu/	/lɐ̃ˈsu.muʃ/	/lɐ̃ˈsũj̃/		Português::Curso::A1 Português::Termina::-ar::-char Português::Verbos::Presente
jantar + presente	jantar	presente	Janto	Jantas	Janta	Jantamos	Jantam	/ˈʒãtu/	/ˈʒɐ̃tuʃ/	/ˈʒãtu/	/ˈʒãtumuʃ/	/ˈʒãtũj̃/		Português::Curso::A1 Português::Termina::-ar::-tar::-antar Português::Verbos::Presente
comprar + presente	comprar	presente	Compro	Compras	Compra	Compramos	Compram	/ˈkõpɾu/	/ˈkõpɾuʃ/	/ˈkõpɾu/	/ˈkõpɾumuʃ/	/ˈkõpɾũj̃/		Português::Curso::A1 Português::Termina::-ar Português::Verbos::Presente
gostar + presente	gostar	presente	Gosto	Gostas	Gosta	Gostamos	Gostam	/ˈɡɔstu/	/ˈɡɔstuʃ/	/ˈɡɔstu/	/ˈɡɔstumuʃ/	/ˈɡɔstũj̃/		Português::Curso::A1 Português::Termina::-ar::-tar::-star Português::Verbos::Presente
fechar + presente	fechar (cerrar)	presente	Fecho	Fechas	Fecha	Fechamos	Fecham	/ˈfɛʃu/	/ˈfɛʃuʃ/	/ˈfɛʃu/	/ˈfɛʃumuʃ/	/ˈfɛʃũj̃/		Português::Curso::A1 Português::Termina::-ar::-char Português::Verbos::Presente
trabalhar + presente	trabalhar	presente	Trabalho	Trabalhas	Trabalha	Trabalhamos	Trabalham	/ˈtɾa.bɐ.ʎu/	/ˈtɾa.bɐ.ʎɐʃ/	/ˈtɾa.bɐ.ʎɐ/	/ˈtɾa.bɐ.ʎɐ.muʃ/	/ˈtɾa.bɐ.ʎɐ̃w̃/		Português::Curso::A1 Português::Termina::-ar::-lhar Português::Verbos::Presente
ocupar + presente	ocupar	presente	Ocupo	Ocupas	Ocupa	Ocupamos	Ocupam	/u.ˈku.pu/	/u.ˈku.puʃ/	/u.ˈku.pɐ/	/u.ˈku.pɐ.muʃ/	/u.ˈku.pɐ̃w̃/		Português::Curso::A1 Português::Termina::-ar::-upar Português::Verbos::Presente
practicar + presente	praticar	presente	Pratico	Praticas	Pratica	Praticamos	Praticam	/pɾɐ.ˈti.ku/	/pɾɐ.ˈti.kuʃ/	/pɾɐ.ˈti.ka/	/pɾɐ.ˈti.ka.muʃ/	/pɾɐ.ˈti.kɐ̃w̃/		Português::Curso::A1 Português::Termina::-ar::-car Português::Verbos::Presente
ganhar + presente	ganhar	presente	Ganho	Ganhas	Ganha	Ganhamos	Ganham	/ˈɡɐ.ɲu/	/ˈɡɐ.ɲɐʃ/	/ˈɡɐ.ɲɐ/	/ˈɡɐ.ɲɐ.muʃ/	/ˈɡɐ.ɲɐ̃w̃/		Português::Curso::A1 Português::Termina::-ar::-anhar Português::Verbos::Presente
acordar + presente	acordar (despertarse)	presente	Acordo	Acordas	Acorda	Acordamos	Acordam	/ɐ.ˈkoɾ.du/	/ɐ.ˈkoɾ.dɐʃ/	/ɐ.ˈkoɾ.dɐ/	/ɐ.ˈkoɾ.dɐ.muʃ/	/ɐ.ˈkoɾ.dɐ̃w̃/		Português::Curso::A1 Português::Termina::-ar Português::Termina::-ar::-dar Português::Verbos::Presente
apanhar + presente	apanhar (agarrar, tomar)	presente	Apanho	Apanhas	Apanha	Apanhamos	Apanham	/ɐ.ˈpɐ.ɲu/	/ɐ.ˈpɐ.ɲɐʃ/	/ɐ.ˈpɐ.ɲɐ/	/ɐ.ˈpɐ.ɲɐ.muʃ/	/ɐ.ˈpɐ.ɲɐ̃w̃/		Português::Curso::A1 Português::Termina::-ar::-anhar Português::Verbos::Presente
estudar + presente	estudar	presente	Estudo	Estudas	Estuda	Estudamos	Estudam	/ɨʃ.ˈtu.du/	/ɨʃ.ˈtu.duʃ/	/ɨʃ.ˈtu.dɐ/	/ɨʃ.ˈtu.dɐ.muʃ/	/ɨʃ.ˈtu.dɐ̃w̃/		Português::Curso::A1 Português::Termina::-ar Português::Termina::-ar::-dar Português::Verbos::Presente
ficar + presente	ficar (quedarse)	presente	Fico	Ficas	Fica	Ficamos	Ficam	/ˈfi.ku/	/ˈfi.kuʃ/	/ˈfi.ka/	/ˈfi.ka.muʃ/	/ˈfi.kɐ̃w̃/		Português::Curso::A1 Português::Termina::-ar::-car Português::Verbos::Presente
começar + presente	começar	presente	Começo	Começas	Começa	Começamos	Começam	/ku.ˈmɛ.su/	/ku.ˈmɛ.suʃ/	/ku.ˈmɛ.sɐ/	/ku.ˈmɛ.sɐ.muʃ/	/ku.ˈmɛ.sɐ̃w̃/		Português::Curso::A1 Português::Termina::-ar::-çar Português::Verbos::Presente
girar + presente	girar	presente	Giro	Giras	Gira	Giramos	Giram	/ˈʒi.ɾu/	/ˈʒi.ɾuʃ/	/ˈʒi.ɾɐ/	/ˈʒi.ɾɐ.muʃ/	/ˈʒi.ɾɐ̃w̃/		Português::Curso::A1 Português::Termina::-ar::-rar::-irar Português::Verbos::Presente
pagar + presente	pagar	presente	Pago	Pagas	Paga	Pagamos	Pagam	/ˈpa.ɡu/	/ˈpa.ɡuʃ/	/ˈpa.ɡɐ/	/ˈpa.ɡɐ.muʃ/	/ˈpa.ɡɐ̃w̃/		Português::Curso::A1 Português::Termina::-ar Português::Termina::-ar::-gar Português::Verbos::Presente
ensinar + presente	ensinar (enseñar)	presente	Ensino	Ensinas	Ensina	Ensinamos	Ensinam	/ẽ.si.ˈnu/	/ẽ.si.ˈnuʃ/	/ẽ.si.ˈna/	/ẽ.si.ˈna.muʃ/	/ẽ.si.ˈnɐ̃w̃/		Português::Curso::A1 Português::Termina::-ar::-nar Português::Verbos::Presente
levantar + presente	levantar	presente	Levanto	Levantas	Levanta	Levantamos	Levantam	/lɨ.ˈvã.tu/	/lɨ.ˈvã.tuʃ/	/lɨ.ˈvã.tɐ/	/lɨ.ˈvã.tɐ.muʃ/	/lɨ.ˈvã.tɐ̃w̃/		Português::Curso::A1 Português::Termina::-ar::-tar::-antar Português::Verbos::Presente
tocar + presente	tocar	presente	Toco	Tocas	Toca	Tocamos	Tocam	/ˈtoku/	/ˈtɔkɐʃ/	/ˈtɔkɐ/	/toˈkɐmuʃ/	/toˈkɐ̃m/		Português::Curso::A1 Português::Termina::-ar::-car Português::Verbos::Presente
andar + presente	andar	presente	Ando	Andas	Anda	Andamos	Andam	/ˈã.du/	/ˈã.duʃ/	/ˈã.da/	/ˈã.da.muʃ/	/ˈã.dɐ̃w̃/		Português::Curso::A1 Português::Termina::-ar Português::Termina::-ar::-dar Português::Verbos::Presente
lavar + presente	lavar	presente	Lavo	Lavas	Lava	Lavamos	Lavam	/ˈlavu/	/ˈlavɐʃ/	/ˈlavɐ/	/laˈvɐmuʃ/	/laˈvɐ̃m/		Português::Curso::A1 Português::Termina::-ar Português::Verbos::Presente
usar + presente	usar	presente	Uso	Usas	Usa	Usamos	Usam	/ˈu.zu/	/ˈu.zuʃ/	/ˈu.za/	/ˈu.za.muʃ/	/ˈu.zɐ̃w̃/		Português::Curso::A1 Português::Termina::-ar::-sar Português::Verbos::Presente
acabar + presente	acabar	presente	Acabo	Acabas	Acaba	Acabamos	Acabam	/ɐ.ˈka.bu/	/ɐ.ˈka.buʃ/	/ɐ.ˈka.ba/	/ɐ.ˈka.ba.muʃ/	/ɐ.ˈka.bɐ̃w̃/		Português::Curso::A1 Português::Termina::-ar Português::Verbos::Presente
encontrar + presente	encontrar	presente	Encontro	Encontras	Encontra	Encontramos	Encontram	ẽ.ˈkõ.tɾu/	ẽ.ˈkõ.tɾuʃ/	ẽ.ˈkõ.tɾɐ/	ẽ.ˈkõ.tɾɐ.muʃ/	ẽ.ˈkõ.tɾɐ̃w̃/		Português::Curso::A1 Português::Termina::-ar::-trar Português::Verbos::Presente
pensar + presente	pensar	presente	Penso	Pensas	Pensa	Pensamos	Pensam	/ˈpẽ.su/	/ˈpẽ.suʃ/	/ˈpẽ.sɐ/	/ˈpẽ.sɐ.muʃ/	/ˈpẽ.sɐ̃w̃/		Português::Curso::A1 Português::Termina::-ar::-sar Português::Verbos::Presente
viajar + presente	viajar	presente	Viajo	Viajas	Viaja	Viajamos	Viajam	/ˈvi.ɐ.ʒu/	/ˈvi.ɐ.ʒuʃ/	/ˈvi.ɐ.ʒɐ/	/ˈvi.ɐ.ʒɐ.muʃ/	/ˈvi.ɐ.ʒɐ̃w̃/		Português::Curso::A1 Português::Termina::-ar::-jar Português::Verbos::Presente
beijar + presente	beijar	presente	Beijo	Beijas	Beija	Beijamos	Beijam	/ˈbɐi.ʒu/	/ˈbɐi.ʒuʃ/	/ˈbɐi.ʒɐ/	/ˈbɐi.ʒɐ.muʃ/	/ˈbɐi.ʒɐ̃w̃/		Português::Curso::A1 Português::Termina::-ar::-jar Português::Verbos::Presente
cantar + presente	cantar	presente	Canto	Cantas	Canta	Cantamos	Cantam	/ˈkɐ̃.tu/	/ˈkɐ̃.tuʃ/	/ˈkɐ̃.tɐ/	/ˈkɐ̃.tɐ.muʃ/	/ˈkɐ̃.tɐ̃w̃/		Português::Curso::A1 Português::Termina::-ar::-tar::-antar Português::Verbos::Presente
chamar + presente	chamar	presente	Chamo	Chamas	Chama	Chamamos	Chamam	/ˈʃɐ.mu/	/ˈʃɐ.muʃ/	/ˈʃɐ.mɐ/	/ˈʃɐ.mɐ.muʃ/	/ˈʃɐ.mɐ̃w̃/		Português::Curso::A1 Português::Termina::-ar::-mar Português::Verbos::Presente
achar + presente	achar (pensar)	presente	Acho	Achas	Acha	Achamos	Acham	/ˈɐ.ʃu/	/ˈɐ.ʃɐʃ/	/ˈɐ.ʃɐ/	/ˈɐ.ʃɐ.muʃ/	/ˈɐ.ʃɐ̃w̃/		Português::Curso::A1 Português::Termina::-ar::-char Português::Verbos::Presente
costumar + presente	costumar (soler)	presente	Costumo	Costumas	Costuma	Costumamos	Costumam	/kuʃ.ˈtu.mu/	/kuʃ.ˈtu.muʃ/	/kuʃ.ˈtu.mɐ/	/kuʃ.ˈtu.mɐ.muʃ/	/kuʃ.ˈtu.mɐ̃w̃/		Português::Curso::A1 Português::Termina::-ar::-mar Português::Verbos::Presente
dançar + presente	dançar	presente	Danço	Danças	Dança	Dançamos	Dançam	/dɐ̃j.ˈsu/	/dɐ̃j.ˈsuʃ/	/dɐ̃j.ˈsɐ/	/dɐ̃j.ˈsɐ.muʃ/	/dɐ̃j.ˈsɐ̃w̃/		Português::Curso::A1 Português::Termina::-ar::-çar Português::Verbos::Presente
deixar + presente	deixar	presente	Deixo	Deixas	Deixa	Deixamos	Deixam	/ˈdɐj.ʃu/	/ˈdɐj.ʃuʃ/	/ˈdɐj.ʃɐ/	/ˈdɐj.ʃɐ.muʃ/	/ˈdɐj.ʃɐ̃w̃/		Português::Curso::A1 Português::Termina::-ar Português::Termina::-ar::-xar Português::Verbos::Presente
ligar + presente	ligar	presente	Ligo	Ligas	Liga	Ligamos	Ligam	/ˈli.ɡu/	/ˈli.ɡuʃ/	/ˈli.ɡɐ/	/ˈli.ɡɐ.muʃ/	/ˈli.ɡɐ̃w̃/		Português::Curso::A1 Português::Termina::-ar Português::Termina::-ar::-gar Português::Verbos::Presente
pintar + presente	pintar	presente	Pinto	Pintas	Pinta	Pintamos	Pintam	/ˈpĩ.tu/	/ˈpĩ.tuʃ/	/ˈpĩ.tɐ/	/ˈpĩ.tɐ.muʃ/	/ˈpĩ.tɐ̃w̃/		Português::Curso::A1 Português::Termina::-ar Português::Verbos::Presente
precisar + presente	precisar (necesitar)	presente	Preciso	Precisas	Precisa	Precisamos	Precisam	/pɾɨ.ˈsi.zu/	/pɾɨ.ˈsi.zuʃ/	/pɾɨ.ˈsi.zɐ/	/pɾɨ.ˈsi.zɐ.muʃ/	/pɾɨ.ˈsi.zɐ̃w̃/		Português::Curso::A1 Português::Termina::-ar::-sar Português::Verbos::Presente
tirar + presente	tirar (qutar, sacar)	presente	Tiro	Tiras	Tira	Tiramos	Tiram	/ˈti.ɾu/	/ˈti.ɾuʃ/	/ˈti.ɾɐ/	/ˈti.ɾɐ.muʃ/	/ˈti.ɾɐ̃w̃/		Português::Curso::A1 Português::Termina::-ar::-rar::-irar Português::Verbos::Presente
ver + presente	ver	presente	Vejo	Vês	Vê	Vemos	Veem	/ˈvɛ.ʒu/	/vɛʃ/	/vɛ/	/ˈvɛ.muʃ/	/ˈvẽj̃/		Português::Curso::A1 Português::Verbos::Presente Português::Verbos::Dificiles Português::Verbos::Presente::Irregulares
saber + presente	saber	presente	Sei	Sabes	Sabe	Sabemos	Sabem	/'sɛj/	 /'sa.bɨʃ/	 /'sa.bɨ/	/sa.'be.muʃ/	/'sa.bẽ/		Português::Curso::A1 Português::Termina::-er Português::Verbos::Presente Português::Verbos::Dificiles Português::Verbos::Presente::Irregulares
estar + presente	estar	presente	Estou	Estás	Está	Estamos	Estão	/ɨʃˈtow̃/	/ɨʃˈtaws/	/ɨʃˈta/	/ɨʃtɐˈmuʃ/	/ɨʃˈtãw̃/		Português::Curso::A1 Português::Termina::-ar::-tar::-star Português::Verbos::Presente Português::Verbos::Dificiles Português::Verbos::Presente::Irregulares
ir + presente	ir	presente	Vou	Vais	Vai	Vamos	Vão	/ˈvow/	/ˈvajʃ/	/ˈvaj/	/ˈvɐ.muʃ/	/ˈvɐ̃w̃/		Português::Curso::A1 Português::Termina::-ir Português::Verbos::Presente Português::Verbos::Dificiles Português::Verbos::Presente::Irregulares
ter + presente	ter	presente	Tenho	Tens	Tem	Temos	Têm	/ˈtẽ.ɲu/	/'tẽʃ/	/'tẽ/	/'tɛ.muʃ/	/'tẽj/		Português::Curso::A1 Português::Termina::-er Português::Verbos::Presente Português::Verbos::Dificiles Português::Verbos::Presente::Irregulares
pedir + presente	pedir	presente	Peço	Pedes	Pede	Pedimos	Pedem	/ˈpɛsu/	/ˈpɛdɨʃ/	/ˈpɛdɨ/	/pɨˈdimuʃ/	/ˈpɛdẽj/		Português::Curso::A1 Português::Termina::-ir Português::Verbos::Presente Português::Verbos::Dificiles Português::Verbos::Presente::Irregulares
ouvir + presente	ouvir	presente	Ouço / Oiço	Ouves	Ouve	Ouvimos	Ouvem	/ˈow.so/,  /ˈoj.su/	/ˈow.vɨʃ/	/ˈow.vɨ/	/ow.ˈvi.muʃ/	/ˈow.vẽj/		Português::Curso::A1 Português::Termina::-ir Português::Verbos::Presente Português::Verbos::Dificiles Português::Verbos::Presente::Irregulares
dormir + presente	dormir	presente	Durmo	Dormes	Dorme	Dormimos	Dormem	/ˈduɾ.mu/	/ˈdoɾ.mɨʃ/	/ˈdoɾ.mɨ/	/doɾ.ˈmi.muʃ/	/ˈdoɾ.mẽj/		Português::Curso::A1 Português::Termina::-ir Português::Verbos::Presente Português::Verbos::Dificiles Português::Verbos::Presente::Irregulares
subir + presente	subir	presente	Subo	Sobes	Sobe	Subimos	Sobem	/ˈsu.bu/	/ˈsu.buʃ/	/ˈsu.bɐ/	/ˈsu.bɐ.muʃ/	/ˈsu.bɐ̃w̃/		Português::Curso::A1 Português::Termina::-ir Português::Verbos::Presente Português::Verbos::Dificiles Português::Verbos::Presente::Irregulares
fugir + presente	fugir	presente	Fujo	Fuges	Foge	Fugimos	Fugem	/ˈfu.ʒu/	/ˈfu.ʒɨʃ/	/ˈfo.ʒɨ/	/fu.ˈʒi.muʃ/	/ˈfo.ʒẽj̃/		Português::Curso::A1 Português::Termina::-ir Português::Termina::-ir::-gir Português::Verbos::Presente Português::Verbos::Dificiles Português::Verbos::Presente::Irregulares
vir + presente	vir	presente	Venho	Vens	Vem	Vimos	Vêm	/ˈvẽ.ɲu/	/ˈvẽ.ɲus/	/ˈvẽ/	/ˈvi.muʃ/	/ˈvẽw̃/		Português::Curso::A1 Português::Termina::-ir Português::Verbos::Presente Português::Verbos::Dificiles Português::Verbos::Presente::Irregulares
rir + presente	rir	presente	Rio	Ris	Ri	Rimos	Riem	/ʁiˈu/	/ʁis/	/ʁi/	/ʁiˈmuʃ/	/ʁiˈẽj̃/		Português::Curso::A1 Português::Termina::-ir Português::Verbos::Presente Português::Verbos::Dificiles Português::Verbos::Presente::Irregulares
medir + presente	medir	presente	Meço	Medes	Mede	Medimos	Medem	/ˈmɛ.su/	/ˈmɛ.dɨʃ/	/ˈmɛ.dɨ/	/ˈmɛ.di.muʃ/	/ˈmɛ.dẽj̃/		Português::Curso::A1 Português::Termina::-ir Português::Verbos::Presente Português::Verbos::Dificiles Português::Verbos::Presente::Irregulares
dar + presente	dar	presente	Dou	Dás	Dá	Damos	Dão	/ˈdow̃/	/ˈdaws/	/ˈda/	/ˈda.muʃ/	/dãw̃/		Português::Curso::A1 Português::Termina::-ar Português::Termina::-ar::-dar Português::Verbos::Presente Português::Verbos::Dificiles Português::Verbos::Presente::Irregulares
entrar + presente	entrar	presente	Entro	Entras	Entra	Entramos	Entram	/ˈẽ.tɾu/	/ˈẽ.tɾus/	/ˈẽ.tɾɐ/	/ˈẽ.tɾɐ.muʃ/	/ẽˈtɾãw̃/		Português::Curso::A1 Português::Termina::-ar::-trar Português::Verbos::Presente
arranjar + presente	arranjar (ordenar)	presente	Arranjo	Arranjas	Arranja	Arranjamos	Arranjam	/ɐˈʁɐ̃.ʒu/	/ɐˈʁɐ̃.ʒus/	/ɐˈʁɐ̃.ʒɐ/	/ɐˈʁɐ̃.ʒɐ.muʃ/	/ɐˈʁɐ̃.ʒãw̃/		Português::Curso::A1 Português::Termina::-ar::-jar Português::Verbos::Presente
assombrar + presente	assombrar (perseguir, aparecerse, dejar pasmado)	presente	Assombro	Assombras	Assombra	Assombramos	Assombram	/ɐˈsom.bɾu/	/ɐˈsom.bɾus/	/ɐˈsom.bɾɐ/	/ɐˈsom.bɾɐ.muʃ/	/ɐˈsom.bɾãw̃/		Português::Curso::A1 Português::Termina::-ar Português::Verbos::Presente
chamar-se + presente	chamar-se	presente	Chamo-me	Chamas-te	Chama-se	Chamamo-nos	Chamam-se	/ˈʃɐ.mu mi/	/ˈʃɐ.mɐs ti/	/ʃɐˈmɐ.se/	/ʃɐ.mɐˈmu nus/	/ʃɐˈmɐ̃w̃ se/		Português::Curso::A1 Português::Termina::-ar::-mar Português::Verbos::Presente Português::Verbos::Reflexos
esquecer-se + presente	esquecer-se	presente	Esqueço-me	Esqueces-te	Esquece-se	Esquecemo-nos	Esquecem-se	/ɨʃˈke.su mi/	/ɨʃˈke.sɐs ti/	/ɨʃˈke.sɨ.se/	/ɨʃˈke.se.mu nus/	/ɨʃˈke.sẽw̃ se/		Português::Curso::A1 Português::Termina::-er::-ecer Português::Verbos::Presente Português::Verbos::Reflexos
vestir-se + presente	vestir-se	presente	Visto-me	Vestes-te	Veste-se	Vestimo-nos	Vestem-se	/ˈviʃ.tu mi/	/ˈviʃ.tɐs ti/	/ˈviʃ.tɨ.se/	/ˈviʃ.ti.mu nus/	/ˈviʃ.tẽw̃ se/		Português::Curso::A1 Português::Termina::-ir Português::Verbos::Dificiles Português::Verbos::Presente::Irregulares Português::Verbos::Reflexos
despir-se + presente	despir-se	presente	Dispo-me	Despes-te	Despe-se	Despimo-nos	Despem-se	/dɨʃˈpɔ mɨ/	/ˈdeʃ.pɨʃ tɨ/	/ˈdeʃ.pɨ sɨ/	/deʃ.pɨˈmu nuʃ/	/deʃˈpẽ sɨ/		Português::Curso::A1 Português::Termina::-ir Português::Verbos::Presente Português::Verbos::Dificiles Português::Verbos::Reflexos
levantar-se + presente	levantar-se	presente	Levanto-me	Levantas-te	Levanta-se	Levantamo-nos	Levantam-se	/lɨˈvã tu mi/	/lɨˈvã.tɐs ti/	/lɨˈvã.tu.se/	/lɨˈvã.tu.mu nus/	/lɨˈvã.tẽw̃ se/		Português::Curso::A1 Português::Termina::-ar::-tar::-antar Português::Verbos::Presente Português::Verbos::Reflexos
sentar-se + presente	sentar-se	presente	Sento-me	Sentas-te	Senta-se	Sentamo-nos	Sentam-se	/ˈsẽ tu mi/	/ˈsẽ.tɐs ti/	/ˈsẽ.tu.se/	/ˈsẽ.tu.mu nus/	/ˈsẽ.tẽw̃ se/		Português::Curso::A1 Português::Termina::-ar Português::Verbos::Presente Português::Verbos::Reflexos
deitar-se + presente	deitar-se	presente	Deito-me	Deitas-te	Deita-se	Deitamo-nos	Deitam-se	/ˈdej.tu mi/	/ˈdej.tɐs ti/	/ˈdej.tu.se/	/ˈdej.tu.mu nus/	/ˈdej.tẽw̃ se/		Português::Curso::A1 Português::Termina::-ar Português::Termina::-ar::-tar::-eitar Português::Verbos::Presente Português::Verbos::Reflexos
sentir-se + presente	sentir-se	presente	Sinto-me	Sentes-te	Sente-se	Sentimo-nos	Sentem-se	/ˈsĩ tu mi/	/ˈsĩ.tɐs ti/	/ˈsĩ.tu.se/	/ˈsĩ.tu.mu nus/	/ˈsĩ.tẽw̃ se/		Português::Curso::A1 Português::Termina::-ir Português::Verbos::Dificiles Português::Verbos::Presente::Irregulares Português::Verbos::Reflexos
lembrar-se + presente	lembrar-se	presente	Lembro-me	Lembras-te	Lembra-se	Lembramo-nos	Lembram-se	/ˈlẽ bɾu mi/	/ˈlẽ.bɾɐs ti/	/ˈlẽ.bɾu.se/	/ˈlẽ.bɾu.mu nus/	/ˈlẽ.bɾẽw̃ se/		Português::Curso::A1 Português::Termina::-ar Português::Verbos::Presente Português::Verbos::Reflexos
lavar-se + presente	lavar-se	presente	Lavo-me	Lavas-te	Lava-se	Lavamo-nos	Lavam-se	/ˈla.vu mi/	/ˈla.vɐs ti/	/ˈla.vu.se/	/ˈla.vu.mu nus/	/ˈla.vũw̃ se/		Português::Curso::A1 Português::Termina::-ar Português::Verbos::Presente Português::Verbos::Reflexos
telefonar + presente	telefonar	presente	Telefono	Telefonas	Telefona	Telefonamos	Telefonam	/tɛ.lɛˈfɔ.nu/	/tɛ.lɛ.foˈnas/	/tɛ.lɛ.foˈna/	/tɛ.lɛ.fo.naˈmus/	/tɛ.lɛ.fo.ˈnãw̃/		Português::Curso::A1 Português::Termina::-ar::-nar Português::Verbos::Presente
poupar + presente	poupar (ahorrar, perdonar)	presente	Poupo	Poupas	Poupa	Poupamos	Poupam	/'powpu/	/'powpɐʃ/	/'powpɐ/	/'powpɐmuʃ/	/'powpɐ̃/		Português::Curso::A1 Português::Termina::-ar::-upar Português::Verbos::Presente
poupar-se + presente	poupar-se (escaquearse)	presente	Poupo-me	Poupas-te	Poupa-se	Poupamo-nos	Poupam-se	/'powpu mɛ/	/'powpɐʃ tɛ/	/'powpɐ sɛ/	/'powpɐmu nuʃ/	/'powpɐ̃ sɛ/		Português::Curso::A1 Português::Termina::-ar::-upar Português::Verbos::Presente Português::Verbos::Reflexos
machucar + presente	machucar (lastimar)	presente	Machuco	Machucas	Machuca	Machucamos	Machucam	/maˈʃuku/	/mɐˈʃukɐʃ/	/mɐˈʃukɐ/	/mɐʃuˈkɐmuʃ/	/mɐʃuˈkɐ̃/		Português::Curso::A1 Português::Termina::-ar::-car Português::Verbos::Presente
machucar-se + presente	machucar-se (lastimarse)	presente	Machuco-me	Machucas-te	Machuca-se	Machucamo-nos	Machucam-se	/maˈʃuku mɛ/	/mɐˈʃukɐʃ tɛ/	/mɐˈʃukɐ sɛ/	/mɐʃuˈkɐmu nuʃ/	/mɐʃuˈkɐ̃ sɛ/		Português::Curso::A1 Português::Termina::-ar::-car Português::Verbos::Presente Português::Verbos::Reflexos
interpretar + presente	interpretar	presente	Interpreto	Interpretas	Interpreta	Interpretamos	Interpretam	/ĩtɛrpɾɛˈtu/	/ĩtɛrpɾɛˈtas/	/ĩtɛɾpɾɛˈta/	/ĩtɛɾpɾɛtɐˈmuʃ/	/ĩtɛɾpɾɛˈtɐ̃tɐ̃/		Português::Curso::A1 Português::Termina::-ar Português::Verbos::Presente
combinar + presente	combinar (acordar, pactar)	presente	Combino	Combinas	Combina	Combinamos	Combinam	/kõˈbinu/	/kõˈbinɐʃ/	/kõˈbina/	/kõbinaˈmuʃ/	/kõbiˈnɐ̃/		Português::Curso::A1 Português::Termina::-ar::-nar Português::Verbos::Presente
convidar + presente	convidar (invitar)	presente	Convido	Convidas	Convida	Convidamos	Convidam	/kõˈvidu/	/kõˈvidɐʃ/	/kõˈvidɐ/	/kõviˈdɐmuʃ/	/kõviˈdɐ̃m/		Português::Curso::A1 Português::Termina::-ar Português::Termina::-ar::-dar Português::Verbos::Presente
arranjar-se + presente	arranjar-se (arreglarse)	presente	Arranjo-me	Arranjas-te	Arranja-se	Arranjamo-nos	Arranjam-se	/aˈʁãʒu mɛ/	/ɐˈʁãʒɐʃ tɛ/	/ɐˈʁãʒɐ sɛ/	/ɐʁɐ̃ˈʒɐmu nuʃ/	/ɐʁɐ̃ˈʒɐ̃ sɛ/		Português::Curso::A1 Português::Termina::-ar::-jar Português::Verbos::Presente Português::Verbos::Reflexos
empurrar + presente	empurrar (empujar)	presente	Empurro	Empurras	Empurra	Empurramos	Empurram	/ẽˈpuʁu/	/ẽˈpuraʃ/	/ẽˈpura/	/ẽpuˈʁɐmuʃ/	/ẽpuˈʁɐ̃/		Português::Curso::A1 Português::Termina::-ar Português::Verbos::Presente
puxar + presente	puxar (tirar de, jalar)	presente	Puxo	Puxas	Puxa	Puxamos	Puxam	/ˈpuʃu/	/ˈpuʃɐʃ/	/ˈpuʃɐ/	/puˈʃɐmuʃ/	/puˈʃɐ̃/		Português::Curso::A1 Português::Termina::-ar Português::Termina::-ar::-xar Português::Verbos::Presente
investigar + presente	investigar	presente	Investigo	Investigas	Investiga	Investigamos	Investigam	/ĩvɛʃtiˈgu/	/ĩvɛʃtiˈgaʃ/	/ĩvɛʃtiˈga/	/ĩvɛʃtigaˈmuʃ/	/ĩvɛʃtiɡˈɐ̃m/		Português::Curso::A1 Português::Termina::-ar Português::Termina::-ar::-gar Português::Verbos::Presente
mudar + presente	mudar (cambiar)	presente	Mudo	Mudas	Muda	Mudamos	Mudam	/ˈmudu/	/ˈmudɐʃ/	/ˈmudɐ/	/muˈdɐmuʃ/	/muˈdɐ̃m/		Português::Curso::A1 Português::Termina::-ar Português::Termina::-ar::-dar Português::Verbos::Presente
esquentar + presente	esquentar (calentar)	presente	Esquento	Esquentas	Esquenta	Esquentamos	Esquentam	/ɛʃˈkẽtu/	/ɛʃˈkẽtɐʃ/	/ɛʃˈkẽtɐ/	/ɛʃˈkẽtɐmuʃ/	/ɛʃˈkẽtɐ̃m/		Português::Curso::A1 Português::Termina::-ar Português::Verbos::Presente
tratar + presente	tratar	presente	Trato	Tratas	Trata	Tratamos	Tratam	/ˈtɾatu/	/ˈtɾatɐʃ/	/ˈtɾata/	/tɾaˈtɐmuʃ/	/tɾɐˈtɐ̃m/		Português::Curso::A1 Português::Termina::-ar Português::Verbos::Presente
correr + presente	correr	presente	Corro	Corres	Corre	Corremos	Correm	/ˈko.ʁu/	/ˈko.ʁɨʃ/	/ˈko.ʁɨ/	/koˈʁɛ.muʃ/	/ˈko.ʁẽj̃/		Português::Curso::A1 Português::Termina::-er Português::Verbos::Presente
aceitar + presente	aceitar (aceptar)	presente	Aceito	Aceitas	Aceita	Aceitamos	Aceitam	/aˈsɛitu/	/ɐˈsɛitɐʃ/	/ɐˈsɛitɐ/	/ɐsɛiˈtamuʃ/	/ɐsɛiˈtɐ̃m/		Português::Curso::A1 Português::Termina::-ar Português::Termina::-ar::-tar::-eitar Português::Verbos::Presente
lavar + presente	lavar	presente	Lavo	Lavas	Lava	Lavamos	Lavam	/ˈlavu/	/ˈlavɐʃ/	/ˈlavɐ/	/laˈvɐmuʃ/	/laˈvɐ̃m/		Português::Curso::A1 Português::Termina::-ar Português::Verbos::Presente
afagar + presente	afagar (acariciar)	presente	Afago	Afagas	Afaga	Afagamos	Afagam	/aˈfaɡu/	/ɐˈfaɡɐʃ/	/ɐˈfaɡɐ/	/aˈfaɡɐmuʃ/	/aˈfaɡɐ̃m/		Português::Curso::A1 Português::Termina::-ar Português::Termina::-ar::-gar Português::Verbos::Presente
encontrar-se + presente	encontrar-se	presente	Encontro-me	Encontras-te	Encontra-se	Encontramo-nos	Encontram-se	/ẽˈkõtuɾu mɛ/	/ẽˈkõtɾɐʃ tɛ/	/ẽˈkõtɾɐ sɛ/	/ẽkõˈtɾɐmu nuʃ/	/ẽkõˈtɾɐ̃ sɛ/		Português::Curso::A1 Português::Termina::-ar::-trar Português::Verbos::Presente Português::Verbos::Reflexos
afastar-se + presente	afastar-se (apartarse, alejarse)	presente	Afasto-me	Afastas-te	Afasta-se	Afastamo-nos	Afastam-se	/aˈfastu mɛ/	/ɐˈfastɐʃ tɛ/	/ɐˈfastɐ sɛ/	/aˈfastɐmu nuʃ/	/aˈfastɐ̃ sɛ/		Português::Curso::A1 Português::Termina::-ar::-tar::-star Português::Verbos::Presente Português::Verbos::Reflexos
pegar + presente	pegar (coger, tomar)	presente	Pego	Pegas	Pega	Pegamos	Pegam	/ˈpe.ɡu/	/ˈpe.ɡɐʃ/	/ˈpe.ɡɐ/	/pe.ˈɡa.muʃ/	/ˈpe.ɡɐ̃j/		Português::Curso::A1 Português::Termina::-ar Português::Termina::-ar::-gar Português::Verbos::Presente
sumir + presente	sumir (irse, desaparecer)	presente	Sumo	Sumes	Some	Sumimos	Sumem	/ˈsu.mu/	/ˈsu.mɨʃ/	/ˈsu.mɨ/	/su.ˈmi.muʃ/	/ˈsu.mẽj/		Português::Curso::A1 Português::Termina::-ir Português::Termina::-ir::-mir Português::Verbos::Presente
Crer + presente	Crer	presente	Creio	Crês	Crê	Cremos	Creem	/ˈkɾɐj.u/	/ˈkɾeʃ /	/ˈkɾe /	/ˈkɾe.muʃ/	/ˈkɾe.ɐ̃j/		Português::Curso::A1 Português::Termina::-er Português::Verbos::Dificiles Português::Verbos::Presente::Irregulares
Ler + presente	Ler	presente	Leio	Lês	Lê	Lemos	Leem	/ˈlɐju/	/ˈlɛʃ/	/ˈlɛ/	/ˈlɛmuʃ/	/ˈlɛ.ẽj/		Português::Curso::A1 Português::Termina::-er Português::Verbos::Dificiles Português::Verbos::Presente::Irregulares
Querer + presente	Querer	presente	Quero	Queres	Quer	Queremos	Querem	/ˈke.ɾu/	/ˈke.ɾɨʃ/	/ˈkeɾ/	/kɨ.ˈɾe.muʃ/	/ˈke.ɾɐ̃j/		Português::Curso::A1 Português::Termina::-er Português::Verbos::Dificiles Português::Verbos::Presente::Irregulares
Fazer + presente	Fazer	presente	Faço	Fazes	Faz	Fazemos	Fazem	/ˈfa.su/	/ˈfa.zɨʃ/	/ˈfaʃ/	/fɐ.ˈze.muʃ/	/ˈfa.zɐ̃j/		Português::Curso::A1 Português::Termina::-er::-zer Português::Verbos::Dificiles Português::Verbos::Presente::Irregulares
Dizer + presente	Dizer	presente	Digo	Dizes	Diz	Dizemos	Dizem	/ˈdi.gu/	/ˈdi.zɨʃ/	/ˈdiʃ/	/di.ˈze.muʃ/	/ˈdi.zɐ̃j/		Português::Curso::A1 Português::Termina::-er::-zer Português::Verbos::Dificiles Português::Verbos::Presente::Irregulares
Trazer + presente	Trazer	presente	Trago	Traes	Trae	Traemos	Traem	/ˈtɾa.gu/	/ˈtɾa.ɨʃ/	/ˈtɾa.i/	/tɾɐ.ˈe.muʃ/	/ˈtɾa.ɐ̃j/		Português::Curso::A1 Português::Termina::-er::-zer Português::Verbos::Dificiles Português::Verbos::Presente::Irregulares
Pôr + presente	Pôr	presente	Ponho	Pões	Põe	Pomos	Põem	/ˈpo.ɲu/	/ˈpõjʃ/	/ˈpõj/	/ˈpo.muʃ/	/ˈpõɐ̃j/		Português::Curso::A1 Português::Termina::-or Português::Verbos::Dificiles Português::Verbos::Presente::Irregulares
Poder + presente	Poder	presente	Posso	Podes	Pode	Podemos	Podem	/ˈpo.su/	/ˈpo.dɨʃ/	/ˈpo.dɨ/	/pu.ˈde.muʃ/	/ˈpo.dɐ̃j/		Português::Curso::A1 Português::Termina::-er Português::Verbos::Dificiles Português::Verbos::Presente::Irregulares
Perder + presente	Perder	presente	Perco	Perdes	Perde	Perdemos	Perdem	/ˈpeɾ.ku/	/ˈpeɾ.dɨʃ/	/ˈpeɾ.dɨ/	/pɨɾ.ˈde.muʃ/	/ˈpeɾ.dɐ̃j/		Português::Curso::A1 Português::Termina::-er Português::Verbos::Dificiles Português::Verbos::Presente::Irregulares
Ser + presente	Ser	presente	Sou	És	É	Somos	São	/ˈso/	/ˈɛʃ/	/ˈɛ/	/ˈso.muʃ/	/ˈsɐ̃w/		Português::Curso::A1 Português::Termina::-er Português::Verbos::Dificiles Português::Verbos::Presente::Irregulares
conduzir + presente	Conduzir	presente	Conduzo	Conduzes	Conduz	Conduzimos	Conduzem	/kõ.ˈdu.zu/	/kõ.ˈdu.zɨʃ/	/kõ.ˈduʃ/	/kõ.du.ˈzi.muʃ/	/kõ.ˈdu.zɐ̃j/		Português::Curso::A1 Português::Termina::-ir::-uzir Português::Verbos::Dificiles